1:1	Paulus|Paul ein|a Apostel|[Apostel] Jesu|Jesus Christi|Christ durch|by den|the Willen|will Gottes|god und|also Bruder|brother Timotheus|Timotheus der|the Gemeinde|church Gottes|god zu|by Korinth|Corinth samt|with allen|all Heiligen|[Heiligen] in|by ganz|all Achaja|[Achaja]
1:2	Gnade|grace sei|be mit|with euch|you und|also Friede|peace von|from Gott|god unserm|our Vater|Father und|also dem|the HERRN|Lord Jesus|Jesus Christus|Christ
1:3	Gelobet|blessed sei|be Gott|god und|also der|the Vater|Father unsers|our HERRN|Lord Jesu|Jesus Christi|Christ der|the Vater|Father der|the Barmherzigkeit|mercy und|also Gott|god alles|all Trostes|consolation
1:4	der|which uns|us tröstet|beseech in|on aller|all unsrer|our Trübsal|tribulation daß|into auch|also wir|us trösten|beseech können|able die|the da|then sind|are in|by allerlei|all Trübsal|tribulation mit|by dem|the Trost|consolation damit|which wir|we getröstet|comforted werden|beseech von|of Gott|god
1:5	Denn|that gleichwie|as wir|into des|of-the Leidens|suffering Christi|Christ viel|many haben|abound also|so werden|be wir|our auch|also reichlich|abound getröstet|consolation durch|by Christum|Christ
1:6	Wir|we haben|have aber|but Trübsal|distress oder|or Trost|[Trost] so|then geschieht|[geschieht] es|it euch|you zugute|[zugute] Ist|is s|or Trübsal|trouble so|then geschieht|[geschieht] es|it euch|your zu|for Trost|consolation und|also Heil|salvation welches|in-the Heil|which sich|himself beweist|work so|by ihr|you leidet|suffering mit|with Geduld|patience dermaßen|which wie|also wir|we leiden|suffer Ist|is s|or Trost|beseech so|then geschieht|[geschieht] auch|also das|the euch|your zu|for Trost|consolation und|also Heil|salvation
1:7	und|also unsre|our Hoffnung|hope steht|is fest|firmly für|for euch|your dieweil|since wir|we wissen|know daß|that wie|as ihr|you des|of-the Leidens|suffering teilhaftig|partaker seid|are so|so werdet|will ihr|you auch|also des|of-the Trostes|consolation teilhaftig|[teilhaftig] sein|his
1:8	Denn|and wir|we wollen|desire euch|you nicht|no verhalten|[verhalten] liebe|my Brüder|brothers unsre|for Trübsal|tribulation die|which uns|us in|by Asien|[Asien] widerfahren|[widerfahren] ist|be da|that wir|we über|over die|the Maßen|excellency beschwert|[beschwert] waren|after und|and über|for Macht|power also|wherefore daß|that wir|us auch|also am|on-the Leben|live verzagten|[verzagten]
1:9	und|and bei|by uns|himself beschlossen|delivered hatten|have wir|we müßten|[müßten] sterben|death Das|the geschah|happened aber|but darum|therefore damit|that wir|we unser|our Vertrauen|persuade nicht|lest auf|on uns|us selbst|himself sollen|shall stellen|persuade sondern|but auf|on Gott|god der|which die|the Toten|dead auferweckt|rise
1:10	welcher|which uns|us von|of solchem|so great Tode|death erlöst|redeemed hat|deliver und|also noch|still täglich|day-after-day erlöst|deliver und|and wir|we hoffen|trust auf|into ihn|which er|he werde|deliver uns|us auch|also hinfort|yet erlösen|deliver
1:11	durch|through Hilfe|[Hilfe] auch|also eurer|your Fürbitte|prayer für|for uns|our auf|on daß|that über|over uns|our für|for die|the Gabe|gift die|the uns|us gegeben|given ist|into durch|of viel|many Personen|face viel|by Dank|[Dank] geschehe|thank
1:12	Denn|and unser|our Ruhm|boasting ist|is dieser|this das|the Zeugnis|testimony unsers|our Gewissens|conscience daß|that wir|we in|by Einfalt|[Einfalt] und|also göttlicher|god Lauterkeit|[Lauterkeit] nicht|no in|by fleischlicher|carnal Weisheit|wisdom sondern|but in|by der|the Gnade|grace Gottes|god auf|by der|the Welt|world gewandelt|walked haben|have allermeist|exceedingly aber|and bei|unto euch|you
1:13	Denn|and wir|we schreiben|write euch|you nichts|no anderes|other als|when was|which ihr|you leset|gather und|or auch|also befindet|know Ich|I hoffe|trust aber|and ihr|you werdet|know uns|us auch|also bis|until ans|till Ende|end also|so befinden|know gleichwie|as ihr|you uns|us zum|as-a Teil|part befunden|[befunden] habt|know
1:14	Denn|that wir|we sind|are euer|your Ruhm|rejoicing gleichwie|as auch|also ihr|ye unser|our Ruhm|[Ruhm] seid|are auf|by des|of-the HERRN|Lord Jesu|Jesus Tag|day
1:15	Und|also auf|on solch|this Vertrauen|confidence gedachte|will ich|I jenes|that Mal|first zu|unto euch|you zu|to kommen|come auf|on daß|that ihr|you abermals|second eine|a Wohltat|grace empfinget|have
1:16	und|also ich|I durch|by euch|your nach|into Mazedonien|Macedonia reiste|pass und|also wiederum|again aus|from Mazedonien|Macedonia zu|unto euch|you käme|come und|also von|of euch|your geleitet|sent-off würde|accompany nach|into Judäa|Judaea
1:17	Bin|not ich|I aber|but leichtfertig|as gewesen|not da|which ich|I solches|this dachte|consult Oder|or sind|consult meine|my Anschläge|which fleischlich|after Nicht|not also|so sondern|that bei|of mir|me ist|be Ja|yea Ja|yea und|also Nein|no ist|is Nein|no
1:18	Aber|and o|[o] ein|a treuer|faithful Gott|god daß|that unser|our Wort|word an|unto euch|you nicht|no Ja|yea und|also Nein|no gewesen|been ist|be
1:19	Denn|and der|the Sohn|son Gottes|god Jesus|Jesus Christus|Christ der|which unter|by euch|you durch|by uns|our gepredigt|[gepredigt] ist|preach durch|by mich|me und|also Silvanus|[Silvanus] und|also Timotheus|Timotheus der|the war|be nicht|no Ja|yea und|also Nein|no sondern|but es|it war|be Ja|yea in|by ihm|him
1:20	Denn|and alle|whatsoever Gottesverheißungen|promise sind|are Ja|yea in|by ihm|him und|also sind|are Amen|[Amen] in|by ihm|him Gott|god zu|unto Lobe|glory durch|by uns|our
1:21	Gott|god ist|is s|[s] aber|and der|the uns|us befestigt|[befestigt] samt|with euch|you in|into Christum|Christ und|also uns|us gesalbt|anoint
1:22	und|also versiegelt|seal und|also in|by unsre|our Herzen|heart das|the Pfand|pledge den|the Geist|Spirit gegeben|given hat|give
1:23	Ich|I rufe|call aber|and Gott|god an|to zum|as-a Zeugen|witness auf|on meine|my Seele|soul daß|that ich|I euch|your verschont|withheld habe|spare in|in dem|the daß|that ich|I nicht|not wieder|after that gen|into Korinth|Corinth gekommen|come bin|come
1:24	Nicht|no daß|that wir|we Herren|lords seien|be über|lords euren|your Glauben|faith sondern|but wir|we sind|are Gehilfen|fellowlabourer eurer|your Freude|joy denn|and ihr|you stehet|stand im|in-the Glauben|faith
2:1	Ich|I dachte|judge aber|and solches|this bei|with mir|myself daß|that ich|I nicht|not abermals|again in|by Traurigkeit|sorrow zu|unto euch|you käme|come
2:2	Denn|and so|if ich|I euch|you traurig|troubled mache|grieve wer|what ist|is der|the mich|me fröhlich|merry mache|rejoice wenn|when nicht|but der|the da|then von|of mir|me betrübt|bitter wird|grieve
2:3	Und|also dasselbe|this habe|write ich|I euch|you geschrieben|write daß|that ich|I nicht|lest wenn|when ich|I käme|come über|over die|the traurig|sorrow sein|his müßte|have über|over welche|which ich|me mich|me billig|[billig] soll|must freuen|rejoice sintemal|since ich|I mich|me des|of-the zu|on euch|you allen|all versehe|persuade daß|that meine|my Freude|joy euer|your aller|all Freude|[Freude] sei|is
2:4	Denn|and ich|I schrieb|write euch|you in|of großer|many Trübsal|tribulation und|also Angst|distress des|of-the Herzens|heart mit|by viel|many Tränen|tear nicht|no daß|that ihr|you solltet|[solltet] betrübt|bitter werden|grieve sondern|but auf|on daß|that ihr|you die|the Liebe|my erkennet|know welche|which ich|I habe|have sonderlich|exceedingly zu|into euch|you
2:5	So|then aber|and jemand|whosoever eine|a Betrübnis|[Betrübnis] hat|has angerichtet|grieve der|the hat|grieve nicht|no mich|me betrübt|grieve sondern|but zum|as-a Teil|part auf|on daß|that ich|I nicht|lest zu|to viel|many sage|say euch|you alle|all
2:6	Es|it ist|is aber|but genug|many daß|that derselbe|such von|of vielen|more also|this gestraft|rebuked ist|is
2:7	daß|wherefore ihr|you nun|now hinfort|contrariwise ihm|him desto|[desto] mehr|more vergebet|forgive und|also ihn|him tröstet|beseech auf|on daß|that er|such nicht|lest in|in allzu|[allzu] große|more Traurigkeit|sorrow versinke|swallow
2:8	Darum|wherefore ermahne|beseech ich|I euch|you daß|that ihr|you die|the Liebe|my an|into ihm|him beweiset|confirm
2:9	Denn|and darum|into habe|write ich|I euch|you auch|also geschrieben|write daß|that ich|I erkennte|know ob|if ihr|your rechtschaffen|[rechtschaffen] seid|proof gehorsam|obedient zu|to sein|are in|into allen|all Stücken|all
2:10	Welchem|which aber|and ihr|you etwas|certain vergebet|forgive dem|the vergebe|[vergebe] ich|I auch|also Denn|and auch|also ich|I so|then ich|I etwas|whosoever vergebe|forgive jemand|which das|the vergebe|forgive ich|I um|for euretwillen|by an|by Christi|Christ Statt|face
2:11	auf|on daß|that wir|we nicht|lest übervorteilt|[übervorteilt] werden|be vom|from-the Satan|of denn|and uns|us ist|is nicht|no unbewußt|[unbewußt] was|what er|he im|in-the Sinn|mind hat|has
2:12	Da|then ich|I aber|and gen|into Troas|Troas kam|come zu|into predigen|call das|the Evangelium|gospel Christi|Christ und|also mir|me eine|a Tür|door aufgetan|opened war|was in|by dem|the HERRN|Lord
2:13	hatte|have ich|I keine|no Ruhe|rest in|in meinem|my Geist|Spirit da|then ich|me Titus|Titus meinen|my Bruder|brother nicht|not fand|find sondern|but ich|I machte|made meinen|my Abschied|[Abschied] mit|with ihnen|them und|and fuhr|went aus|come nach|into Mazedonien|Macedonia
2:14	Aber|and Gott|god sei|be gedankt|grace der|the uns|us allezeit|always Sieg|[Sieg] gibt|to triumph in|by Christo|Christ und|also offenbart|appear den|the Geruch|savour seiner|his Erkenntnis|knowledge durch|by uns|our an|by allen|all Orten|place
2:15	Denn|that wir|we sind|are Gott|god ein|a guter|skilled Geruch|sweet savour (smell Christi|Christ unter|by denen|them die|the selig|happy werden|save und|also unter|by denen|them die|the verloren|[verloren] werden|be
2:16	diesen|indeed ein|a Geruch|savour des|of-the Todes|death zum|into Tode|death jenen|which aber|and ein|a Geruch|savour des|of-the Lebens|life zum|into Leben|life Und|also wer|what ist|is hierzu|unto tüchtig|many
2:17	Denn|and wir|we sind|are nicht|no wie|as die|the vielen|many die|the das|the Wort|word Gottes|god verfälschen|[verfälschen] sondern|but als|as aus|of Lauterkeit|[Lauterkeit] und|and als|as aus|of Gott|god reden|speak wir|we vor|before Gott|god in|by Christo|Christ
3:1	Heben|[Heben] wir|we denn|for abermals|again an|to uns|us selbst|himself zu|to preisen|commend Oder|or bedürfen|need wir|we wie|as etliche|certain der|the Lobebriefe|epistle an|unto euch|you oder|or Lobebriefe|[Lobebriefe] von|of euch|your
3:2	Ihr|ye seid|are unser|our Brief|epistle in|by unser|our Herz|heart geschrieben|[geschrieben] der|the erkannt|know und|also gelesen|[gelesen] wird|will von|of allen|all Menschen|man
3:3	die|the ihr|you offenbar|[offenbar] geworden|become seid|appear daß|that ihr|you ein|a Brief|epistle Christi|Christ seid|are durch|of unsern|our Dienst|service zubereitet|serve und|and geschrieben|[geschrieben] nicht|no mit|with Tinte|[Tinte] sondern|but mit|with dem|the Geist|Spirit des|of-the lebendigen|live Gottes|god nicht|no in|by steinerne|of stone Tafeln|table sondern|but in|by fleischerne|[fleischerne] Tafeln|table des|of-the Herzens|heart
3:4	Ein|a solch|such Vertrauen|confidence aber|and haben|have wir|we durch|by Christum|Christ zu|unto Gott|god
3:5	Nicht|no daß|that wir|we tüchtig|many sind|are von|from uns|us selber|himself etwas|certain zu|to denken|think als|as von|of uns|us selber|himself sondern|but daß|that wir|our tüchtig|able sind|are ist|is von|of Gott|god
3:6	welcher|which auch|also uns|us tüchtig|able gemacht|made hat|make able das|the Amt|minister zu|to führen|carry des|of-the Neuen|new Testaments|covenant nicht|no des|of-the Buchstaben|letter sondern|but des|of-the Geistes|Spirit Denn|and der|the Buchstabe|letter tötet|[tötet] aber|and der|the Geist|Spirit macht|power lebendig|quicken
3:7	So|if aber|and das|the Amt|ministry das|the durch|through die|the Buchstaben|by tötet|death und|and in|by die|the Steine|stone gebildet|[gebildet] war|was Klarheit|by hatte|be also|wherefore daß|that die|the Kinder|son Israel|Israel nicht|not konnten|able ansehen|see das|the Angesicht|into Mose|[Mose] s|Moses um|by der|the Klarheit|glory willen|by seines|his Angesichtes|face die|which doch|please aufhört|destroy
3:8	wie|how sollte|ministry nicht|not viel|many mehr|more das|the Amt|ministry das|the den|the Geist|Spirit gibt|gives Klarheit|glory haben|be
3:9	Denn|and so|if das|the Amt|ministry das|the die|the Verdammnis|[Verdammnis] predigt|[predigt] Klarheit|glory hat|has wie|as viel|many mehr|more hat|has das|the Amt|ministry das|the die|the Gerechtigkeit|righteousness predigt|[predigt] überschwengliche|abound Klarheit|glory
3:10	Denn|and auch|also jenes|that Teil|share das|the verklärt|[verklärt] war|glorify ist|is nicht|neither für|for Klarheit|glorify zu|by achten|part gegen|for die|the überschwengliche|exceed Klarheit|glory
3:11	Denn|and so|if das|the Klarheit|by hatte|had das|the da|then aufhört|destroy wie|as viel|many mehr|more wird|will das|the Klarheit|by haben|have das|the da|then bleibt|abide
3:12	Dieweil|therefore wir|we nun|now solche|such Hoffnung|hope haben|have sind|are wir|we voll|use großer|many Freudigkeit|boldness
3:13	und|also tun|do nicht|no wie|as Mose|Moses der|the die|the Decke|covering vor|on sein|himself Angesicht|face hing|lay daß|unto die|the Kinder|son Israel|Israel nicht|not ansehen|see konnten|could das|the Ende|end des|of-the das|the aufhört|destroy
3:14	sondern|but ihre|their Sinne|mind sind|are verstockt|harden Denn|and bis|until auf|on den|the heutigen|this-day Tag|thisday bleibt|abide diese|these Decke|covering unaufgedeckt|not über|over dem|the alten|old Testament|covenant wenn|on sie|they es|it lesen|[lesen] welche|which in|by Christo|Christ aufhört|destroy
3:15	aber|but bis|until auf|on den|the heutigen|this-day Tag|thisday wenn|when Mose|Moses gelesen|[gelesen] wird|will hängt|lie die|the Decke|covering vor|lie ihrem|her Herzen|heart
3:16	Wenn|when es|it aber|and sich|himself bekehrte|turn zu|unto dem|the HERRN|Lord so|then würde|take away die|the Decke|covering abgetan|take away
3:17	Denn|and der|the HERR|Lord ist|is der|the Geist|Spirit wo|where aber|and der|the Geist|Spirit des|of-the HERRN|Lord ist|is da|there ist|is Freiheit|liberty
3:18	Nun|now aber|and spiegelt|[spiegelt] sich|himself in|in uns|we allen|all des|of-the HERRN|Lord Klarheit|glory mit|with aufgedecktem|[aufgedecktem] Angesicht|face und|and wir|we werden|be verklärt|transfigure in|in dasselbe|the Bild|image von|from einer|one Klarheit|glory zu|into der|the andern|glory als|as vom|from-the HERRN|Lord der|the der|the Geist|Spirit ist|is
4:1	Darum|by dieweil|since wir|have ein|a solch|this Amt|ministry haben|have wie|as uns|have compassion denn|have compassion Barmherzigkeit|have compassion widerfahren|have compassion ist|is so|then werden|faint wir|we nicht|no müde|exhausted
4:2	sondern|but meiden|[meiden] auch|also heimliche|secret Schande|disgrace und|and gehen|walk nicht|not mit|by Schalkheit|craftiness um|for fälschen|[fälschen] auch|neither nicht|not Gottes|god Wort|word sondern|but mit|with Offenbarung|[Offenbarung] der|the Wahrheit|faithfulness beweisen|commend wir|we uns|himself wohl|well an|unto aller|all Menschen|man Gewissen|conscience vor|before Gott|god
4:3	Ist|is nun|though unser|our Evangelium|gospel verdeckt|cover so|then ist|is s|is in|by denen|them die|the verloren|[verloren] werden|be verdeckt|cover
4:4	bei|by welchen|which der|the Gott|god dieser|this Welt|earth der|the Ungläubigen|[Ungläubigen] Sinn|mind verblendet|blind hat|has daß|that sie|they nicht|into sehen|see das|the helle|glory Licht|light des|of-the Evangeliums|gospel von|Christ der|the Klarheit|[Klarheit] Christi|Christ welcher|which ist|is das|the Ebenbild|image Gottes|god
4:5	Denn|and wir|we predigen|preach nicht|no uns|himself selbst|himself sondern|but Jesum|Jesus Christum|Christ daß|that er|he sei|be der|the HERR|Lord wir|himself aber|and eure|your Knechte|servant um|for Jesu|Jesus willen|by
4:6	Denn|that Gott|god der|which da|then hieß|say das|the Licht|light aus|of der|the Finsternis|darkness hervorleuchten|shine der|the hat|shine einen|a hellen|[hellen] Schein|[Schein] in|by unsere|our Herzen|heart gegeben|unto daß|that durch|through uns|us entstünde|[entstünde] die|the Erleuchtung|[Erleuchtung] von|from der|the Erkenntnis|knowledge der|the Klarheit|glory Gottes|god in|by dem|the Angesichte|face Jesu|Jesus Christi|Christ
4:7	Wir|we haben|have aber|and solchen|this Schatz|treasure in|by irdischen|[irdischen] Gefäßen|vessel auf|on daß|that die|the überschwengliche|excellency Kraft|power sei|be Gottes|god und|also nicht|not von|of uns|our
4:8	Wir|we haben|trouble allenthalben|by Trübsal|trouble aber|but wir|we ängsten|[ängsten] uns|us nicht|no uns|us ist|is bange|distressed aber|but wir|we verzagen|[verzagen] nicht|no
4:9	wir|we leiden|[leiden] Verfolgung|persecute aber|but wir|we werden|be nicht|no verlassen|forsake wir|we werden|be unterdrückt|lay aber|but wir|we kommen|come nicht|no um|for
4:10	und|and tragen|bear  about allezeit|always das|the Sterben|deadness des|of-the HERRN|Lord Jesu|Jesus an|by unserm|our Leibe|body auf|on daß|that auch|also das|the Leben|life des|of-the HERRN|LORD Jesu|Jesus an|by unserm|our Leibe|body offenbar|appear werde|appear
4:11	Denn|for wir|we die|which wir|we leben|live werden|deliver immerdar|continually in|into den|the Tod|death gegeben|deliver um|for Jesu|Jesus willen|by auf|on das|that auch|also das|the Leben|life Jesu|Jesus offenbar|appear werde|appear an|by unserm|our sterblichen|mortal Fleische|flesh
4:12	Darum|wherefore ist|work nun|indeed der|the Tod|death mächtig|work in|by uns|us aber|and das|the Leben|life in|by euch|you
4:13	Dieweil|and wir|have aber|but denselbigen|[denselbigen] Geist|Spirit des|of-the Glaubens|faith haben|have nach|after dem|after das|the geschrieben|[geschrieben] steht|write “Ich|[“Ich] glaube|believe darum|wherefore rede|words ich|speak ”|[”] so|then glauben|believe wir|we auch|also darum|wherefore so|then reden|speak wir|we auch|also
4:14	und|and wissen|know daß|that der|rise so|then den|the HERRN|Lord Jesus|Jesus hat|has auferweckt|[auferweckt] wird|rise uns|us auch|also auferwecken|rise durch|by Jesum|Jesus und|also wird|present uns|us darstellen|present samt|with euch|you
4:15	Denn|and das|the geschieht|abound alles|all um|into euretwillen|by auf|on daß|that die|the überschwengliche|abound Gnade|grace durch|by vieler|more Danksagen|thanksgiving Gott|god reichlich|glory preise|[preise]
4:16	Darum|wherefore werden|faint wir|we nicht|no müde|faint sondern|but ob|though unser|our äußerlicher|without Mensch|man verdirbt|destroy so|then wird|will doch|please der|the innerliche|within von|from Tag|day zu|also Tag|day erneuert|[erneuert]
4:17	Denn|and unsre|our Trübsal|distress die|which zeitlich|[zeitlich] und|and leicht|easily ist|is schafft|work eine|a ewige|[ewige] und|and über|after alle|all Maßen|into wichtige|glory Herrlichkeit|glory
4:18	uns|our die|the wir|we nicht|not sehen|mark auf|mark das|the Sichtbare|[Sichtbare] sondern|but auf|on das|the Unsichtbare|[Unsichtbare] Denn|and was|what sichtbar|[sichtbar] ist|is das|the ist|is zeitlich|temporal was|what aber|and unsichtbar|not ist|is das|the ist|is ewig|[ewig]
5:1	Wir|know wissen|know aber|and so|if unser|our irdisch|earthly Haus|house dieser|this Hütte|tent zerbrochen|destroy wird|destroy daß|that wir|we einen|a Bau|edifying haben|have von|of Gott|god erbauet|[erbauet] ein|a Haus|house nicht|not mit|with Händen|hands gemacht|made das|the ewig|[ewig] ist|is im|by Himmel|heaven
5:2	Und|also darüber|by sehnen|groan wir|we uns|groan auch|also nach|our unsrer|our Behausung|house die|which vom|of Himmel|heaven ist|of und|and uns|us verlangt|long daß|that wir|we damit|thus überkleidet|[überkleidet] werden|be
5:3	so|if doch|also wo|where wir|we bekleidet|array und|and nicht|no bloß|naked erfunden|[erfunden] werden|find
5:4	Denn|also dieweil|and wir|being in|by der|the Hütte|tent sind|being sehnen|groan wir|we uns|groan und|and sind|are beschwert|[beschwert] sintemal|for wir|we wollten|desire lieber|more nicht|no entkleidet|strip sondern|but überkleidet|[überkleidet] werden|be auf|on daß|that das|the Sterbliche|mortal würde|would verschlungen|swallow von|of dem|the Leben|life
5:5	Der|the uns|us aber|and dazu|into bereitet|work das|the ist|is Gott|god der|which uns|us das|the Pfand|pledge den|the Geist|Spirit gegeben|given hat|give
5:6	So|therefore sind|are wir|always denn|for getrost|confident allezeit|[allezeit] und|and wissen|know daß|that dieweil|since wir|we im|by Leibe|body wohnen|dwell so|then wallen|[wallen] wir|we ferne|far vom|from-the HERRN|Lord
5:7	denn|and wir|we wandeln|walk im|by Glauben|faith und|and nicht|no im|by Schauen|shape
5:8	Wir|we sind|are aber|but getrost|confident und|and haben|have vielmehr|more Lust|please außer|except dem|of Leibe|body zu|to wallen|[wallen] und|also daheim|at-home zu|to sein|his bei|unto dem|the HERRN|Lord
5:9	Darum|wherefore fleißigen|[fleißigen] wir|strive uns|us auch|also wir|we sind|or daheim|at-home oder|or wallen|[wallen] daß|that wir|be ihm|him wohl|well gefallen|acceptably
5:10	Denn|and wir|us müssen|must alle|all offenbar|appear werden|be vor|before dem|the Richtstuhl|[Richtstuhl] Christi|Christ auf|on daß|that ein|a jeglicher|every empfange|receive nach|which dem|unto er|do gehandelt|done hat|do bei|by Leibesleben|body es|it sei|or gut|good oder|or böse|evil
5:11	Dieweil|therefore wir|we denn|for wissen|know daß|that der|the HERR|Lord zu|to fürchten|fear ist|is fahren|go wir|persuade schön|beautiful mit|with den|the Leuten|nations aber|and Gott|god sind|are wir|we offenbar|appear Ich|I hoffe|trust aber|and daß|also wir|we auch|also in|by eurem|your Gewissen|conscience offenbar|appear sind|appear
5:12	Wir|and loben|commend uns|himself nicht|no abermals|again bei|you euch|you sondern|but geben|give euch|you eine|a Ursache|[Ursache] zu|to rühmen|rejoicing von|from uns|our auf|for daß|that ihr|you habt|have zu|unto rühmen|[rühmen] wider|by die|glory so|then sich|himself nach|after dem|the Ansehen|face rühmen|[rühmen] und|also nicht|no nach|after dem|the Herzen|heart
5:13	Denn|and tun|do wir|we zu|bewitch viel|many so|then tun|do wir|we s|[s] Gott|god sind|are wir|we mäßig|soberly so|then sind|you wir|we euch|you mäßig|you
5:14	Denn|and die|the Liebe|my Christi|Christ dringt|throng in|throng uns|us also|so sintemal|this wir|this halten|judge daß|that so|if einer|one für|for alle|all gestorben|died ist|is so|then sind|are sie|they alle|all gestorben|died
5:15	und|also er|he ist|is darum|therefore für|for alle|all gestorben|died auf|on daß|that die|the so|then da|then leben|live hinfort|never nicht|no sich|himself selbst|himself leben|live sondern|but dem|the der|the für|for sie|they gestorben|died und|also auferstanden|[auferstanden] ist|rise
5:16	Darum|wherefore kennen|know wir|we von|from nun|now an|to niemand|nothing nach|after dem|after Fleisch|flesh und|though ob|and wir|we auch|also Christum|Christ gekannt|know haben|know nach|after dem|after Fleisch|flesh so|yet kennen|know wir|know ihn|him doch|now jetzt|was-giving-birth nicht|not mehr|after that
5:17	Darum|wherefore ist|is jemand|whosoever in|by Christo|Christ so|then ist|is er|he eine|a neue|new Kreatur|creature das|the Alte|[Alte] ist|is vergangen|pass siehe|behold es|it ist|be alles|all neu|new geworden|be
5:18	Aber|and das|the alles|all von|of Gott|god der|which uns|us mit|with ihm|him selber|himself versöhnt|reconcile hat|reconcile durch|by Jesum|Jesus Christum|Christ und|also das|the Amt|ministry gegeben|give das|the die|the Versöhnung|reconciliation predigt|[predigt]
5:19	Denn|as Gott|god war|was in|by Christo|Christ und|and versöhnte|reconcile die|the Welt|world mit|with ihm|him selber|himself und|and rechnete|think ihnen|them ihre|their Sünden|trespass nicht|not zu|to und|also hat|has unter|by uns|us aufgerichtet|lay das|the Wort|word von|from der|the Versöhnung|reconciliation
5:20	So|then sind|ambassador wir|we nun|therefore Botschafter|ambassador an|for Christi|Christ Statt|place denn|as Gott|god vermahnt|beseech durch|by uns|our so|then bitten|pray wir|pray nun|now an|to Christi|Christ Statt|for Lasset|leave euch|you versöhnen|reconcile mit|with Gott|god
5:21	Denn|and er|he hat|do den|the der|which von|from keiner|not Sünde|sin wußte|know für|for uns|our zur|to-the Sünde|sin gemacht|made auf|on daß|that wir|we würden|are in|by ihm|him die|the Gerechtigkeit|righteousness die|the vor|before Gott|god gilt|be
6:1	Wir|we ermahnen|beseech aber|and euch|also als|when Mithelfer|help  with daß|that ihr|you nicht|not vergeblich|vain die|the Gnade|grace Gottes|god empfanget|receive
6:2	Denn|and er|he spricht|speak “Ich|[“Ich] habe|have dich|thy in|in der|the angenehmen|accepted Zeit|time erhört|heard und|also habe|have dir|thee am|by Tage|day des|of-the Heils|salvation geholfen|helped ”|[”] Sehet|behold jetzt|now ist|accepted die|the angenehme|accepted Zeit|time jetzt|now ist|is der|the Tag|day des|of-the Heils|salvation
6:3	Und|and wir|we geben|give niemand|nothing irgend|nothing ein|by Ärgernis|[Ärgernis] auf|on daß|that unser|our Amt|ministry nicht|lest verlästert|[verlästert] werde|will
6:4	sondern|but in|by allen|all Dingen|[Dingen] beweisen|commend wir|we uns|himself als|as die|the Diener|minister Gottes|god in|by großer|many Geduld|patience in|by Trübsalen|tribulation in|by Nöten|[Nöten] in|by Ängsten|distress
6:5	in|by Schlägen|plague in|by Gefängnissen|prison in|by Aufruhren|[Aufruhren] in|by Arbeit|labour in|by Wachen|[Wachen] in|by Fasten|fasting
6:6	in|by Keuschheit|[Keuschheit] in|by Erkenntnis|knowledge in|by Langmut|longsuffering in|by Freundlichkeit|goodness in|by dem|the heiligen|[heiligen] Geist|Spirit in|by ungefärbter|[ungefärbter] Liebe|my
6:7	in|in dem|by Wort|word der|the Wahrheit|faithfulness in|by der|the Kraft|power Gottes|god durch|by Waffen|weapon der|the Gerechtigkeit|righteousness zur|to-the Rechten|right und|also zur|to-the Linken|left
6:8	durch|by Ehre|glory und|also Schande|disgrace durch|by böse|evil Gerüchte|[Gerüchte] und|also gute|good Gerüchte|[Gerüchte] als|as die|the Verführer|deceiver und|also doch|please wahrhaftig|indeed
6:9	als|as die|the Unbekannten|[Unbekannten] und|also doch|please bekannt|know als|as die|the Sterbenden|[Sterbenden] und|also siehe|behold wir|we leben|live als|as die|the Gezüchtigten|chasten und|also doch|please nicht|not ertötet|kill
6:10	als|as die|the Traurigen|grieve aber|and allezeit|[allezeit] fröhlich|rejoice als|as die|the Armen|poor aber|and die|the doch|please viele|many reich|rich machen|make als|as die|the nichts|nothing innehaben|have und|also doch|please alles|all haben|hold
6:11	O|[O] ihr|you Korinther|Corinthian unser|our Mund|our hat|has sich|mouth zu|unto euch|you aufgetan|opened unser|our Herz|heart ist|is weit|enlarge
6:12	Ihr|you habt|have nicht|no engen|[engen] Raum|room in|by uns|us aber|and eng|[eng] ist|is s|[s] in|by euren|your Herzen|bowels
6:13	Ich|I rede|speak mit|with euch|you als|as mit|with meinen|my Kindern|child daß|and ihr|you euch|also auch|also also|so gegen|toward mich|me stellet|[stellet] und|and werdet|enlarge auch|also weit|ye
6:14	Ziehet|be nicht|not am|on-the fremden|foreigners Joch|yoke mit|with den|the Ungläubigen|[Ungläubigen] Denn|and was|what hat|has die|the Gerechtigkeit|righteousness zu|to schaffen|multiply mit|also der|the Ungerechtigkeit|[Ungerechtigkeit] Was|what hat|light das|the Licht|light für|for Gemeinschaft|fellowship mit|unto der|the Finsternis|darkness
6:15	Wie|what stimmt|[stimmt] Christus|Christ mit|unto Belial|[Belial] Oder|or was|what für|for ein|a Teil|part hat|has der|the Gläubige|faithful mit|with dem|the Ungläubigen|[Ungläubigen]
6:16	Was|what hat|has der|the Tempel|temple Gottes|god für|for Gleichheit|[Gleichheit] mit|with den|the Götzen|idol Ihr|ye aber|and seid|are der|the Tempel|temple des|of-the lebendigen|live Gottes|god wie|as denn|as Gott|god spricht|say “Ich|[“Ich] will|dwell in unter|by ihnen|them wohnen|dwell in und|also unter|under ihnen|them wandeln|[wandeln] und|also will|be ihr|you Gott|god sein|be und|also sie|they sollen|be mein|me Volk|people sein|be
6:17	Darum|wherefore gehet|go aus|come von|of ihnen|them und|also sondert|[sondert] euch|you ab|his-last spricht|speak der|the HERR|Lord und|also rührt|[rührt] kein|not Unreines|[Unreines] an|to so|I will|will ich|I euch|you annehmen|accept
6:18	und|also euer|you Vater|Father sein|be und|also ihr|ye sollt|be meine|me Söhne|son und|also Töchter|daughter sein|be spricht|speak der|the allmächtige|Almighty HERR|Lord ”|[”]
7:1	Dieweil|therefore wir|we nun|now solche|these Verheißungen|promise haben|have meine|my Liebsten|[Liebsten] so|then lasset|cleanse uns|himself von|from aller|all Befleckung|[Befleckung] des|of-the Fleisches|flesh und|also des|of-the Geistes|Spirit uns|us reinigen|cleanse und|and fortfahren|perform mit|with der|the Heiligung|[Heiligung] in|by der|the Furcht|fear Gottes|god
7:2	Fasset|receive uns|us Wir|we haben|have niemand|nothing Leid|mourning getan|done wir|we haben|corrupt niemand|nothing verletzt|corrupt wir|we haben|have niemand|nothing übervorteilt|[übervorteilt]
7:3	Nicht|no sage|say ich|speak solches|this euch|you zu|unto verdammen|[verdammen] denn|and ich|I habe|foretell droben|[droben] zuvor|former gesagt|foretell daß|that ihr|are in|by unsern|our Herzen|heart seid|are mitzusterben|be dead  with und|also mitzuleben|live with
7:4	Ich|I rede|words mit|me großer|many Freudigkeit|boldness zu|unto euch|you ich|me rühme|boasting viel|many von|for euch|your ich|I bin|am erfüllt|fulfil mit|with Trost|consolation ich|I bin|am überschwenglich|[überschwenglich] in|in Freuden|joy und|and in|on aller|all unsrer|our Trübsal|tribulation
7:5	Denn|and da|then wir|our nach|into Mazedonien|Macedonia kamen|come hatte|have unser|our Fleisch|flesh keine|nothing Ruhe|rest sondern|but allenthalben|all waren|trouble wir|we in|by Trübsal|trouble auswendig|without Streit|fighting inwendig|within Furcht|fear
7:6	Aber|but Gott|god der|the die|the Geringen|humble tröstet|beseech der|the tröstete|beseech auch|also uns|us durch|by die|the Ankunft|coming des|of-the Titus|Titus
7:7	nicht|no allein|only aber|and durch|by seine|his Ankunft|coming sondern|but auch|also durch|by den|the Trost|consolation mit|with dem|which er|he getröstet|comforted war|beseech an|on euch|you da|then er|he uns|us verkündigte|[verkündigte] euer|your Verlangen|desire euer|your Weinen|mourning euren|your Eifer|zeal um|for mich|me also|wherefore daß|that ich|me mich|me noch|still mehr|more freute|rejoice
7:8	Denn|that daß|though ich|I euch|you durch|by den|the Brief|epistle habe|have traurig|grieve gemacht|grieve reut|repent mich|me nicht|no Und|though ob|whether s|[s] mich|me reute|repent dieweil|and ich|I sehe|see daß|that der|that Brief|epistle vielleicht|though eine|unto Weile|hour euch|you betrübt|grieve hat|grieve
7:9	so|now freue|[freue] ich|rejoice mich|me doch|please nun|now nicht|no darüber|that daß|that ihr|you seid|grieve betrübt|bitter worden|grieve sondern|but daß|that ihr|you betrübt|bitter seid|grieve worden|[worden] zur|into Reue|repentance Denn|and ihr|you seid|after göttlich|god betrübt|grieve worden|[worden] daß|that ihr|you von|of uns|our ja|yes keinen|no Schaden|lose irgendworin|by nehmet|lose
7:10	Denn|and göttliche|god Traurigkeit|sorrow wirkt|work zur|into Seligkeit|salvation einen|a Reue|repentance die|the niemand|no-one gereut|[gereut] die|the Traurigkeit|sorrow aber|and der|the Welt|world wirkt|work den|the Tod|death
7:11	Siehe|behold daß|you ihr|grieve göttlich|god seid|are betrübt|grieve worden|[worden] welchen|what Fleiß|diligence hat|has das|work in|in euch|you gewirkt|[gewirkt] dazu|also Verantwortung|[Verantwortung] Zorn|anger Furcht|fear Verlangen|desire Eifer|zeal Rache|vengeance Ihr|you habt|commend euch|himself bewiesen|commend in|by allen|all Stücken|pieces daß|that ihr|you rein|[rein] seid|be in|by der|the Sache|thing
7:12	Darum|therefore ob|though ich|I euch|you geschrieben|write habe|have so|then ist|is s|[s] doch|please nicht|no geschehen|happened um|for des|of-the willen|for der|the beleidigt|[beleidigt] hat|has auch|also nicht|neither um|for des|of-the willen|for der|the beleidigt|[beleidigt] ist|is sondern|but um|for deswillen|our daß|for euer|your Fleiß|[Fleiß] gegen|toward uns|us offenbar|before sein|appear würde|appear bei|unto euch|you vor|before Gott|god
7:13	Derhalben|by sind|are wir|we getröstet|beseech worden|[worden] daß|that ihr|your getröstet|on seid|consolation Überschwenglicher|exceedingly aber|and haben|have wir|we uns|us noch|more gefreut|rejoice über|on die|the Freude|joy des|of-the Titus|Titus denn|that sein|his Geist|Spirit ist|is erquickt|[erquickt] an|to euch|your allen|all
7:14	Denn|that was|whosoever ich|I vor|before ihm|him von|for euch|your gerühmt|[gerühmt] habe|glory darin|in-it bin|am ich|I nicht|no zu|to Schanden|ashamed geworden|become sondern|but gleichwie|as alles|all wahr|true ist|is was|what ich|speak von|from euch|you geredet|speak habe|have also|also ist|be auch|so unser|our Rühmen|boasting vor|on Titus|Titus wahr|true geworden|be
7:15	Und|also er|he ist|is überaus|exceedingly herzlich|bowels wohl|well gegen|into euch|you gesinnt|[gesinnt] wenn|when er|he gedenkt|[gedenkt] an|to euer|your aller|all Gehorsam|obedience wie|as ihr|receive ihn|him mit|with Furcht|fear und|also Zittern|trembling habt|have aufgenommen|receive
7:16	Ich|I freue|[freue] mich|rejoice daß|that ich|confident mich|me zu|by euch|you alles|all Guten|confident versehen|sustained darf|confident
8:1	Ich|I tue|declare euch|you kund|declare liebe|my Brüder|brothers die|the Gnade|grace Gottes|god die|the in|by den|the Gemeinden|church in|in Mazedonien|Macedonia gegeben|give ist|give
8:2	Denn|that ihre|their Freude|joy war|was überschwenglich|abundance da|then sie|they durch|by viel|many Trübsal|tribulation bewährt|[bewährt] wurden|were und|also wiewohl|because sie|they sehr|very arm|after sind|poverty haben|have sie|abound doch|please reichlich|riches gegeben|given in|into aller|all Einfalt|[Einfalt]
8:3	Denn|that nach|after allem|all Vermögen|power das|the bezeuge|[bezeuge] ich|testify und|also über|for Vermögen|power waren|were sie|they willig|[willig]
8:4	und|and baten|pray uns|our mit|with vielem|many Zureden|consolation daß|that wir|us aufnähmen|receive die|the Wohltat|grace und|also Gemeinschaft|fellowship der|the Handreichung|ministry die|the da|then geschieht|into den|the Heiligen|[Heiligen]
8:5	und|also nicht|no wie|as wir|we hofften|trust sondern|but sie|they ergaben|give sich|himself selbst|himself zuerst|first dem|the HERRN|Lord und|also darnach|after uns|us durch|by den|the Willen|will Gottes|god
8:6	daß|into wir|we mußten|us Titus|Titus ermahnen|beseech auf|as daß|that er|he wie|as er|he zuvor|former angefangen|begun hatte|had also|so auch|also unter|into euch|you solche|this Wohltat|grace ausrichtete|perform
8:7	Aber|but gleichwie|as ihr|you in|by allen|all Stücken|pieces reich|abound seid|abound im|in-the Glauben|faith und|also im|in-the Wort|word und|also in|in der|the Erkenntnis|knowledge und|also in|in allerlei|all Fleiß|diligence und|also in|in eurer|your Liebe|my zu|by uns|us also|that schaffet|[schaffet] daß|that ihr|you auch|also in|by dieser|this Wohltat|grace reich|abound seid|abound
8:8	Nicht|no sage|say ich|speak daß|that ich|I etwas|after gebiete|commandment sondern|but dieweil|by andere|another so|then fleißig|diligence sind|are versuche|[versuche] ich|prove auch|also eure|your Liebe|my ob|whether sie|they rechter|own Art|own sei|be
8:9	Denn|and ihr|you wisset|know die|the Gnade|grace unsers|our HERRN|Lord Jesu|Jesus Christi|Christ daß|that ob|whether er|being wohl|well reich|rich ist|being ward|was er|he doch|please arm|[arm] um|by euretwillen|you auf|on daß|that ihr|ye durch|through seine|that Armut|poverty reich|rich würdet|rich
8:10	Und|also meine|my Meinung|judgment hierin|by gebe|give ich|give denn|and solches|this ist|is euch|you nützlich|profit die|which ihr|you angefangen|begun habt|have vom|from-the vorigen|former Jahre|years her|here nicht|no allein|only das|the Tun|do sondern|but auch|also das|the Wollen|desire
8:11	nun|now aber|also vollbringet|perform auch|also das|the Tun|do auf|on daß|that gleichwie|as da|then ist|is ein|a geneigtes|readiness Gemüt|[Gemüt] zu|to wollen|desire so|so sei|be auch|also da|then ein|a geneigtes|[geneigtes] Gemüt|perform zu|to tun|do von|from dem|of was|what ihr|you habt|have
8:12	Denn|and so|then einer|if willig|readiness ist|befirst so|then ist|is er|he angenehm|accepted nach|as dem|if er|certain hat|have nicht|no nach|after dem|as er|have nicht|no hat|have
8:13	Nicht|no geschieht|[geschieht] das|that in|in der|the Meinung|[Meinung] daß|that die|the andern|another Ruhe|rest haben|have und|and ihr|you Trübsal|tribulation sondern|but daß|of es|it gleich|equality sei|be
8:14	So|now diene|[diene] euer|your Überfluß|abundance ihrem|that Mangel|want diese|time teure|of-famine Zeit|time lang|by auf|on daß|that auch|also ihr|that Überfluß|abundance hernach|be diene|into eurem|your Mangel|want und|that ein|a Ausgleich|equality geschehe|be
8:15	wie|as geschrieben|write steht|write “Der|[“Der] viel|many sammelte|which hatte|had nicht|no Überfluß|abound der|the wenig|few sammelte|which hatte|had nicht|no Mangel|[Mangel] ”|[”]
8:16	Gott|god aber|and sei|be Dank|grace der|which solchen|such Eifer|diligence für|for euch|your gegeben|give hat|give in|by das|the Herz|heart des|of-the Titus|Titus
8:17	Denn|that er|he nahm|receive zwar|indeed die|the Ermahnung|consolation an|receive aber|and dieweil|since er|he fleißig|[fleißig] war|be ist|come er|he von|from selber|[selber] zu|unto euch|you gereist|come
8:18	Wir|we haben|have aber|and einen|a Bruder|brother mit|with ihm|him gesandt|sent der|which das|the Lob|praise hat|has am|by Evangelium|gospel durch|by alle|all Gemeinden|church
8:19	Nicht|no allein|only aber|and das|the sondern|but er|he ist|is auch|also verordnet|ordain von|of den|the Gemeinden|church zum|as-a Gefährten|companion in travel unsrer|our Fahrt|our in|with dieser|this Wohltat|grace welche|which durch|of uns|our ausgerichtet|serve wird|serve dem|the HERRN|Lord zu|unto Ehren|glory und|also zum|as-a Preis|[Preis] eures|your guten|good Willens|readiness
8:20	Also|so verhüten|[verhüten] wir|this daß|that uns|us nicht|not jemand|certain übel|evil nachreden|[nachreden] möge|forgiven solcher|by reichen|this Steuer|[Steuer] halben|because die|which durch|of uns|our ausgerichtet|serve wird|serve
8:21	und|and sehen|see darauf|provide daß|that es|it redlich|honest zugehe|good nicht|no allein|only vor|before dem|the HERRN|Lord sondern|but auch|also vor|before den|the Menschen|man
8:22	Auch|and haben|have wir|we mit|with ihnen|them gesandt|sent unsern|our Bruder|brother den|which wir|we oft|often erfunden|being haben|prove in|by vielen|[vielen] Stücken|many daß|that er|he fleißig|[fleißig] sei|be nun|now aber|and viel|many fleißiger|[fleißiger]
8:23	Und|and wir|we sind|are großer|many Zuversicht|confidence zu|which euch|you es|it sei|be des|for Titus|Titus halben|because welcher|which mein|my Geselle|partaker und|also Gehilfe|fellowlabourer unter|into euch|you ist|is oder|or unsrer|our Brüder|brothers halben|because welche|which Boten|messengers sind|are der|the Gemeinden|church und|and eine|a Ehre|glory Christi|Christ
8:24	Erzeiget|show nun|therefore die|the Beweisung|proof eurer|your Liebe|my und|also unsers|our Rühmens|boasting von|into euch|you an|to diesen|your auch|also öffentlich|for vor|into den|the Gemeinden|church
9:1	Denn|and von|indeed solcher|of Steuer|ministry die|into den|the Heiligen|[Heiligen] geschieht|[geschieht] ist|is mir|me nicht|more not|more euch|you zu|to schreiben|write
9:2	Denn|and ich|I weiß|know euren|your guten|good Willen|readiness davon|which ich|I rühme|glory bei|for denen|your aus|from Mazedonien|Macedonian und|and sage|that Achaja|[Achaja] ist|ready schon|already voriges|[voriges] Jahr|year bereit|ready gewesen|been und|also euer|your Beispiel|zeal hat|provoke viele|more gereizt|provoke
9:3	Ich|I habe|send aber|and diese|these Brüder|brothers darum|therefore gesandt|send daß|lest nicht|not unser|our Rühmen|rejoicing von|for euch|your zunichte|make (of none effect würde|make (of none effect in|by dem|this Stücke|part und|and daß|that ihr|be bereit|ready seid|are gleichwie|as ich|speak von|from euch|you gesagt|speak habe|have
9:4	auf|lest daß|perhaps nicht|not so|if die|the aus|from Mazedonien|Macedonian mit|with mir|me kämen|come und|also euch|you unbereit|[unbereit] fänden|find wir|we will|will nicht|lest sagen|speak ihr|ye zu|to Schanden|ashamed würden|are mit|by solchem|this Rühmen|confidence
9:5	So|therefore habe|count ich|I es|it nun|now für|for nötig|[nötig] angesehen|count die|the Brüder|brothers zu|to ermahnen|beseech daß|that sie|they voranzögen|outgo zu|into euch|you fertigzumachen|[fertigzumachen] diesen|your zuvor|foretell verheißenen|[verheißenen] Segen|blessing daß|this er|he bereit|ready sei|be also|as daß|that es|it sei|be ein|a Segen|blessing und|also nicht|not ein|a Geiz|covetousness
9:6	Ich|I meine|my aber|and das|this Wer|who da|then kärglich|[kärglich] sät|sow der|the wird|will auch|also kärglich|[kärglich] ernten|reap und|also wer|who da|then sät|sow im|in-the Segen|on der|the wird|will auch|also ernten|reap im|in-the Segen|on
9:7	Ein|a jeglicher|every nach|after seiner|as Willkür|[Willkür] nicht|not mit|with Unwillen|of oder|or aus|of Zwang|[Zwang] denn|and einen|a fröhlichen|[fröhlichen] Geber|[Geber] hat|has Gott|god lieb|loved
9:8	Gott|god aber|and kann|possible machen|make daß|that allerlei|all Gnade|grace unter|into euch|you reichlich|abound sei|abound daß|that ihr|always in|by allen|all Dingen|[Dingen] volle|all Genüge|[Genüge] habt|have und|and reich|rich seid|abound zu|into allerlei|all guten|good Werken|work
9:9	wie|as geschrieben|[geschrieben] steht|write “Er|[“Er] hat|has ausgestreut|scatter und|and gegeben|give den|the Armen|[Armen] seine|his Gerechtigkeit|righteousness bleibt|abide in|into Ewigkeit|[Ewigkeit] ”|[”]
9:10	Der|the aber|and Samen|minister reicht|seed dem|the Säemann|sow der|the wird|will auch|also das|the Brot|bread reichen|abundant zur|into Speise|meat und|also wird|will vermehren|multiply euren|your Samen|seed und|also wachsen|fruitful lassen|let das|the Gewächs|fruit eurer|your Gerechtigkeit|righteousness
9:11	daß|that ihr|you reich|rich seid|are in|by allen|all Dingen|all mit|into aller|all Einfalt|[Einfalt] welche|which wirkt|work durch|by uns|our Danksagung|thanksgiving Gott|god
9:12	Denn|that die|the Handreichung|ministry dieser|this Steuer|service erfüllt|is nicht|no allein|only den|the Mangel|want der|the Heiligen|[Heiligen] sondern|but ist|is auch|also überschwenglich|abound darin|in-it daß|by viele|many Gott|god danken|thanksgiving für|by diesen|this unsern|our treuen|[treuen] Dienst|ministry
9:13	und|and preisen|glorify Gott|god über|on euer|your untertäniges|profession Bekenntnis|subjection des|into Evangeliums|gospel Christi|Christ und|also über|over eure|your einfältige|[einfältige] Steuer|fellowship an|into sie|they und|also an|into alle|all
9:14	indem|also auch|also sie|they nach|for euch|your verlangt|long im|in-the Gebet|prayer für|for euch|you um|by der|the überschwenglichen|exceed Gnade|grace Gottes|god willen|sake in|on euch|you
9:15	Gott|god aber|but sei|be Dank|grace für|on seine|his unaussprechliche|[unaussprechliche] Gabe|gift
10:1	Ich|I aber|and Paulus|Paul ermahne|beseech euch|you durch|by die|the Sanftmütigkeit|meekness und|also Lindigkeit|clemency Christi|Christ der|which ich|after gegenwärtig|[gegenwärtig] unter|by euch|you gering|face bin|indeed abwesend|[abwesend] aber|and dreist|confident gegen|into euch|you
10:2	Ich|I bitte|pray aber|and daß|that mir|me nicht|not not|not sei|confident gegenwärtig|[gegenwärtig] dreist|[dreist] zu|to handeln|come und|and der|the Kühnheit|confidence zu|to brauchen|[brauchen] die|which man|which mir|me zumißt|durst gegen|on etliche|certain die|which uns|us schätzen|think als|as wandelten|walk wir|after fleischlicherweise|flesh
10:3	Denn|and ob|whether wir|we wohl|well im|by Fleisch|flesh wandeln|walk so|then streiten|war wir|we doch|after nicht|no fleischlicherweise|flesh
10:4	Denn|and die|the Waffen|weapon unsrer|our Ritterschaft|[Ritterschaft] sind|are nicht|no fleischlich|carnal sondern|but mächtig|possible vor|before Gott|god zu|unto zerstören|[zerstören] Befestigungen|[Befestigungen]
10:5	wir|we zerstören|destroy damit|thus die|the Anschläge|thought und|also alle|all Höhe|height die|the sich|himself erhebt|exaltself wider|after die|the Erkenntnis|knowledge Gottes|god und|also nehmen|take gefangen|taken-captive alle|all Vernunft|mind unter|into den|the Gehorsam|obedience Christi|Christ
10:6	und|also sind|have bereit|ready zu|to rächen|avenge allen|all Ungehorsam|disobedient wenn|when euer|your Gehorsam|obedience erfüllt|fill ist|fulfil
10:7	Richtet|[Richtet] ihr|you nach|after dem|the Ansehen|face Verläßt|persuade sich|himself jemand|whosoever darauf|on-it daß|be er|himself Christo|Christ angehöre|[angehöre] der|the denke|think solches|this auch|also wiederum|again bei|with sich|himself daß|that gleichwie|as er|he Christo|Christ angehöre|[angehöre] also|also auch|so wir|we Christo|Christ angehören|[angehören]
10:8	Und|and so|if ich|I auch|also etwas|certain weiter|more mich|me rühmte|glory von|of unsrer|our Gewalt|power welche|which uns|us der|the HERR|Lord gegeben|given hat|give euch|your zu|to bessern|edifying und|also nicht|no zu|into verderben|destroy wollte|to ich|I nicht|no zu|to Schanden|[Schanden] werden|be
10:9	Das|that sage|say ich|I aber|but daß|that ihr|you nicht|lest euch|you dünken|think lasset|leave als|as hätte|had ich|I euch|you wollen|will schrecken|dread mit|by Briefen|epistle
10:10	Denn|that die|the Briefe|epistle sprechen|says sie|say sind|are schwer|weight und|also stark|mighty aber|and die|the Gegenwart|coming des|of-the Leibes|body ist|is schwach|[schwach] und|also die|the Rede|word verächtlich|despise
10:11	Wer|who ein|a solcher|such ist|such der|the denke|think daß|that wie|as wir|we sind|are mit|with Worten|word in|by den|the Briefen|epistle abwesend|[abwesend] so|such werden|be wir|also auch|work wohl|well sein|also mit|with der|the Tat|did gegenwärtig|come
10:12	Denn|and wir|we wagen|durst uns|us nicht|no unter|under die|the zu|to rechnen|[rechnen] oder|or zu|to zählen|count so|then sich|himself selbst|himself loben|praise aber|but dieweil|certain sie|they an|to sich|himself selbst|himself messen|commend und|also halten|measure allein|only von|from sich|himself selbst|himself verstehen|understand sie|they nichts|no
10:13	Wir|we aber|and rühmen|glory uns|us nicht|not über|over das|the Ziel|[Ziel] hinaus|into sondern|but nur|after nach|after dem|the Ziel|measure der|the Regel|rule mit|which der|the uns|us Gott|god abgemessen|[abgemessen] hat|divide das|the Ziel|measure zu|to gelangen|[gelangen] auch|also bis|until zu|to euch|your
10:14	Denn|and wir|we fahren|go nicht|no zu|to weit|himself als|as wären|were wir|we nicht|not gelangt|[gelangt] zu|into euch|you denn|and wir|we sind|are ja|yes auch|also zu|to euch|your gekommen|come mit|by dem|the Evangelium|gospel Christi|Christ
10:15	und|abundance rühmen|glory uns|us nicht|no übers|into Ziel|[Ziel] hinaus|by in|in fremder|stranger Arbeit|labour und|and haben|have Hoffnung|hope wenn|when nun|now euer|your Glaube|faith in|in euch|you wächst|[wächst] daß|that wir|we in|after unsrer|our Regel|rule nach|by wollen|you weiterkommen|magnify
10:16	und|and das|the Evangelium|[Evangelium] auch|also predigen|preach denen|them die|into jenseit|beyond von|from euch|your wohnen|dwell und|and uns|us nicht|no rühmen|glory in|by dem|the was|rule mit|into fremder|stranger Regel|[Regel] bereitet|ready ist|ready
10:17	Wer|who sich|himself aber|and rühmt|glory der|the rühme|glory sich|by des|of-the HERRN|Lord
10:18	Denn|and darum|therefore ist|approved einer|that nicht|no tüchtig|approved daß|that er|he sich|himself selbst|is lobt|commend sondern|but daß|that ihn|which der|the HERR|Lord lobt|commend
11:1	Wollte|to Gott|would ihr|you hieltet|[hieltet] mir|my ein|a wenig|a Torheit|outrage zugut|[zugut] doch|also ihr|you haltet|delay mir|me s|[s] wohl|well zugut|my
11:2	Denn|and ich|I eifere|envy um|for euch|you mit|with göttlichem|god Eifer|zeal denn|and ich|I habe|have euch|you vertraut|[vertraut] einem|one Manne|man daß|that ich|I eine|a reine|[reine] Jungfrau|virgin Christo|Christ zubrächte|present
11:3	Ich|I fürchte|fear aber|and daß|lest wie|as die|the Schlange|serpent Eva|Eve verführte|deceive mit|by ihrer|their Schalkheit|craftiness also|so auch|also eure|your Sinne|mind verrückt|[verrückt] werden|corrupt von|from der|the Einfalt|[Einfalt] in|into Christo|Christ
11:4	Denn|and so|if der|the da|then zu|to euch|you kommt|come einen|a andern|another Jesus|Jesus predigte|preach den|which wir|we nicht|no gepredigt|preach haben|have oder|or ihr|you einen|a andern|another Geist|Spirit empfinget|receive den|which ihr|you nicht|no empfangen|receive habt|have oder|or ein|a ander|another Evangelium|gospel das|which ihr|you nicht|no angenommen|receive habt|have so|well vertrüget|[vertrüget] ihr|you s|[s] billig|[billig]
11:5	Denn|and ich|I achte|think ich|I sei|lack nicht|not weniger|nothing als|when die|the “|[“] hohen|for ”|[”] Apostel|[Apostel] sind|are
11:6	Und|and ob|though ich|I nicht|not kundig|unlearned bin|am der|the Rede|word so|then bin|am ich|I doch|please nicht|no unkundig|[unkundig] der|the Erkenntnis|knowledge Doch|please ich|I bin|by bei|into euch|you allenthalben|by wohl|all bekannt|appear
11:7	Oder|or habe|have ich|I gesündigt|do daß|that ich|I mich|myself erniedrigt|humble habe|have auf|on daß|that ihr|ye erhöht|exalt würdet|would Denn|that ich|I habe|have euch|you das|the Evangelium|gospel Gottes|god umsonst|freely verkündigt|preach
11:8	und|and habe|have andere|other Gemeinden|church beraubt|bereaved und|and Sold|wage von|from ihnen|unto genommen|receive daß|that ich|I euch|your predigte|ministry
11:9	Und|also da|then ich|I bei|unto euch|you war|come gegenwärtig|[gegenwärtig] und|also Mangel|[Mangel] hatte|lack war|was ich|no niemand|nothing beschwerlich|[beschwerlich] Denn|and mein|my Mangel|want erstatteten|[erstatteten] die|the Brüder|brothers die|the aus|from Mazedonien|Macedonia kamen|come so|also habe|have ich|I mich|myself in|by allen|all Stücken|pieces euch|you unbeschwerlich|[unbeschwerlich] gehalten|keep und|also will|will auch|also noch|still mich|me also|so halten|keep
11:10	So|then gewiß|surely die|the Wahrheit|faithfulness Christi|Christ in|by mir|me ist|is so|then soll|shall mir|into dieser|this Ruhm|boasting in|by den|the Ländern|region Achajas|[Achajas] nicht|no verstopft|seal werden|stop
11:11	Warum|why das|why Daß|that ich|I euch|you nicht|no sollte|would liebhaben|love Gott|god weiß|know es|it
11:12	Was|which ich|I aber|and tue|do und|and tun|do will|will das|also tue|do ich|do darum|therefore daß|that ich|I die|the Ursache|[Ursache] abschneide|cut down(off denen|desire die|the Ursache|[Ursache] suchen|[suchen] daß|that sie|they rühmen|glory möchten|might sie|they seien|find wie|as wir|we
11:13	Denn|and solche|such falsche|[falsche] Apostel|[Apostel] und|and trügliche|[trügliche] Arbeiter|labourer verstellen|[verstellen] sich|transform zu|into Christi|Christ Aposteln|[Aposteln]
11:14	Und|also das|the ist|is auch|also kein|no Wunder|marvellous denn|and er|he selbst|itself der|the Satan|Satan verstellt|fallen sich|transform zum|into Engel|angel des|of-the Lichtes|light
11:15	Darum|therefore ist|is es|it auch|also nicht|no ein|a Großes|great wenn|though sich|himself seine|his Diener|minister verstellen|transform als|as Prediger|minister der|the Gerechtigkeit|righteousness welcher|which Ende|end sein|his wird|be nach|after ihren|their Werken|work
11:16	Ich|I sage|speak abermals|again daß|that nicht|not jemand|certain wähne|think ich|be sei|be töricht|foolishly wo|where aber|else nicht|not so|though nehmet|receive mich|me als|as einen|a Törichten|[Törichten] daß|that ich|I mich|me auch|also ein|certain wenig|a rühme|glory
11:17	Was|what ich|which jetzt|was-giving-birth rede|speak das|the rede|speak ich|speak nicht|no als|after im|in-the HERRN|Lord sondern|but als|as in|in der|the Torheit|by dieweil|since wir|we in|by das|this Rühmen|confidence gekommen|come sind|are
11:18	Sintemal|because viele|many sich|himself rühmen|glory nach|after dem|the Fleisch|flesh will|will ich|I mich|me auch|I rühmen|glory
11:19	Denn|and ihr|you vertraget|[vertraget] gern|for die|the Narren|[Narren] dieweil|since ihr|you klug|wise seid|being
11:20	Ihr|and vertraget|[vertraget] so|then euch|you jemand|whosoever zu|to Knechten|servants macht|bring into bondage so|then euch|you jemand|whosoever schindet|devour so|then euch|whosoever jemand|whosoever gefangennimmt|receive so|then jemand|someone euch|you trotzt|exaltself so|then euch|you jemand|whosoever ins|into Angesicht|face streicht|beat
11:21	Das|the sage|say ich|speak nach|after der|the Unehre|[Unehre] als|as wären|were wir|we schwach|[schwach] geworden|become Worauf|by aber|and jemand|certain kühn|durst ist|is ich|I rede|speak in|in Torheit|by darauf|on-it bin|am ich|durst auch|I kühn|boldly
11:22	Sie|they sind|are Hebräer|Hebrew Ich|I auch|I Sie|they sind|are Israeliter|Israel Ich|I auch|I Sie|they sind|are Abrahams|Abraham's Same|seed Ich|I auch|I
11:23	Sie|they sind|are Diener|minister Christi|Christ Ich|I rede|speak töricht|foolishly Ich|I bin|am s|[s] wohl|well mehr|for Ich|I habe|have mehr|exceedingly gearbeitet|labour ich|I habe|have mehr|more Schläge|plague erlitten|[erlitten] bin|am öfter|exceedingly gefangen|prison oft|often in|by Todesnöten|death gewesen|been
11:24	von|of den|the Juden|Jew habe|have ich|I fünfmal|five-times empfangen|receive vierzig|forty Streiche|[Streiche] weniger|of eins|one
11:25	ich|I bin|am dreimal|thrice gestäupt|[gestäupt] einmal|once gesteinigt|stone dreimal|thrice Schiffbruch|[Schiffbruch] erlitten|[erlitten] Tag|day und|and Nacht|night habe|have ich|do zugebracht|brought in|by der|the Tiefe|deep des|of-the Meers|[Meers]
11:26	ich|I bin|am oft|often gereist|journey ich|I bin|am in|in Gefahr|peril gewesen|been durch|through die|the Flüsse|river in|in Gefahr|peril durch|through die|the Mörder|thief in|in Gefahr|peril unter|of den|the Juden|kind in|in Gefahr|peril unter|of den|the Heiden|Gentiles in|in Gefahr|peril in|by den|the Städten|city in|in Gefahr|peril in|by der|the Wüste|wilderness in|in Gefahr|peril auf|by dem|the Meer|sea in|in Gefahr|peril unter|by den|the falschen|[falschen] Brüdern|falsebrethren
11:27	in|by Mühe|labour und|also Arbeit|painful-toil in|by viel|often Wachen|[Wachen] in|by Hunger|famine und|also Durst|[Durst] in|by viel|often Fasten|fasting in|by Frost|cold und|also Blöße|nakedness
11:28	außer|without was|what sich|himself sonst|scattered zuträgt|saving nämlich|which daß|that ich|my täglich|day werde|will angelaufen|on und|and trage|bears Sorge|care für|for alle|all Gemeinden|church
11:29	Wer|what ist|is schwach|[schwach] und|also ich|I werde|will nicht|no schwach|[schwach] Wer|what wird|will geärgert|offend und|also ich|I brenne|burn nicht|no
11:30	So|if ich|I mich|me ja|yes rühmen|glory soll|must will|will ich|I mich|me meiner|my Schwachheit|[Schwachheit] rühmen|glory
11:31	Gott|god und|also der|the Vater|Father unsers|our HERRN|Lord Jesu|Jesus Christi|Christ welcher|which sei|being gelobt|blessed in|into Ewigkeit|[Ewigkeit] weiß|know daß|that ich|that nicht|no lüge|lie
11:32	Zu|by Damaskus|Damascus verwahrte|[verwahrte] der|the Landpfleger|keep des|of-the Königs|King Aretas|[Aretas] die|the Stadt|city der|the Damasker|[Damasker] und|and wollte|desire mich|me greifen|take
11:33	und|also ich|I ward|was in|by einem|a Korbe|basket zum|by Fenster|window hinaus|out durch|by die|the Mauer|wall niedergelassen|strike und|also entrann|escape aus|from seinen|his Händen|hand
12:1	Es|it ist|is mir|me ja|yes das|the Rühmen|glory nichts|no nütze|also doch|please will|will ich|I kommen|come auf|into die|the Gesichte|vision und|also Offenbarung|[Offenbarung] des|of-the HERRN|Lord
12:2	Ich|I kenne|know einen|a Menschen|man in|by Christo|Christ vor|before vierzehn|fourteen Jahren|year ist|or er|he in|by dem|the Leibe|body gewesen|been so|then weiß|know ich|I s|[s] nicht|no oder|or ist|is er|he außer|outside dem|the Leibe|body gewesen|been so|then weiß|know ich|I s|[s] nicht|no Gott|god weiß|know es|it ward|was derselbe|such entzückt|[entzückt] bis|till in|in den|the dritten|third Himmel|heaven
12:3	Und|also ich|I kenne|know denselben|such Menschen|man ob|or er|he im|by Leibe|body oder|or außer|outside dem|the Leibe|body gewesen|been ist|is weiß|know ich|I nicht|no Gott|god weiß|know es|it
12:4	der|the ward|that entzückt|[entzückt] in|into das|the Paradies|paradise und|also hörte|heard unaussprechliche|[unaussprechliche] Worte|word welche|which kein|no Mensch|man sagen|speak kann|may
12:5	Für|for denselben|such will|will ich|I mich|me rühmen|glory für|for mich|myself selbst|for aber|and will|will ich|I mich|me nichts|no rühmen|glory nur|but meiner|my Schwachheit|[Schwachheit]
12:6	Und|and so|if ich|I mich|me rühmen|glory wollte|desire täte|be ich|I daran|by-this nicht|no töricht|foolishly denn|and ich|I wollte|to die|the Wahrheit|faithfulness sagen|say Ich|I enthalte|spare mich|me aber|and dessen|[dessen] auf|not daß|that nicht|not jemand|certain mich|me höher|for achte|think als|which er|he an|to mir|me sieht|sees oder|or von|certain mir|of hört|hear
12:7	Und|also auf|lest daß|that ich|I mich|me nicht|not der|the hohen|excellency Offenbarung|[Offenbarung] überhebe|[überhebe] ist|is mir|me gegeben|give ein|a Pfahl|[Pfahl] ins|into-the Fleisch|flesh nämlich|namely des|of-the Satans|[Satans] Engel|angel der|that mich|me mit|with Fäusten|[Fäusten] schlage|buffet auf|lest daß|that ich|I mich|me nicht|not überhebe|[überhebe]
12:8	Dafür|this ich|I dreimal|thrice zum|as-a HERRN|Lord gefleht|beseech habe|beseech daß|that er|he von|from mir|me wiche|[wiche]
12:9	Und|also er|he hat|has zu|to mir|me gesagt|say Laß|let dir|thee an|to meiner|my Gnade|grace genügen|[genügen] denn|and meine|my Kraft|power ist|perfect in|by den|the Schwachen|[Schwachen] mächtig|perfect Darum|therefore will|will ich|I mich|me am|by allerliebsten|[allerliebsten] rühmen|glory meiner|my Schwachheit|[Schwachheit] auf|that daß|that die|the Kraft|power Christi|Christ bei|on mir|me wohne|dwell
12:10	Darum|wherefore bin|am ich|I gutes|good Muts|please in|by Schwachheiten|[Schwachheiten] in|by Mißhandlungen|hurt in|by Nöten|[Nöten] in|by Verfolgungen|persecution in|by Ängsten|distress um|for Christi|Christ willen|for denn|and wenn|when ich|I schwach|[schwach] bin|am so|then bin|am ich|I stark|possible
12:11	Ich|I bin|be ein|a Narr|[Narr] geworden|become über|over dem|the Rühmen|glory dazu|also habt|have ihr|ye mich|me gezwungen|[gezwungen] Denn|and ich|I sollte|ought von|of euch|your gelobt|blessed werden|commend sintemal|and ich|I nichts|nothing weniger|lacking bin|lack als|when die|the “|[“] hohen|exceeding ”|[”] Apostel|[Apostel] sind|are wiewohl|though ich|I nichts|nothing bin|am
12:12	Denn|for es|it sind|work ja|indeed eines|one Apostels|[Apostels] Zeichen|sign unter|by euch|you geschehen|happened mit|by aller|all Geduld|patience mit|by Zeichen|sign und|also mit|with Wundern|wonder und|also mit|with Taten|power
12:13	Was|what ist|is s|is darin|which ihr|you geringer|small seid|are denn|for die|for andern|other Gemeinden|church außer|but daß|that ich|I selbst|itself euch|your nicht|no habe|have beschwert|[beschwert] Vergebet|forgive mir|me diese|this Sünde|sin
12:14	Siehe|behold ich|I bin|have bereit|ready zum|as-a drittenmal|third zu|unto euch|you zu|to kommen|come und|also will|will euch|your nicht|no beschweren|[beschweren] denn|and ich|I suche|seek nicht|no das|the Eure|your sondern|but euch|you Denn|and es|it sollen|ought nicht|no die|the Kinder|child den|the Eltern|parents Schätze|[Schätze] sammeln|lay up sondern|but die|the Eltern|parents den|the Kindern|child
12:15	Ich|I aber|and will|will sehr|very gern|for hingeben|spend und|also hingegeben|[hingegeben] werden|be für|for eure|soul Seelen|persons wiewohl|though ich|I euch|you gar|very sehr|exceedingly liebe|my und|and doch|please weniger|lacking geliebt|[geliebt] werde|will
12:16	Aber|and laß|let es|it also|so sein|be daß|that ich|I euch|you nicht|no habe|have beschwert|[beschwert] sondern|but die|the weil|because ich|I tückisch|[tückisch] bin|be habe|have ich|I euch|you mit|with Hinterlist|guile gefangen|receive
12:17	Habe|have ich|I aber|but etwa|[etwa] jemand|not übervorteilt|[übervorteilt] durch|by derer|certain einen|a die|which ich|I zu|unto euch|you gesandt|sent habe|have
12:18	Ich|I habe|beseech Titus|Titus ermahnt|beseech und|also mit|with ihm|him gesandt|sent einen|a Bruder|brother Hat|any euch|you etwa|[etwa] Titus|Titus übervorteilt|[übervorteilt] Haben|have wir|we nicht|no in|in einem|a Geist|Spirit gewandelt|walk Sind|are wir|we nicht|no in|in einerlei|one Fußtapfen|step gegangen|came-out
12:19	Lasset|think ihr|you euch|you abermals|again dünken|think wir|we verantworten|[verantworten] uns|us vor|before euch|you Wir|we reden|speak in|by Christo|Christ vor|before Gott|god aber|and das|the alles|all geschieht|[geschieht] meine|my Liebsten|[Liebsten] euch|your zur|for Besserung|edifying
12:20	Denn|and ich|I fürchte|fear wenn|when ich|I komme|come daß|that ich|I euch|you nicht|no finde|find wie|as ich|I will|desire und|and ihr|you mich|me auch|also nicht|no findet|find wie|as ihr|you wollt|desire daß|lest Hader|strife Neid|zeal Zorn|wrath Zank|strife Afterreden|[Afterreden] Ohrenblasen|[Ohrenblasen] Aufblähen|[Aufblähen] Aufruhr|[Aufruhr] dasei|[dasei]
12:21	daß|not mich|me wenn|when ich|I abermals|again komme|come mein|my Gott|god demütige|humble bei|unto euch|you und|also ich|I müsse|[müsse] Leid|mourning tragen|mourn über|over viele|many die|which zuvor|former gesündigt|sinned und|also nicht|not Buße|repent getan|done haben|have für|on die|the Unreinigkeit|[Unreinigkeit] und|also Hurerei|fornication und|also Unzucht|[Unzucht] die|which sie|they getrieben|sent-away haben|do
13:1	Komme|come ich|come zum|this drittenmal|third zu|unto euch|you so|on soll|shall in|in zweier|two oder|also dreier|three Zeugen|witness Mund|mouth bestehen|stand allerlei|all Sache|word
13:2	Ich|I habe|have es|it euch|you zuvor|former gesagt|foretell und|also sage|foretell es|it euch|you zuvor|former wie|as als|as ich|I zum|second andernmal|also gegenwärtig|come war|come so|then auch|also nun|now abwesend|[abwesend] schreibe|write ich|write es|it denen|them die|the zuvor|former gesündigt|sinned haben|have und|also den|the andern|other allen|all Wenn|that ich|I abermals|into komme|come so|then will|will ich|I nicht|no schonen|spare
13:3	sintemal|because ihr|you suchet|seek daß|that ihr|you einmal|once gewahr|aware werdet|will des|proof der|the in|by mir|me redet|speak nämlich|namely Christi|Christ welcher|which unter|into euch|you nicht|no schwach|[schwach] ist|is sondern|but ist|is mächtig|powerful unter|by euch|you
13:4	Und|and ob|if er|he wohl|well gekreuzigt|[gekreuzigt] ist|crucify in|of der|the Schwachheit|[Schwachheit] so|then lebt|lives er|live doch|of in|in der|the Kraft|power Gottes|god Und|and ob|whether wir|we auch|also schwach|[schwach] sind|are in|by ihm|him so|then leben|life wir|live doch|please mit|with ihm|him in|of der|the Kraft|power Gottes|god unter|into euch|you
13:5	Versuchet|tempt euch|himself selbst|itself ob|if ihr|you im|by Glauben|faith seid|are prüfet|prove euch|you selbst|himself Oder|or erkennet|[erkennet] ihr|know euch|you selbst|himself nicht|no daß|that Jesus|Jesus Christus|Christ in|by euch|you ist|is Es|it sei|be denn|except daß|that ihr|are untüchtig|[untüchtig] seid|are
13:6	Ich|I hoffe|trust aber|and ihr|you erkennet|know daß|that wir|we nicht|no untüchtig|[untüchtig] sind|are
13:7	Ich|I bitte|wish aber|and Gott|god daß|that ihr|you nichts|nothing Übles|evil tut|not nicht|no auf|that daß|that wir|we als|when tüchtig|able angesehen|approved werden|appear sondern|but auf|that daß|that ihr|ye das|the Gute|good tut|do und|and wir|we wie|as die|the Untüchtigen|[Untüchtigen] seien|be
13:8	Denn|and wir|we können|able nichts|no wider|after die|the Wahrheit|faithfulness sondern|but für|for die|the Wahrheit|faithfulness
13:9	Wir|we freuen|rejoice uns|us aber|and wenn|when wir|we schwach|[schwach] sind|are und|and ihr|ye mächtig|possible seid|be Und|and dasselbe|this wünschen|wish wir|wish auch|also nämlich|namely eure|your Vollkommenheit|[Vollkommenheit]
13:10	Derhalben|this schreibe|[schreibe] ich|write auch|also solches|these abwesend|[abwesend] auf|lest daß|that ich|I nicht|not wenn|when ich|I gegenwärtig|come bin|come Schärfe|edge brauchen|[brauchen] müsse|use nach|after der|the Macht|power welche|which mir|me der|the HERR|Lord zu|into bessern|edifying und|also nicht|no zu|into verderben|destroy gegeben|give hat|give
13:11	Zuletzt|finally liebe|my Brüder|brothers freuet|[freuet] euch|rejoice seid|are vollkommen|perfect tröstet|[tröstet] euch|beseech habt|have einerlei|one Sinn|think seid|are friedsam|be at (have so|also wird|be der|the Gott|god der|the Liebe|my und|also des|of-the Friedens|peace mit|with euch|your sein|be
13:12	Grüßet|[Grüßet] euch|you untereinander|to-one-another mit|by dem|the heiligen|[heiligen] Kuß|kiss
13:13	Es|it grüßen|[grüßen] euch|you alle|all Heiligen|[Heiligen]
13:14	Die|the Gnade|grace unsers|our HERRN|Lord Jesu|Jesus Christi|Christ und|also die|the Liebe|my Gottes|god und|also die|the Gemeinschaft|fellowship des|of-the heiligen|[heiligen] Geistes|Spirit sei|be mit|with euch|your allen|all Amen|[Amen]
