1:1	Dies|this ist|is s|word was|what Amos|Amos der|the unter|under den|the Hirten|sheepmaster zu|to Thekoa|Tekoa war|be thou gesehen|seen hat|see über|above Israel|Israelites zur|to-the Zeit|time Usias|Uzziah des|of-the Königs|royal in|in Juda|Judah und|time Jerobeams|Jeroboam des|of-the Sohnes|old Joas|Joash des|of-the Königs|royal Israels|Israelites zwei|two Jahre|year vor|face dem|the Erdbeben|earthquake
1:2	Und|and er|he sprach|said Der|the HERR|GOD wird|will aus|from Zion|Zion brüllen|roar und|and seine|his Stimme|voice aus|from Jerusalem|Jerusalem hören|hears lassen|put daß|that die|the Auen|habitations der|the Hirten|feed jämmerlich|[jämmerlich] stehen|standing werden|be und|and der|the Karmel|Carmel oben|head verdorren|[verdorren] wird|withered
1:3	So|also spricht|it-is-said der|the HERR|GOD Um|above drei|three und|above vier|four Frevel|[Frevel] willen|transgression der|the Damasker|Damascus will|will ich|I ihrer|their nicht|not schonen|return darum|above daß|that sie|they Gilead|Gilead mit|with eisernen|iron Zacken|gold gedroschen|[gedroschen] haben|thresh
1:4	sondern|but ich|I will|will ein|a Feuer|fire schicken|send in|in das|the Haus|household Hasaels|Hazael das|the soll|shall die|the Paläste|[Paläste] Benhadads|[Benhadads] verzehren|consume
1:5	Und|and ich|I will|will die|the Riegel|bar zu|to Damaskus|Damascus zerbrechen|break und|and die|the Einwohner|dwell auf|on dem|the Felde|field Aven|valley samt|along-with dem|the der|the das|the Zepter|tribe hält|hold aus|from dem|the Lusthause|household ausrotten|make daß|that das|the Volk|nation in|in Syrien|Aram soll|shall gen|to Kir|Kir weggeführt|[weggeführt] werden|uncover spricht|it-is-said der|the HERR|GOD
1:6	So|also spricht|it-is-said der|the HERR|GOD Um|above drei|three und|above vier|four Frevels|transgression willen|sake Gazas|Gaza will|will ich|I ihrer|their nicht|not schonen|return darum|above daß|that sie|they die|the Gefangenen|prisoners alle|perfect weggeführt|uncover und|and an|to Edom|Edom überantwortet|[überantwortet] haben|shut
1:7	sondern|but ich|I will|will ein|a Feuer|fire in|in die|the Mauern|wall zu|to Gaza|Gaza schicken|send das|the soll|shall ihre|their Paläste|[Paläste] verzehren|consume
1:8	Und|and ich|I will|will die|the Einwohner|dwell aus|from Asdod|[Asdod] und|and den|the der|the das|the Zepter|tribe hält|hold aus|from Askalon|[Askalon] ausrotten|make und|and meine|my Hand|by wider|above Ekron|Ekron kehren|return daß|that umkommen|[umkommen] soll|shall was|what von|from den|the Philistern|Philistine noch|still übrig|remnant ist|is spricht|it-is-said der|the Herr|LORD HERR|GOD
1:9	So|also spricht|it-is-said der|the HERR|GOD Um|above drei|three und|above vier|four Frevel|transgression willen|sake der|the Stadt|city Tyrus|Tyrus will|will ich|I ihrer|their nicht|not schonen|return darum|above daß|that sie|they die|the Gefangenen|captivity alle|perfect an|to Edom|Edom überantwortet|[überantwortet] haben|shut und|and nicht|not gedacht|remember an|to den|the Bund|covenant der|the Brüder|brothers
1:10	sondern|but ich|I will|will ein|a Feuer|fire in|in die|the Mauern|wall zu|to Tyrus|Tyrus schicken|send das|the soll|shall ihre|their Paläste|[Paläste] verzehren|consume
1:11	So|also spricht|it-is-said der|the HERR|GOD Um|above drei|three und|above vier|four Frevel|transgression willen|sake Edoms|of-Edom will|will ich|I sein|his nicht|not schonen|return darum|above daß|that er|he seinen|his Bruder|brother mit|with dem|the Schwert|sword verfolgt|[verfolgt] hat|pursue und|and daß|that er|he alles|all Erbarmen|mercy von|from sich|himself getan|destroy und|and immer|ever wütet|tear in|in seinem|his Zorn|anger und|and seinem|his Grimm|wrath ewig|ever hält|keep
1:12	sondern|but ich|I will|will ein|a Feuer|fire schicken|send gen|to Theman|Teman das|the soll|shall die|the Paläste|[Paläste] zu|to Bozra|Bozrah verzehren|consume
1:13	So|also spricht|it-is-said der|the HERR|GOD Um|above drei|three und|above vier|four Frevel|transgression willen|sake der|the Kinder|old Ammon|Ammon will|will ich|I ihrer|their nicht|not schonen|return darum|above daß|that sie|they die|the Schwangeren|conceive in|in Gilead|Gilead zerrissen|tore haben|cleave damit|answer sie|they ihre|their Grenze|border weiter|further machten|enlarge
1:14	sondern|but ich|I will|will ein|a Feuer|fire anzünden|kindle in|in den|the Mauern|wall Rabbas|Rabbah das|the soll|shall ihre|their Paläste|[Paläste] verzehren|consume wenn|when man|one rufen|shout wird|will zur|to-the Zeit|time des|of-the Streits|war und|and wenn|when das|the Wetter|whirlwind kommen|come wird|will zur|to-the Zeit|time des|of-the Sturms|whirlwind
1:15	Da|then wird|will dann|then ihr|you König|royal samt|together seinen|he Fürsten|prince gefangen|taken-captive weggeführt|captivity werden|go spricht|it-is-said der|the HERR|GOD
2:1	So|also spricht|it-is-said der|the HERR|GOD Um|above drei|three und|above vier|four Frevel|transgression willen|sake Moabs|Moab will|will ich|I ihrer|their nicht|not schonen|return darum|above daß|that sie|they die|the Gebeine|bone des|of-the Königs|royal zu|to Edom|Edom haben|have zu|to Asche|plaister verbrannt|burn
2:2	sondern|but ich|I will|will ein|a Feuer|fire schicken|send nach|after Moab|Moab das|the soll|shall die|the Paläste|[Paläste] zu|to Karioth|Kerioth verzehren|consume und|and Moab|Moab soll|shall sterben|die im|in-the Getümmel|noise und|and Geschrei|shout und|and Posaunenhall|voice
2:3	Und|and ich|I will|will den|the Richter|plead unter|among ihnen|them ausrotten|make und|and alle|all (manner ihre|their Fürsten|prince samt|hide ihm|him erwürgen|slay spricht|it-is-said der|the HERR|GOD
2:4	So|also spricht|it-is-said der|the HERR|GOD Um|above drei|three und|above vier|four Frevel|transgression willen|sake Juda|Judah s|Judah will|will ich|I sein|his nicht|not schonen|return darum|above daß|that sie|they des|of-the HERRN|GOD Gesetz|law verachten|despise und|and seine|his Rechte|statute nicht|not halten|keep und|and lassen|let sich|himself ihre|their Lügen|lie verführen|err welchen|whom ihre|their Väter|fathers nachgefolgt|[nachgefolgt] sind|are
2:5	sondern|but ich|I will|will ein|a Feuer|fire nach|after Juda|Judah schicken|send das|the soll|shall die|the Paläste|[Paläste] zu|to Jerusalem|Jerusalem verzehren|consume
2:6	So|also spricht|it-is-said der|the HERR|GOD Um|above drei|three und|above vier|four Frevel|transgression willen|sake Israels|Israelites will|will ich|I ihrer|their nicht|not schonen|return darum|above daß|that sie|they die|the Gerechten|righteous um|for Geld|silver und|and die|the Armen|[Armen] um|for ein|a Paar|of-every Schuhe|shoe verkaufen|sell
2:7	Sie|above treten|pant den|the Kopf|head der|the Armen|poor in|in den|the Kot|dust und|and hindern|incline den|the Weg|way der|the Elenden|meek Es|it geht|go Sohn|son und|and Vater|father zur|to-the Dirne|damsel daß|answer sie|they meinen|my heiligen|holy Namen|name entheiligen|begin
2:8	Und|and bei|with allen|all (manner Altären|altar schlemmen|[schlemmen] sie|incline auf|above den|the verpfändeten|destroy Kleidern|[Kleidern] und|and trinken|drink Wein|wine in|in ihrer|their Götter|gods Hause|household von|from den|the Gebüßten|punish
2:9	Und|and ich|I habe|have doch|please den|the Amoriter|Amorites vor|stringed instrument ihnen|them her|face vertilgt|destroy der|the so|then hoch|height war|was wie|height die|the Zedern|[Zedern] und|he seine|his Macht|strong wie|as die|the Eichen|[Eichen] und|and ich|I vertilgte|destroy oben|stringed instrument seine|his Frucht|fruit und|stringed instrument unten|Toah seine|his Wurzel|root
2:10	Auch|also habe|have ich|I euch|you aus|from Ägyptenland|Egypt-land geführt|offer und|and vierzig|forty Jahre|year in|in der|the Wüste|wilderness geleitet|go daß|that ihr|you der|the Amoriter|Amorites Land|land besäßet|possess
2:11	Und|and habe|have aus|from euren|your Kindern|old Propheten|prophet auferweckt|arise und|and Gottgeweihte|Nazarite aus|from euren|your Jünglingen|[Jünglingen] Ist|is s|[s] nicht|not also|so ihr|you Kinder|old Israel|Israelites spricht|saith der|the HERR|GOD
2:12	So|then gebt|give ihr|you den|the Geweihten|Nazarite Wein|wine zu|to trinken|drink und|and gebietet|command den|the Propheten|prophet und|and sprecht|say Ihr|you sollt|shall nicht|not weissagen|prophesy
2:13	Siehe|behold ich|I will|will s|[s] unter|under euch|you knarren|[knarren] machen|pressed wie|as ein|a Wagen|cart voll|full Garben|sheaf knarrt|pressed
2:14	daß|that der|the so|then schnell|swift ist|is soll|shall nicht|not entfliehen|refuge noch|still der|the Starke|strong etwas|anything vermögen|strength und|and der|the Mächtige|mighty nicht|not soll|shall sein|his Leben|soul retten|flee können|escape
2:15	und|and die|the Bogenschützen|bow sollen|shall nicht|not bestehen|stood und|and der|the schnell|swift laufen|[laufen] kann|feet soll|shall nicht|not entlaufen|escape und|and der|the da|horse reitet|ride soll|shall sein|his Leben|soul nicht|not erretten|escape
2:16	und|and der|the unter|under den|the Starken|mighty der|the mannhafteste|[mannhafteste] ist|is soll|shall nackt|naked entfliehen|flee müssen|must zu|he der|the Zeit|time spricht|saith der|the HERR|GOD
3:1	Höret|hear was|what der|the HERR|GOD mit|above euch|you redet|speak ihr|you Kinder|old Israel|Israelites mit|above allen|all (manner Geschlechtern|families die|the ich|I aus|stringed instrument Ägyptenland|Egypt-land geführt|led habe|offer
3:2	Aus|stringed instrument allen|all (manner Geschlechtern|families auf|on Erden|earth habe|have ich|I allein|only euch|you erkannt|know darum|above will|will ich|I auch|also euch|you heimsuchen|number in|in all|all (manner eurer|your Missetat|iniquity
3:3	Mögen|might auch|also zwei|two miteinander|together wandeln|go sie|they seien|be denn|because un eins|[eins] untereinander|meet
3:4	Brüllt|roar auch|also ein|a Löwe|lion im|in-the Walde|forest wenn|when er|he keinen|no Raub|prey hat|has Schreit|voice auch|also ein|a junger|young Löwe|lion aus|from seiner|his Höhle|den er|because un habe|have denn|for etwas|anything gefangen|take
3:5	Fällt|fall auch|also ein|a Vogel|bird in|above den|the Strick|snare auf|on der|the Erde|earth da|then kein|no Vogler|snare ist|is Hebt|offer man|one auch|also den|the Strick|snare auf|offer von|stringed instrument der|the Erde|earth der|the noch|take nichts|not gefangen|taken-captive hat|take
3:6	Bläst|blow man|one auch|also die|the Posaune|trumpet in|in einer|one Stadt|town daß|that sich|himself das|the Volk|nation davor|beware nicht|not entsetze|afraid Ist|be thou auch|also ein|a Unglück|evil in|in der|the Stadt|town daß|that der|the HERR|GOD nicht|not tue|make
3:7	Denn|and der|the Herr|LORD HERR|GOD tut|make nichts|not er|and offenbare|uncover denn|for sein|his Geheimnis|secret den|the Propheten|prophet seinen|his Knechten|servant
3:8	Der|the Löwe|lion brüllt|roar wer|what sollte|would sich|himself nicht|not fürchten|fear Der|the Herr|LORD HERR|GOD redet|speak wer|what sollte|would nicht|not weissagen|prophesy
3:9	Verkündigt|hear in|above den|the Palästen|[Palästen] zu|to Asdod|[Asdod] und|and in|above den|the Palästen|[Palästen] im|in-the Lande|land Ägypten|Egypt und|and sprecht|say Sammelt|[Sammelt] euch|you auf|above die|the Berge|mountain Samarias|Samaria und|and sehet|see welch|among ein|a großes|many Zetergeschrei|destruction und|and Unrecht|oppression darin|midst ist|is
3:10	Sie|they achten|know keines|not Rechts|uprightness spricht|saith der|the HERR|GOD sammeln|gather Schätze|[Schätze] von|from Frevel|violence und|and Raub|spoil in|in ihren|their Palästen|[Palästen]
3:11	Darum|prepare spricht|it-is-said der|the Herr|LORD HERR|GOD also|also man|enemy wird|will dies|this Land|land ringsumher|circuits bedrängen|[bedrängen] und|and dich|you von|stringed instrument deiner|your Macht|strength herunterreißen|descend und|and deine|your Häuser|[Häuser] plündern|[plündern]
3:12	So|also spricht|it-is-said der|the HERR|GOD Gleichwie|like ein|a Hirte|feed dem|the Löwen|[Löwen] zwei|two Kniee|leg oder|or ein|a Ohrläpplein|[Ohrläpplein] aus|stringed instrument dem|the Maul|mouth reißt|deliver also|prepare sollen|shall die|the Kinder|old Israel|Israelites herausgerissen|[herausgerissen] werden|deliver die|the zu|to Samaria|Samaria sitzen|dwell in|in der|the Ecke|side des|of-the Ruhebettes|bed und|and auf|on dem|the Lager|Damascus von|from Damast|bed
3:13	Höret|hear und|and zeuget|testify im|in-the Hause|household Jakob|Jacob spricht|saith der|the Herr|LORD HERR|GOD der|the Gott|God Zebaoth|host
3:14	Denn|for zu|to der|the Zeit|time wann|when ich|and die|the Sünden|transgression Israels|Israelites heimsuchen|surely-visit werde|number will|will ich|I die|above Altäre|altar zu|to Beth-|[Beth-] El|Bethel heimsuchen|number und|and die|the Hörner|horn des|of-the Altars|altar abbrechen|asunder daß|that sie|they zu|to Boden|decks fallen|fall sollen|shall
3:15	und|and will|will beide|both Winterhaus|winter und|above Sommerhaus|summer schlagen|smite und|and die|the elfenbeinernen|teeth Häuser|household sollen|shall untergehen|perish und|and viele|many Häuser|household verderbt|corrupt werden|consume spricht|saith der|the HERR|GOD
4:1	Höret|hear dies|this Wort|word ihr|you fetten|Bashan Kühe|kine die|the ihr|you auf|on dem|the Berge|mountain Samarias|Samaria seid|are und|and den|the Dürftigen|poor Unrecht|wrong tut|oppress und|and untertretet|oppressed die|the Armen|[Armen] und|and sprecht|say zu|to euren|your Herren|lords Bringe|bring her|here laß|let uns|us saufen|drink
4:2	Der|the Herr|LORD HERR|GOD hat|has geschworen|sware bei|with seiner|his Heiligkeit|holy Siehe|behold es|it kommt|comes die|and Zeit|time über|above euch|you daß|that man|one euch|you wird|will herausziehen|bear mit|with Angeln|shield und|and eure|your Nachkommen|generations mit|with Fischhaken|fish
4:3	Und|and ihr|you werdet|will zu|to den|the Lücken|breach hinausgehen|bring eine|a jegliche|each vor|before sich|himself hin|away und|and gen|to Harmon|palace weggeworfen|[weggeworfen] werden|cast spricht|saith der|the HERR|GOD
4:4	Ja|yes kommt|comes her|here gen|to Beth-|[Beth-] El|Bethel und|and treibt|[treibt] Sünde|transgress und|and gen|to Gilgal|Gilgal daß|that ihr|you der|the Sünden|transgress viel|many macht|multiply und|and bringt|bring eure|your Opfer|sacrifice des|of-the Morgens|morning und|and eure|your Zehnten|tithe des|of-the dritten|three Tages|time
4:5	und|and räuchert|incense vom|from-the Sauerteig|leaven zum|as-a Dankopfer|thanksgiving und|and ruft|call aus|from freiwillige|[freiwillige] Opfer|offerings und|and verkündigt|hear es|it denn|and so|prepare habt|have ihr|you s|[s] gern|for ihr|you Kinder|old Israel|Israelites spricht|saith der|the Herr|LORD HERR|GOD
4:6	Darum|therefore habe|have ich|I euch|you auch|also in|in allen|all (manner euren|your Städten|town müßige|innocency Zähne|teeth gegeben|put und|and Mangel|in want of am|on-the Brot|bread an|to allen|all (manner euren|your Orten|place doch|please bekehrtet|return ihr|you euch|you nicht|not zu|ever mir|me spricht|saith der|the HERR|GOD
4:7	Auch|also habe|have ich|I den|the Regen|rain über|stringed instrument euch|you verhalten|withhold da|then noch|testify drei|three Monate|month waren|were bis|until zur|to-the Ernte|harvest und|and ließ|had regnen|rain über|above eine|a Stadt|town und|and auf|on die|the andere|other Stadt|town ließ|had ich|I nicht|not regnen|rain ein|a Acker|portion ward|was beregnet|rain und|and der|the andere|other Acker|portion der|the nicht|not beregnet|rain ward|was verdorrte|withered
4:8	Und|and es|it zogen|shake zwei|two drei|three Städte|town zu|to einer|one Stadt|town daß|that sie|they Wasser|water trinken|drink möchten|drink und|and konnten|could nicht|not genug|enough finden|satisfy doch|please bekehrtet|[bekehrtet] ihr|you euch|return nicht|not zu|ever mir|me spricht|saith der|the HERR|GOD
4:9	Ich|I plagte|smite euch|you mit|with dürrer|[dürrer] Zeit|mildew und|and mit|with Brandkorn|blasting so|then fraßen|ate auch|also die|the Raupen|palmerworm alles|all was|multiply in|in euren|your Gärten|garden und|and Weinbergen|vineyard auf|on euren|your Feigenbäumen|fig und|and Ölbäumen|olive wuchs|grew doch|please bekehrtet|return ihr|you euch|you nicht|not zu|ever mir|me spricht|saith der|the HERR|GOD
4:10	Ich|I schickte|sent Pestilenz|pestilence unter|under euch|send gleicherweise|way wie|as in|in Ägypten|Egypt ich|I tötete|slay eure|your junge|young Mannschaft|[Mannschaft] durchs|through-the Schwert|sword und|hide ließ|had eure|your Pferde|horse gefangen|taken-captive wegführen|captivity und|and ließ|offer den|the Gestank|[Gestank] von|from eurem|your Heerlager|camp in|in eure|your Nasen|[Nasen] gehen|offer doch|please bekehrtet|return ihr|you euch|you nicht|not zu|ever mir|me spricht|saith der|the HERR|GOD
4:11	Ich|I kehrte|turn unter|under euch|you um|for wie|as Gott|God Sodom|Sodom und|and Gomorra|Gomorrah umkehrte|overthrow daß|that ihr|you waret|be thou wie|as ein|a Brand|[Brand] der|the aus|from dem|the Feuer|burning gerissen|made wird|deliver doch|please bekehrtet|return ihr|you euch|you nicht|not zu|ever mir|me spricht|saith der|the HERR|GOD
4:12	Darum|prepare will|will ich|I dir|you weiter|further also|also tun|make Israel|Israelites Weil|because ich|I denn|for dir|hereby (-in also|so tun|make will|will so|then schicke|[schicke] dich|prepare Israel|Israelites und|and begegne|meet deinem|your Gott|God
4:13	Denn|and siehe|behold er|he ist|is s|[s] der|the die|the Berge|mountain macht|form den|the Wind|wind schafft|create und|and zeigt|tell dem|the Menschen|man was|what er|he im|in-the Sinn|thought hat|has Er|he macht|make die|the Morgenröte|morning und|and die|the Finsternis|darkness er|he tritt|tread einher|[einher] auf|above den|the Höhen|heights der|the Erde|earth er|he heißt|name HERR|GOD Gott|God Zebaoth|host
5:1	Höret|hear ihr|you vom|from-the Hause|household Israel|Israelites dies|this Wort|word denn|for ich|I muß|must dies|this Klagelied|lamentation über|above euch|you machen|bear
5:2	Die|the Jungfrau|virgin Israel|Israelites ist|is gefallen|fall daß|that sie|they nicht|not wieder|more aufstehen|arise wird|will sie|they ist|is zu|above Boden|decks gestoßen|forsake und|and ist|is niemand|no-one der|the ihr|you aufhelfe|arise
5:3	Denn|and so|also spricht|it-is-said der|the Herr|LORD HERR|GOD Die|the Stadt|town da|then tausend|thousand ausgehen|bring soll|shall nur|only hundert|hundred übrig|and-those behalten|leave und|and da|then hundert|hundred ausgehen|bring die|the soll|shall nur|only zehn|ten übrig|and-those behalten|leave im|in-the Hause|household Israel|Israelites
5:4	Darum|and so|also spricht|it-is-said der|the HERR|GOD zum|as-a Hause|household Israel|Israelites Suchet|seek mich|me so|then werdet|will ihr|you leben|live
5:5	Suchet|seek nicht|not Beth-|[Beth-] El|Bethel und|and kommet|[kommet] nicht|not gen|to Gilgal|Gilgal und|and gehet|go nicht|not gen|pass Beer-|[Beer-] Seba|Seba den|and Gilgal|Gilgal wird|uncover gefangen|taken-captive weggeführt|[weggeführt] werden|uncover und|and Beth-|[Beth-] El|Bethel wird|will Beth-|[Beth-] Aven|[Aven] werden|be thou
5:6	Suchet|seek den|the HERRN|GOD so|then werdet|will ihr|you leben|live daß|that nicht|turn ein|a Feuer|fire im|in-the Hause|household Joseph|Joseph überhand|prevailed nehme|prosper das|the da|then verzehre|[verzehre] und|and das|the niemand|no-one löschen|[löschen] könne|quenched zu|to Beth-|[Beth-] El|Bethel
5:7	die|the ihr|you das|the Recht|judgment in|in Wermut|wormwood verkehrt|turn und|and die|the Gerechtigkeit|righteousness zu|to Boden|decks stoßt|leave
5:8	Er|he machte|make die|the Plejaden|Pleiades und|and den|the Orion|Orion der|the aus|from der|the Finsternis|shadow of death den|the Morgen|morning und|and aus|from dem|the Tag|time die|the finstere|darken Nacht|night macht|turn der|the dem|the Wasser|water im|in-the Meer|sea ruft|call und|and schüttet|[schüttet] es|shed auf|above den|the Erdboden|face er|GOD heißt|is-called HERR|name
5:9	der|the über|above den|the Starken|strong eine|a Verstörung|spoil anrichtet|comfort und|and bringt|bring eine|a Verstörung|spoil über|above die|the feste|firmament Stadt|hold
5:10	Aber|but sie|they sind|are dem|the gram|hate der|the sie|they im|in-the Tor|gate straft|reprove und|and halten|keep den|the für|for einen|a Greuel|abhor der|the heilsam|perfect lehrt|speak
5:11	Darum|prepare weil|because ihr|you die|above Armen|poor unterdrückt|treading und|and nehmt|take das|the Korn|corn mit|with großen|great Lasten|burden von|stringed instrument ihnen|them so|then sollt|shall ihr|you in|in den|the Häusern|household nicht|not wohnen|dwell die|the ihr|you von|from Werkstücken|hewn gebaut|[gebaut] habt|build und|and den|the Wein|wine nicht|not trinken|drink den|the ihr|you in|in den|the feinen|desirable Weinbergen|vineyard gepflanzt|plant habt|have
5:12	Denn|and ich|I weiß|know euer|your Übertreten|transgression des|of-the viel|many ist|is und|and eure|your Sünden|sin die|the stark|strong sind|are wie|as ihr|you die|the Gerechten|righteous drängt|enemy und|and Blutgeld|ransom nehmt|take und|and die|the Armen|[Armen] im|in-the Tor|gate unterdrückt|incline
5:13	Darum|prepare muß|must der|the Kluge|understand zur|he selben|very Zeit|time schweigen|silence denn|and es|he ist|is eine|a böse|evil Zeit|time
5:14	Suchet|seek das|the Gute|good und|and nicht|not das|the Böse|evil auf|on daß|answer ihr|you leben|life möget|live so|prepare wird|will der|the HERR|GOD der|the Gott|God Zebaoth|host bei|with euch|you sein|be thou wie|as ihr|you rühmet|[rühmet]
5:15	Hasset|hate das|the Böse|evil und|and liebet|[liebet] das|the Gute|good bestellt|set das|the Recht|judgment im|in-the Tor|gate so|then wird|will der|the HERR|GOD der|the Gott|God Zebaoth|host den|the übrigen|remnant in|in Joseph|Joseph gnädig|for sein|mercy
5:16	Darum|prepare so|also spricht|it-is-said der|the HERR|GOD der|the Gott|God Zebaoth|host der|the Herr|LORD Es|it wird|will in|in allen|all (manner Gassen|street Wehklagen|mourning sein|his und|and auf|on allen|all (manner Straßen|without wird|will man|one sagen|say “|[“] Weh|Alas weh|Alas ”|[”] und|and man|one wird|will den|the Ackermann|worker-of-the-ground zum|as-a Trauern|[Trauern] rufen|call und|and zum|as-a Wehklagen|mourning wer|who da|then weinen|wailing kann|know
5:17	In|in allen|all (manner Weinbergen|vineyard wird|will Wehklagen|mourning sein|his denn|and ich|I will|will unter|among euch|you fahren|pass spricht|it-is-said der|the HERR|GOD
5:18	Weh|woe denen|them die|the des|of-the HERRN|GOD Tag|time begehren|[begehren] Was|what soll|shall er|he euch|you Denn|for des|of-the HERRN|GOD Tag|time ist|is Finsternis|darkness und|and nicht|not Licht|light
5:19	Gleich|like als|when wenn|when jemand|someone vor|stringed instrument dem|the Löwen|[Löwen] flöhe|flee und|and ein|a Bär|bear begegnete|fall ihm|him und|and er|he käme|might-go in|in ein|a Haus|household und|and lehnte|lay sich|himself mit|with der|the Hand|by an|above die|the Wand|wall und|and eine|a Schlange|serpent stäche|bite ihn|him
5:20	Denn|for des|of-the HERRN|GOD Tag|time wird|will ja|yes finster|darkness und|and nicht|not licht|brightness sein|not dunkel|dim und|and nicht|not hell|[hell]
5:21	Ich|I bin|am euren|your Feiertagen|feast gram|hate und|and verachte|despise sie|they und|and mag|[mag] eure|your Versammlungen|assembly nicht|not riechen|smell
5:22	Und|and ob|whether ihr|you mir|me gleich|like Brandopfer|ascent und|and Speisopfer|offering opfert|offer so|then habe|have ich|I keinen|not Gefallen|subsided daran|accept so|then mag|[mag] ich|I auch|also eure|your feisten|fatling Dankopfer|peace nicht|not ansehen|look
5:23	Tue|do nur|only weg|depart von|stringed instrument mir|me das|the Geplärr|multitude deiner|your Lieder|song denn|for ich|I mag|[mag] dein|your Psalterspiel|psalteries nicht|not hören|hear
5:24	Es|it soll|shall aber|but das|the Recht|judgment offenbart|revealed-himself werden|roll wie|as Wasser|water und|and die|the Gerechtigkeit|righteousness wie|as ein|a starker|[starker] Strom|river
5:25	Habt|have ihr|you vom|from-the Hause|household Israel|Israelites mir|me in|in der|the Wüste|wilderness die|the vierzig|forty Jahre|year lang|long Schlachtopfer|sacrifice und|and Speisopfer|offering geopfert|come
5:26	Ihr|you truget|bear den|the Sikkuth|tabernacle euren|your König|royal und|and Chiun|Chiun euer|your Bild|image den|the Stern|star eurer|your Götter|gods welche|which ihr|you euch|you selbst|itself gemacht|made hattet|make
5:27	So|then will|will ich|I euch|you wegführen|uncover lassen|let jenseit|beyond Damaskus|Damascus spricht|it-is-said der|the HERR|GOD der|the Gott|God Zebaoth|host heißt|name
6:1	Weh|woe den|the Stolzen|ease zu|to Zion|Zion und|and denen|them die|the sich|himself auf|on den|the Berg|mountain Samarias|Samaria verlassen|leave den|the Vornehmsten|curse des|of-the Erstlings|beginning unter|under den|the Völkern|nation und|and zu|to denen|them das|the Haus|household Israel|Israelites kommt|comes
6:2	Gehet|go hin|pass gen|to Kalne|Calneh und|and schauet|see und|go von|stringed instrument da|in it gen|to Hamath|Hamath die|the große|many Stadt|city und|and zieht|go hinab|descend gen|to Gath|Gath der|the Philister|Philistine welche|which bessere|good Königreiche|kingdom gewesen|been sind|stringed instrument denn|for diese|these und|and ihre|their Grenze|border weiter|many denn|for eure|your Grenze|border
6:3	Die|the ihr|you euch|you weit|away vom|from-the bösen|evil Tag|time achtet|drive und|and trachtet|[trachtet] immer|continually nach|come Frevelregiment|seat
6:4	und|and schlaft|lie auf|above elfenbeinernen|teeth Lagern|bed und|and prangt|hang auf|above euren|your Ruhebetten|bed ihr|you eßt|eat die|the Lämmer|lamb aus|stringed instrument der|the Herde|flock und|stringed instrument die|midst gemästeten|stall Kälber|calf
6:5	und|and spielt|[spielt] auf|above dem|the Psalter|psalteries und|and erdichtet|count euch|vessel Lieder|song wie|as David|David
6:6	und|and trinkt|drink Wein|wine aus|from den|the Schalen|basons und|and salbt|anoint euch|you mit|beginning Balsam|oil und|and bekümmert|troubled euch|beseech nicht|not um|above den|the Schaden|destruction Josephs|Joseph
6:7	Darum|prepare sollen|shall sie|they nun|henceforth vornan|[vornan] gehen|uncover unter|under denen|head die|the gefangen|taken-captive weggeführt|uncover werden|be und|and soll|shall das|the Schlemmen|banquet der|the Pranger|hang aufhören|depart
6:8	Denn|for der|the Herr|LORD HERR|GOD hat|has geschworen|sware bei|with seiner|his Seele|soul spricht|saith der|the HERR|GOD der|the Gott|God Zebaoth|host Mich|me verdrießt|abhor die|the Hoffart|pride Jakobs|Jacob und|and ich|I bin|am ihren|their Palästen|[Palästen] gram|hate und|and ich|I will|will auch|also die|the Stadt|town übergeben|shut mit|with allem|all was|what darin|in-it ist|full
6:9	Und|be thou wenngleich|[wenngleich] zehn|ten Männer|men in|in einem|a Hause|household übrigbleiben|leave sollen|shall sie|they doch|please sterben|die
6:10	daß|that einen|a jeglichen|one sein|his Vetter|beloved und|and der|the ihn|him verbrennen|[verbrennen] will|burn nehmen|bear und|and die|the Gebeine|bone aus|stringed instrument dem|the Hause|household tragen|bear muß|bring und|and sagen|say zu|to dem|the der|the in|in den|the Gemächern|side des|of-the Hauses|household ist|is Sind|are ihrer|their auch|also noch|still mehr|testify da|hide und|and der|the wird|will antworten|answer Sie|they sind|are alle|all dahin|there Und|and er|he wird|will sagen|say Sei|be still|silence denn|and man|one darf|[darf] des|of-the Namens|name des|of-the HERRN|GOD nicht|not gedenken|remember
6:11	Denn|and siehe|behold der|the HERR|GOD hat|has geboten|command daß|that man|one die|the großen|great Häuser|household schlagen|smite soll|shall daß|that sie|they Risse|drop gewinnen|[gewinnen] und|and die|the kleinen|small Häuser|household daß|that sie|they Lücken|breach gewinnen|[gewinnen]
6:12	Wer|who kann|can mit|with Rossen|horse rennen|run oder|or mit|with Ochsen|ox pflügen|plow auf|on Felsen|rock Denn|and ihr|you wandelt|[wandelt] das|the Recht|judgment in|in Galle|gall und|and die|the Frucht|fruit der|the Gerechtigkeit|righteousness in|in Wermut|wormwood
6:13	und|and tröstet|[tröstet] euch|rejoice des|of-the das|the so|then gar|very nichts|not ist|is und|and sprecht|say Sind|take wir|we denn|for nicht|not stark|strength genug|enough mit|with unsern|our Hörnern|horn
6:14	Darum|and siehe|behold ich|I will|will über|above euch|you vom|from-the Hause|household Israel|Israelites ein|a Volk|nation erwecken|arise spricht|saith der|the HERR|GOD der|the Gott|God Zebaoth|host das|the soll|shall euch|you ängsten|oppress von|from dem|the Ort|place an|to da|then man|one gen|to Hamath|Hamath geht|goes bis|ever an|to den|the Bach|river in|in der|the Wüste|plain
7:1	Der|the Herr|LORD HERR|GOD zeigte|see mir|also ein|a Gesicht|vision und|and siehe|behold da|then stand|rose einer|form der|the machte|made Heuschrecken|grasshopper im|in-the Anfang|beginning da|then das|the Grummet|latter growth aufging|offer und|and siehe|behold das|the Grummet|latter growth stand|rose nachdem|when der|the König|royal hatte|had mähen|[mähen] lassen|fleece
7:2	Als|when sie|they nun|be thou das|the Kraut|herb im|in-the Lande|land gar|consume abgefressen|[abgefressen] hatten|had sprach|said ich|I Ach|I beseech  thee Herr|LORD HERR|GOD sei|be gnädig|forgive Wer|what will|will Jakob|Jacob wieder|back aufhelfen|arise denn|and er|he ist|is ja|yes gering|small
7:3	Da|then reute|comfort es|above den|the HERRN|GOD und|and er|GOD sprach|said Wohlan|now es|it soll|shall nicht|not geschehen|be thou
7:4	Der|the Herr|LORD HERR|GOD zeigte|see mir|me ein|a Gesicht|also und|and siehe|behold der|the Herr|LORD HERR|GOD rief|call dem|the Feuer|fire damit|thus zu|to strafen|plead das|the verzehrte|[verzehrte] die|the große|many Tiefe|deep und|and fraß|[fraß] das|the Ackerland|portion
7:5	Da|then sprach|said ich|I Ach|I beseech  thee Herr|LORD HERR|GOD laß|let ab|cease Wer|what will|will Jakob|Jacob wieder|back aufhelfen|arise denn|and er|he ist|is ja|yes gering|small
7:6	Da|then reute|comfort den|the HERRN|GOD das|above auch|also und|and der|the HERR|GOD Herr|LORD sprach|said Es|he soll|shall auch|also nicht|not geschehen|be thou
7:7	Er|he zeigte|see mir|me abermals|also ein|a Gesicht|vision und|and siehe|behold der|the Herr|LORD stand|stand auf|above einer|one Mauer|wall mit|with einer|one Bleischnur|[Bleischnur] gemessen|[gemessen] und|and er|he hatte|had die|the Bleischnur|[Bleischnur] in|in seiner|his Hand|by
7:8	Und|and der|the HERR|GOD sprach|said zu|to mir|me Was|what siehst|see du|you Amos|Amos Ich|I sprach|said Eine|a Bleischnur|[Bleischnur] Da|then sprach|said der|the Herr|LORD zu|to mir|me Siehe|behold ich|I will|will eine|a Bleischnur|[Bleischnur] ziehen|put mitten|among durch|through mein|my Volk|nation Israel|Israelites und|and ihm|him nichts|not mehr|testify übersehen|more
7:9	sondern|but die|the Höhen|heights Isaaks|Isaac sollen|shall verwüstet|desolate und|and die|the Heiligtümer|sanctuary Israels|Israelites zerstört|[zerstört] werden|waste und|and ich|I will|above mit|with dem|the Schwert|sword mich|me über|over das|the Haus|household Jerobeam|Jeroboam machen|arise
7:10	Da|then sandte|send Amazja|[Amazja] der|the Priester|priest zu|to Beth-|[Beth-] El|Bethel zu|to Jerobeam|Jeroboam dem|the König|royal Israels|Israelites und|and ließ|had ihm|him sagen|say Der|the Amos|Amos macht|conspired einen|a Aufruhr|above wider|among dich|you im|in-the Hause|household Israel|Israelites das|the Land|land kann|could seine|all (manner Worte|word nicht|not ertragen|contain
7:11	Denn|and so|also spricht|it-is-said Amos|Amos Jerobeam|Jeroboam wird|will durchs|through-the Schwert|sword sterben|die und|and Israel|Israelites wird|uncover aus|stringed instrument diesem|this Lande|land gefangen|taken-captive weggeführt|[weggeführt] werden|uncover
7:12	Und|and Amazja|[Amazja] sprach|said zu|to Amos|Amos Du|you Seher|seer gehe|go weg|go und|and flieh|flee ins|into-the Land|land Juda|Judah und|and iß|eat Brot|bread daselbst|in it und|and weissage|prophesy daselbst|in it
7:13	Und|more weissage|prophesy nicht|not mehr|testify zu|to Beth-|[Beth-] El|Bethel denn|and es|he ist|is des|of-the Königs|royal Heiligtum|sanctuary und|he des|of-the Königreichs|kingdom Haus|household
7:14	Amos|Amos antwortete|answer und|and sprach|said zu|to Amazja|[Amazja] Ich|I bin|am kein|not Prophet|prophet auch|also keines|not Propheten|prophet Sohn|old sondern|and ich|I bin|am ein|a Hirt|[Hirt] der|the Maulbeeren|sycamore abliest|gatherer
7:15	aber|but der|the HERR|GOD nahm|take mich|me von|stringed instrument der|the Herde|flock und|GOD sprach|said zu|to mir|me Geh|get hin|go und|and weissage|prophesy meinem|my Volk|nation Israel|Israelites
7:16	So|then höre|hear nun|henceforth des|of-the Herrn|GOD Wort|word Du|you sprichst|[sprichst] Weissage|prophesy nicht|not wider|above Israel|Israelites und|and predige|drop nicht|not wider|above das|the Haus|household Isaak|Isaac
7:17	Darum|prepare spricht|it-is-said der|the HERR|GOD also|also Dein|your Weib|wife wird|will in|in der|the Stadt|town zur|to-the Hure|cult-prostitute werden|whore und|and deine|your Söhne|old und|and Töchter|daughter sollen|shall durchs|through-the Schwert|sword fallen|fall und|and dein|your Acker|field soll|shall durch|through die|the Schnur|sorrows ausgeteilt|[ausgeteilt] werden|divide du|you aber|but sollst|above in|in einem|a unreinen|unclean Lande|land sterben|die und|and Israel|Israelites soll|uncover aus|stringed instrument seinem|his Lande|land vertrieben|[vertrieben] werden|uncover
8:1	Der|the Herr|LORD HERR|GOD zeigte|see mir|me ein|a Gesicht|also und|and siehe|behold da|then stand|rose ein|a Korb|cage mit|with reifem|[reifem] Obst|summer
8:2	Und|and er|he sprach|said Was|what siehst|see du|you Amos|Amos Ich|I aber|but antwortete|answered Einen|a Korb|cage mit|with reifem|[reifem] Obst|summer Da|then sprach|said der|the HERR|GOD zu|to mir|me Das|the Ende|end ist|is gekommen|come über|over mein|my Volk|nation Israel|Israelites ich|I will|more ihm|him nichts|not mehr|testify übersehen|pass
8:3	Und|and die|the Lieder|song in|in dem|the Palaste|temple sollen|shall in|in ein|a Heulen|howl verkehrt|[verkehrt] werden|be zur|to-the selben|he Zeit|time spricht|saith der|the Herr|LORD HERR|GOD es|it werden|be viele|many Leichname|carcase liegen|remain an|to allen|all (manner Orten|place die|the man|one in|in der|the Stille|silence hinwerfen|[hinwerfen] wird|cast
8:4	Hört|hear dies|hereby (-in die|the ihr|you den|the Armen|[Armen] unterdrückt|pant und|and die|the Elenden|poor im|in-the Lande|land verderbt|cease
8:5	und|and sprecht|say “|[“] Wann|long will|will denn|for der|the Neumond|month ein|a Ende|end haben|pass daß|that wir|we Getreide|corn verkaufen|buy und|and der|the Sabbat|sabbath daß|that wir|we Korn|corn feilhaben|open mögen|might und|and das|the Maß|measures verringern|be a  small und|and den|the Preis|shekel steigern|magnify und|and die|the Waage|balances fälschen|pervert
8:6	auf|on daß|that wir|we die|the Armen|poor um|for Geld|silver und|and die|the Dürftigen|[Dürftigen] um|for ein|a Paar|of-every Schuhe|shoe unter|under uns|us bringen|Buy und|and Spreu|flakes für|for Korn|corn verkaufen|buy ”|[”]
8:7	Der|the HERR|GOD hat|has geschworen|sware wider|against die|the Hoffart|pride Jakobs|Jacob Was|what gilt|[gilt] s|[s] ob|whether ich|I solcher|all (manner ihrer|their Werke|work ewig|ever vergessen|forget werde|forget
8:8	Sollte|would nicht|not um|for solches|above willen|sake das|the ganze|whole Land|land erbeben|[erbeben] müssen|tremble und|and alle|all (manner Einwohner|dwell trauern|[trauern] Ja|yes es|it soll|shall ganz|all (manner wie|as mit|with einem|a Wasser|river überlaufen|[überlaufen] werden|offer und|and weggeführt|divorced und|and überschwemmt|[überschwemmt] werden|drown wie|as mit|with dem|the Fluß|[Fluß] Ägyptens|Egypt
8:9	Zur|to-the selben|he Zeit|time spricht|saith der|the Herr|LORD HERR|GOD will|will ich|I die|the Sonne|sun am|on-the Mittag|noon untergehen|perish lassen|let und|and das|the Land|land am|on-the hellen|[hellen] Tage|time lassen|let finster|dark werden|darken
8:10	Ich|I will|will eure|your Feiertage|feast in|in Trauern|[Trauern] und|and alle|all (manner eure|your Lieder|song in|in Wehklagen|lamentation verwandeln|turn ich|I will|will über|above alle|all (manner Lenden|loins den|the Sack|sackcloth binden|tie und|above alle|all (manner Köpfe|head kahl|baldness machen|offer und|and will|will ihnen|them ein|a Trauern|[Trauern] schaffen|put wie|as man|one über|over einen|a einzigen|only Sohn|son hat|has und|and sie|they sollen|shall ein|a jämmerlich|bitter Ende|end nehmen|time
8:11	Siehe|behold es|it kommt|comes die|the Zeit|time spricht|saith der|the Herr|LORD HERR|GOD daß|that ich|I einen|a Hunger|famine ins|into-the Land|land schicken|send werde|send nicht|not einen|a Hunger|famine nach|after Brot|bread oder|not Durst|thirst nach|after Wasser|water sondern|and nach|after dem|the Wort|word des|of-the HERRN|GOD zu|to hören|hear
8:12	daß|that sie|they hin|away und|and her|shake von|from einem|a Meer|sea zum|ever andern|sea von|from Mitternacht|north gegen|ever Morgen|east umlaufen|gone und|and des|of-the HERRN|GOD Wort|word suchen|seek und|and doch|please nicht|not finden|find werden|be
8:13	Zu|he der|the Zeit|time werden|be die|the schönen|fair Jungfrauen|virgin und|and die|the Jünglinge|young-men verschmachten|faint vor|before Durst|thirst
8:14	die|the jetzt|was-giving-birth schwören|sware bei|with dem|the Fluch|curse Samarias|Samaria und|and sprechen|says “So|[“So] wahr|true dein|your Gott|God zu|to Dan|Dan lebt|live so|then wahr|true die|the Weise|way zu|to Beer-|[Beer-] Seba|Seba lebt|live ”|[”] Denn|for sie|they sollen|shall also|so fallen|fall daß|that sie|they nicht|not wieder|testify aufstehen|arise
9:1	Ich|I sah|see den|the Herrn|LORD auf|above dem|the Altar|altar stehen|stand und|and er|he sprach|said Schlage|smite an|to den|the Knauf|knop daß|that die|the Pfosten|door beben|shake und|and die|the Stücke|[Stücke] ihnen|them allen|all (manner auf|on den|the Kopf|head fallen|gained und|and ihre|their Nachkommen|generations will|will ich|I mit|with dem|the Schwert|sword erwürgen|slay daß|that keiner|not entfliehen|flee noch|not irgend|anyone einer|escape entgehen|[entgehen] soll|escape
9:2	Und|and wenn|when sie|they sich|himself gleich|like in|in die|the Hölle|grave vergrüben|dig soll|shall sie|they doch|please meine|my Hand|by von|stringed instrument dort|in it holen|take und|and wenn|when sie|they gen|to Himmel|heaven führen|offer will|will ich|I sie|stringed instrument doch|in it herunterstoßen|descend
9:3	und|and wenn|when sie|they sich|himself gleich|like versteckten|hide oben|head auf|on dem|the Berge|mountain Karmel|Carmel will|will ich|I sie|they doch|please daselbst|there suchen|search und|stringed instrument herabholen|in it und|and wenn|when sie|they sich|himself vor|stringed instrument meinen|my Augen|eye verbürgen|hide im|in-the Grunde|floor des|of-the Meeres|sea so|then will|will ich|stringed instrument doch|in it den|the Schlangen|serpent befehlen|command die|the sie|they daselbst|there stechen|strike sollen|bite
9:4	und|and wenn|when sie|they vor|face ihren|their Feinde|enemies hin|away gefangen|captivity gingen|go so|then will|will ich|stringed instrument doch|in it dem|the Schwert|sword befehlen|command daß|that es|it sie|they daselbst|there erwürgen|kill soll|slay Denn|for ich|I will|will meine|my Augen|eye über|above sie|they halten|put zum|as-a Unglück|evil und|and nicht|not zum|as-a Guten|good
9:5	Denn|for der|the Herr|LORD HERR|GOD Zebaoth|host ist|is ein|a solcher|such Wenn|when er|he ein|a Land|land anrührt|touch so|then zerschmilzt|melt es|it daß|that alle|all (manner Einwohner|dwell trauern|[trauern] müssen|must daß|that es|it soll|shall ganz|all (manner überlaufen|[überlaufen] werden|offer wie|as mit|with einem|a Wasser|river und|and überschwemmt|drown werden|be wie|as mit|with dem|the Fluß|river Ägyptens|Egypt
9:6	Er|he ist|is s|[s] der|the seinen|his Saal|degree in|in den|the Himmel|heaven baut|build und|and seine|his Hütte|tent auf|above Erden|earth gründet|foundation er|he ruft|call dem|the Wasser|water im|in-the Meer|sea und|and schüttet|[schüttet] s|shed auf|above das|the Erdreich|face er|he heißt|name HERR|GOD
9:7	Seid|are ihr|you Kinder|old Israel|Israelites mir|me nicht|not gleichwie|like Mohren|Ethiopian spricht|saith der|the HERR|GOD Habe|have ich|I nicht|not Israel|Israelites aus|stringed instrument Ägyptenland|Egypt-land geführt|offer und|and die|the Philister|Philistine aus|stringed instrument Kaphthor|Caphtor und|and die|the Syrer|Arameans aus|stringed instrument Kir|Kir
9:8	Siehe|behold die|the Augen|eye des|of-the Herrn|LORD HERRN|GOD sehen|see auf|on das|the sündige|sin Königreich|kingdom daß|that ich|I s|[s] vom|stringed instrument Erdboden|face vertilge|destroy wiewohl|because ich|I das|the Haus|household Jakob|Jacob nicht|not ganz|destroy und|and gar|very vertilgen|destroy will|will spricht|saith der|the HERR|GOD
9:9	Denn|and siehe|behold ich|I will|will befehlen|command und|and das|the Haus|household Israel|Israelites unter|under alle|all (manner Heiden|nation sichten|[sichten] lassen|shake gleichwie|like man|one mit|with einem|a Sieb|sieve sichtet|shake und|and kein|not Körnlein|bundle soll|shall auf|on die|the Erde|earth fallen|fall
9:10	Alle|all (manner Sünder|sinner in|in meinem|my Volk|nation sollen|shall durchs|through-the Schwert|sword sterben|die die|the da|then sagen|say Es|it wird|will das|the Unglück|evil nicht|not so|ever nahe|near sein|come noch|still uns|us begegnen|prevent
9:11	Zur|he selben|very Zeit|time will|will ich|I die|the zerfallene|fall Hütte|tabernacle Davids|David wieder|back aufrichten|arise und|and ihre|their Lücken|breach verzäunen|make und|and was|what abgebrochen|ruin ist|is wieder|back aufrichten|arise und|and will|will sie|they bauen|build wie|as sie|time vorzeiten|ever gewesen|been ist|is
9:12	auf|on daß|answer sie|they besitzen|possess die|the übrigen|remnant zu|to Edom|Edom und|and alle|all (manner Heiden|nation über|over welche|which mein|above Namen|name genannt|call ist|is spricht|saith der|the HERR|GOD der|the solches|hereby (-in tut|make
9:13	Siehe|behold es|it kommt|comes die|the Zeit|time spricht|saith der|the HERR|GOD daß|that man|one zugleich|come ackern|plow und|and ernten|reap und|and zugleich|[zugleich] keltern|tread und|and säen|[säen] wird|draw und|and die|the Berge|mountain werden|be von|from süßem|[süßem] Wein|juice triefen|drop und|and alle|all (manner Hügel|hill werden|be fruchtbar|fruitful sein|melt
9:14	Denn|for ich|I will|will das|the Gefängnis|captivity meines|my Volkes|nation Israel|Israelites wenden|return daß|that sie|they sollen|shall die|the wüsten|desolate Städte|town bauen|build und|and bewohnen|dwell Weinberge|vineyard pflanzen|plant und|and Wein|wine davon|from-which trinken|drink Gärten|garden machen|make und|and Früchte|fruit daraus|from-which essen|eat
9:15	Denn|for ich|I will|will sie|they in|above ihr|you Land|land pflanzen|plant daß|that sie|they nicht|not mehr|testify aus|stringed instrument ihrem|her Lande|land ausgerottet|cut-off werden|destroyed das|the ich|I ihnen|them gegeben|given habe|put spricht|it-is-said der|the HERR|GOD dein|your Gott|God
