1:1	Dies|this sind|are die|the Reden|word des|of-the Predigers|preacher des|of-the Sohnes|SON'S Davids|David des|of-the Königs|royal zu|to Jerusalem|Jerusalem
1:2	Es|it ist|vanity alles|all ganz|all eitel|vanity sprach|said der|the Prediger|preacher es|it ist|is alles|all ganz|all eitel|vanity
1:3	Was|profit hat|has der|the Mensch|man für|for Gewinn|profit von|from aller|all seiner|his Mühe|labour die|the er|he hat|labour unter|under der|the Sonne|sun
1:4	Ein|a Geschlecht|generation vergeht|go das|the andere|generation kommt|comes die|the Erde|earth aber|but bleibt|stood ewiglich|ever
1:5	Die|the Sonne|sun geht|arise auf|on und|sun geht|goes unter|under und|and läuft|pant an|to ihren|their Ort|place daß|that sie|they wieder|back daselbst|there aufgehe|arise
1:6	Der|the Wind|wind geht|go gen|to Mittag|south und|and kommt|comes herum|compass zur|to-the Mitternacht|north und|wind wieder|back herum|go an|to den|the Ort|circuits da|wind er|he anfing|return
1:7	Alle|all Wasser|river laufen|go ins|into-the Meer|sea doch|please wird|will das|the Meer|sea nicht|not voller|full an|to den|the Ort|place da|then sie|river her|here fließen|go fließen|[fließen] sie|go wieder|back hin|return
1:8	Es|it sind|are alle|all Dinge|word so|then voll|filled-with Mühe|weary daß|that es|it niemand|no-one ausreden|speak kann|could Das|the Auge|eye sieht|sees sich|see nimmer|[nimmer] satt|satisfy und|and das|the Ohr|[Ohr] hört|hear sich|hear nimmer|[nimmer] satt|fill
1:9	Was|what ist|is s|[s] das|the geschehen|happened ist|is Eben|on-that das|the hernach|afterwards geschehen|happened wird|will Was|what ist|is s|[s] das|the man|one getan|done hat|make Eben|on-that das|the man|one hernach|afterwards tun|do wird|make und|and geschieht|[geschieht] nichts|nothing Neues|new unter|under der|the Sonne|sun
1:10	Geschieht|is auch|also etwas|word davon|from-which man|one sagen|say möchte|might Siehe|see das|the ist|is neu|new Es|it ist|is zuvor|former auch|already geschehen|happened in|in den|the langen|[langen] Zeiten|ever die|the vor|face uns|us gewesen|been sind|are
1:11	Man|one gedenkt|[gedenkt] nicht|memorial derer|[derer] die|the zuvor|former gewesen|been sind|first also|so auch|also derer|memorial so|then hernach|afterwards kommen|come wird|will man|one nicht|not gedenken|memorial bei|with denen|them die|the darnach|after sein|his werden|be
1:12	Ich|I der|the Prediger|preacher war|was König|royal zu|to Jerusalem|Jerusalem
1:13	und|and richtete|put mein|my Herz|heart zu|to suchen|search und|and zu|to forschen|seek weislich|wisdom alles|all was|what man|make unter|under dem|the Himmel|heaven tut|make Solche|these unselige|evil Mühe|travail hat|has Gott|God den|the Menschenkindern|CHILDREN-OF-MEN gegeben|put daß|that sie|they sich|himself darin|in-it müssen|must quälen|afflict
1:14	Ich|I sah|see an|to alles|all Tun|work das|the unter|under der|the Sonne|sun geschieht|make und|and siehe|behold es|it war|was alles|all eitel|vanity und|and Haschen|vexation nach|after dem|the Wind|wind
1:15	Krumm|pervert kann|could nicht|not schlicht|[schlicht] werden|to equalise noch|number was|what fehlt|wanting gezählt|counted werden|number
1:16	Ich|I sprach|speak in|in meinem|my Herzen|heart Siehe|behold ich|I bin|am herrlich|wisdom geworden|magnify und|and habe|have mehr|more Weisheit|more denn|for alle|all die|the vor|face mir|Jerusalem gewesen|been sind|heart zu|to Jerusalem|Jerusalem und|and mein|my Herz|heart hat|has viel|multiply gelernt|wisdom und|knowledge erfahren|see
1:17	Und|and richtete|pitched auch|put mein|my Herz|heart darauf|put daß|that ich|wisdom erkennte|know Weisheit|wisdom und|and erkennte|[erkennte] Tollheit|madness und|and Torheit|folly Ich|I ward|was aber|but gewahr|know daß|that solches|this auch|also Mühe|vexation um|for Wind|wind ist|is
1:18	Denn|for wo|where viel|multitude Weisheit|wisdom ist|is da|then ist|is viel|multitude Grämens|grief und|and wer|knowledge viel|more lernt|knowledge der|the muß|must viel|more leiden|sorrow
2:1	Ich|I sprach|said in|in meinem|my Herzen|heart Wohlan|go ich|I will|prove wohl|joy leben|prove und|see gute|good Tage|good haben|see Aber|but siehe|behold das|the war|was auch|also eitel|vanity
2:2	Ich|I sprach|said zum|as-a Lachen|laughter Du|you bist|are toll|praise und|and zur|to-the Freude|joy Was|this machst|make du|you
2:3	Da|heart dachte|search ich|I in|in meinem|my Herzen|heart meinen|my Leib|flesh mit|with Wein|wine zu|to pflegen|draw doch|please also|so daß|lead mein|my Herz|heart mich|me mit|with Weisheit|wisdom leitete|lead und|folly zu|to ergreifen|GRASP was|what Torheit|outrage ist|folly bis|until ich|I lernte|see was|WHAT dem|the Menschen|man gut|good wäre|was daß|that sie|they tun|do sollten|make solange|number sie|live unter|under dem|the Himmel|heaven leben|live
2:4	Ich|I tat|did große|magnify Dinge|work ich|I baute|build Häuser|household pflanzte|plant Weinberge|vineyard
2:5	ich|I machte|make mir|me Gärten|garden und|and Lustgärten|orchard und|and pflanzte|plant allerlei|every fruchtbare|fruit Bäume|tree darein|fruit
2:6	ich|I machte|make mir|me Teiche|pool daraus|from-which zu|to wässern|drink den|the Wald|forest der|the grünenden|grow Bäume|tree
2:7	ich|I hatte|Buy Knechte|servant und|and Mägde|handmaid und|and auch|also Gesinde|SERVANTS im|in-the Hause|house geboren|BORN ich|I hatte|had eine|a größere|GREATER Habe|cattle an|to Rindern|ox und|and Schafen|flock denn|for alle|all die|the vor|face mir|me zu|to Jerusalem|Jerusalem gewesen|been waren|were
2:8	ich|I sammelte|gather mir|me auch|also Silber|silver und|and Gold|gold und|and von|peculiar den|the Königen|royal und|and Ländern|province einen|a Schatz|peculiar ich|I schaffte|make mir|me Sänger|sing und|and Sängerinnen|sing und|and die|the Wonne|delight der|the Menschen|MEN allerlei|spoil Saitenspiel|spoil
2:9	und|and nahm|took zu|more über|over alle|all die|the vor|face mir|me zu|to Jerusalem|Jerusalem gewesen|been waren|were auch|also blieb|stood meine|my Weisheit|wisdom bei|with mir|me
2:10	und|and alles|all was|what meine|my Augen|eye wünschten|ask das|the ließ|had ich|I ihnen|them und|and wehrte|withhold meinem|my Herzen|heart keine|no Freude|joy daß|that es|heart fröhlich|merry war|rejoice von|from aller|all meiner|my Arbeit|labour und|and das|the hielt|holding ich|I für|for mein|my Teil|portion von|from aller|all meiner|my Arbeit|labour
2:11	Da|then ich|I aber|but ansah|turn alle|all meine|my Werke|work die|the meine|my Hand|by gemacht|made hatte|make und|and die|the Mühe|labour die|the ich|make gehabt|had hatte|labour siehe|behold da|then war|was es|it alles|all eitel|vanity und|and Haschen|vexation nach|after dem|the Wind|wind und|and kein|no Gewinn|profit unter|under der|the Sonne|sun
2:12	Da|then wandte|turned ich|I mich|turn zu|to sehen|see die|the Weisheit|wisdom und|and die|the Tollheit|madness und|and Torheit|folly Denn|for wer|who weiß|know was|what der|the für|for ein|a Mensch|man werden|be wird|will nach|after dem|the König|royal den|the sie|they schon|already bereit|already gemacht|made haben|make
2:13	Da|then ich|I aber|but sah|see daß|that die|the Weisheit|wisdom die|the Torheit|folly übertraf|profit wie|as das|the Licht|light die|the Finsternis|darkness
2:14	daß|eye dem|the Weisen|wise seine|his Augen|eye im|in-the Haupt|head stehen|head aber|but die|the Narren|fool in|in der|the Finsternis|darkness gehen|go und|and merkte|know doch|please daß|that es|it einem|a geht|goes wie|as dem|the andern|happen
2:15	Da|then dachte|thought ich|I in|in meinem|my Herzen|heart Weil|because es|it denn|also mir|happen geht|befall wie|as dem|the Narren|fool warum|why habe|have ich|I denn|more nach|after Weisheit|[Weisheit] getrachtet|exceeding Da|then dachte|thought ich|speak in|in meinem|my Herzen|heart daß|that solches|this auch|also eitel|vanity sei|be
2:16	Denn|for man|one gedenkt|REMEMBERS des|of-the Weisen|wise nicht|not immerdar|FOREVER ebenso|JUST-AS wenig|LITTLE wie|as des|of-the Narren|fool und|and die|the künftigen|latter Tage|time vergessen|forget alles|ALL und|and wie|AS der|the Narr|fool stirbt|DIES also|so auch|ALSO der|the Weise|wise
2:17	Darum|therefore verdroß|were-indignant mich|hate zu|to leben|live denn|for es|work gefiel|pleased mir|me übel|evil was|what unter|under der|the Sonne|sun geschieht|make daß|that alles|all eitel|bitter ist|vanity und|and Haschen|vexation nach|after dem|the Wind|wind
2:18	Und|and mich|me verdroß|hate alle|all meine|my Arbeit|labour die|the ich|labour unter|under der|the Sonne|sun hatte|labour daß|that ich|I dieselbe|leave einem|a Menschen|man lassen|let müßte|leave der|the nach|after mir|me sein|his sollte|would
2:19	Denn|for wer|who weiß|know ob|whether er|he weise|wise oder|or toll|[toll] sein|his wird|fool und|and soll|shall doch|please herrschen|rule in|in aller|all meiner|my Arbeit|labour die|the ich|labour weislich|exceeding getan|done habe|labour unter|under der|the Sonne|sun Das|the ist|is auch|also eitel|vanity
2:20	Darum|therefore wandte|turned ich|I mich|compass daß|that mein|my Herz|heart abließe|despair von|from aller|all Arbeit|labour die|the ich|I tat|labour unter|under der|the Sonne|sun
2:21	Denn|for es|it muß|is ein|a Mensch|man der|the seine|his Arbeit|labour mit|with Weisheit|wisdom Vernunft|knowledge und|and Geschicklichkeit|good getan|done hat|has sie|put einem|a andern|another zum|as-a Erbteil|portion lassen|put der|the nicht|not daran|by-this gearbeitet|[gearbeitet] hat|labour Das|the ist|is auch|also eitel|vanity und|and ein|a großes|many Unglück|evil
2:22	Denn|for was|what kriegt|be der|the Mensch|man von|from aller|all seiner|his Arbeit|labour und|and Mühe|vexation seines|his Herzens|heart die|the er|he hat|labour unter|under der|the Sonne|sun
2:23	Denn|for alle|all seine|his Lebtage|time hat|has er|he Schmerzen|sorrow mit|with Grämen|travail und|and Leid|grief daß|that auch|night sein|his Herz|heart des|of-the Nachts|night nicht|vanity ruht|lie Das|the ist|is auch|also eitel|vanity
2:24	Ist|is s|[s] nun|now nicht|not besser|good dem|the Menschen|man daß|that er|he esse|eat und|and trinke|drink und|and seine|his Seele|soul guter|skilled Dinge|good sei|see in|in seiner|his Arbeit|labour Aber|but solches|this sah|saw ich|I auch|see daß|that es|it von|from Gottes|of-God Hand|by kommt|comes
2:25	Denn|for wer|who kann|can fröhlich|merry essen|eat und|and sich|himself ergötzen|haste ohne|without ihn|him
2:26	Denn|put dem|the Menschen|man der|good ihm|face gefällt|good gibt|gives er|put Weisheit|wisdom Vernunft|knowledge und|and Freude|joy aber|but dem|the Sünder|sin gibt|gives er|put Mühe|travail daß|that er|he sammle|gather und|and häufe|gather und|and es|it doch|please dem|the gegeben|given werde|put der|good Gott|God gefällt|good Darum|therefore ist|is das|the auch|also eitel|vanity und|and Haschen|vexation nach|after dem|the Wind|wind
3:1	Ein|a jegliches|one hat|has seine|his Zeit|time und|and alles|all Vornehmen|pleasure unter|under dem|the Himmel|heaven hat|has seine|his Stunde|time
3:2	Geboren|time werden|beget und|time sterben|DIE pflanzen|plant und|time ausrotten|hough was|what gepflanzt|[gepflanzt] ist|plant
3:3	würgen|slay und|time heilen|heal brechen|increase und|time bauen|build
3:4	weinen|weep und|time lachen|play klagen|mourn und|time tanzen|dance
3:5	Stein|stone zerstreuen|cast und|time Steine|stones sammeln|gather herzen|embrace und|time ferne|far sein|remove von|from Herzen|embrace
3:6	suchen|seek und|time verlieren|[verlieren] behalten|keep und|time wegwerfen|cast
3:7	zerreißen|rent und|time zunähen|sew schweigen|still und|time reden|speak
3:8	lieben|[lieben] und|time hassen|hate Streit|war und|time Friede|peace hat|has seine|his Zeit|time
3:9	Man|one arbeite|make wie|as man|one will|labour so|then hat|has man|one doch|please keinen|no Gewinn|profit davon|from-which
3:10	Ich|I sah|see die|the Mühe|travail die|the Gott|God den|the Menschen|man gegeben|given hat|put daß|that sie|they darin|in-it geplagt|[geplagt] werden|afflict
3:11	Er|he aber|fair tut|make alles|all fein|fair zu|to seiner|his Zeit|time und|and läßt|ever ihr|you Herz|heart sich|himself ängsten|put wie|as es|it gehen|go solle|[solle] in|in der|the Welt|ever denn|corruption der|the Mensch|man kann|can doch|please nicht|not treffen|find das|the Werk|work das|the Gott|God tut|make weder|neither Anfang|head noch|still Ende|end
3:12	Darum|therefore merkte|knew ich|know daß|that nichts|nothing Besseres|good darin|in-it ist|is denn|for fröhlich|merry sein|rejoice und|and sich|himself gütlich|good tun|make in|in seinem|his Leben|live
3:13	Denn|for ein|a jeglicher|one Mensch|man der|the da|then ißt|eat und|and trinkt|drink und|and hat|has guten|good Mut|see in|in aller|all seiner|his Arbeit|labour das|the ist|is eine|a Gabe|gift Gottes|of-God
3:14	Ich|I merkte|know daß|that alles|all was|what Gott|God tut|make das|the besteht|[besteht] immer|ever man|one kann|can nichts|nothing dazutun|more noch|still abtun|diminish und|and solches|this tut|make Gott|God daß|that man|one sich|fear vor|before ihm|face fürchten|[fürchten] soll|fear
3:15	Was|what geschieht|[geschieht] das|the ist|is zuvor|former geschehen|already und|and was|what geschehen|happened wird|will ist|is auch|also zuvor|already geschehen|happened und|and Gott|God sucht|seek wieder|back auf|on was|what vergangen|passed ist|pursue
3:16	Weiter|further sah|saw ich|see unter|under der|the Sonne|sun Stätten|place des|of-the Gerichts|judgment da|then war|was ein|a gottlos|[gottlos] Wesen|wickedness und|and Stätten|place der|the Gerechtigkeit|righteousness da|then waren|were Gottlose|wickedness
3:17	Da|then dachte|thought ich|I in|in meinem|my Herzen|heart Gott|God muß|righteous richten|plead den|the Gerechten|righteous und|and den|the Gottlosen|wicked denn|for es|it hat|time alles|all Vornehmen|pleasure seine|his Zeit|time und|and alle|all Werke|work
3:18	Ich|I sprach|said in|in meinem|my Herzen|heart Es|it geschieht|[geschieht] wegen|cause der|the Menschenkinder|CHILDREN-OF-MEN auf|on daß|that Gott|God sie|they prüfe|pure und|and sie|they sehen|see daß|that sie|walk an|to sich|himself selbst|itself sind|are wie|as das|the Vieh|livestock
3:19	Denn|FOR es|it geht|befall dem|the Menschen|man wie|befall dem|the Vieh|livestock wie|as dies|this stirbt|DIES so|then stirbt|DIES er|this auch|ALSO und|and haben|have alle|all einerlei|one Odem|breath und|profit der|the Mensch|man hat|has nichts|NO mehr|MORE als|THAN das|the Vieh|livestock denn|for es|it ist|is alles|all eitel|vanity
3:20	Es|it fährt|go alles|all an|to einen|a Ort|place es|it ist|is alles|all von|from Staub|dust gemacht|dust und|and wird|will wieder|return zu|to Staub|dust
3:21	Wer|who weiß|know ob|whether der|the Odem|wind der|the Menschen|man aufwärts|upward fahre|offer und|and der|the Odem|wind des|of-the Viehes|[Viehes] abwärts|beneath unter|under die|the Erde|earth fahre|descend
3:22	So|then sah|saw ich|I denn|see daß|that nichts|nothing Besseres|good ist|is als|when daß|that ein|a Mensch|man fröhlich|merry sei|rejoice in|in seiner|his Arbeit|work denn|for das|the ist|is sein|his Teil|portion Denn|for wer|who will|will ihn|him dahin|there bringen|bring daß|that er|he sehe|see was|what nach|after ihm|him geschehen|happened wird|will
4:1	Ich|I wandte|turned mich|me um|return und|and sah|saw an|see alles|all Unrecht|oppression das|sun geschah|make unter|under der|the Sonne|sun und|and siehe|behold da|then waren|were die|the Tränen|tear derer|[derer] so|then Unrecht|wrong litten|oppress und|and hatten|had keinen|no Tröster|comfort und|and die|by ihnen|them Unrecht|wrong taten|oppress waren|were zu|to mächtig|strength daß|that sie|they keinen|no Tröster|[Tröster] haben|have konnten|comfort
4:2	Da|then lobte|PRAISED ich|I die|the Toten|DEAD die|the schon|already gestorben|died waren|WERE mehr|more denn|for die|the Lebendigen|live die|the noch|yet das|the Leben|live hatten|had
4:3	und|and besser|good als|when alle|all beide|two ist|good der|the noch|yet nicht|not ist|is und|see des|of-the Bösen|evil nicht|see innewird|work das|the unter|under der|the Sonne|sun geschieht|make
4:4	Ich|I sah|see an|to Arbeit|labour und|and Geschicklichkeit|good in|in allen|all Sachen|work da|then neidet|jealousy einer|one den|the andern|neighbour Das|the ist|is auch|also eitel|vanity und|and Haschen|vexation nach|after dem|the Wind|wind
4:5	Ein|a Narr|fool schlägt|embrace die|the Finger|by ineinander|embrace und|and verzehrt|have-eaten sich|himself selbst|flesh
4:6	Es|it ist|is besser|good eine|a Handvoll|hand mit|with Ruhe|rest denn|for beide|both Fäuste|hand voll|full mit|with Mühe|labour und|and Haschen|vexation nach|after Wind|wind
4:7	Ich|I wandte|turned mich|me um|return und|and sah|see die|the Eitelkeit|vanity unter|under der|the Sonne|sun
4:8	Es|it ist|is ein|a einzelner|[einzelner] und|and nicht|not selbander|second und|and hat|has weder|neither Kind|CHILD noch|still Bruder|brother doch|please ist|is seines|his Arbeitens|labour kein|no Ende|end und|and seine|his Augen|eyes werden|eye Reichtums|riches nicht|not satt|satisfy Wem|to-whom arbeite|[arbeite] ich|labour doch|please und|soul breche|want meiner|my Seele|soul ab|want Das|the ist|is auch|also eitel|vanity und|and eine|a böse|evil Mühe|travail
4:9	So|then ist|is s|[s] ja|yes besser|good zwei|two als|when eins|[eins] denn|for sie|is genießen|hire doch|please ihrer|their Arbeit|labour wohl|good
4:10	Fällt|[Fällt] ihrer|fall einer|one so|then hilft|arise ihm|him sein|his Gesell|companions auf|arise Weh|[Weh] dem|the der|the allein|only ist|is Wenn|when er|he fällt|fall so|then ist|is keiner|none da|second der|the ihm|him aufhelfe|arise
4:11	Auch|also wenn|when zwei|two beieinander|together liegen|lie wärmen|[wärmen] sie|they sich|enflame self wie|as kann|can ein|a einzelner|[einzelner] warm|[warm] werden|conceive
4:12	Einer|one mag|[mag] überwältigt|[überwältigt] werden|prevail aber|but zwei|two mögen|two widerstehen|stood und|and eine|a dreifältige|threefold Schnur|thread reißt|[reißt] nicht|not leicht|quickly entzwei|break
4:13	Ein|a armes|poor Kind|child das|the weise|manner ist|wise ist|poor besser|good denn|for ein|a alter|elders König|royal der|the ein|a Narr|[Narr] ist|fool und|and weiß|know nicht|know sich|himself zu|to hüten|warn
4:14	Es|it kommt|comes einer|bring aus|from dem|the Gefängnis|prison zum|as-a Königreich|reign und|and einer|one der|the in|in seinem|his Königreich|kingdom geboren|born ist|beget verarmt|poor
4:15	Und|and ich|I sah|see daß|that alle|all Lebendigen|live unter|under der|the Sonne|sun wandelten|go bei|child dem|the andern|second dem|the Kinde|child das|the an|to jenes|that Statt|place sollte|would aufkommen|stood
4:16	Und|end des|of-the Volks|nation das|the vor|face ihm|him ging|went war|was kein|no Ende|end und|and des|face das|the ihm|him nachging|[nachging] und|and wurden|were sein|his doch|please nicht|not froh|rejoice Das|the ist|is auch|also eitel|vanity und|and Mühe|vexation um|for Wind|wind
5:1	[4|[[4] 17]|[17]] Bewahre|keep deinen|your Fuß|feet wenn|when du|you zum|as-a Hause|household Gottes|of-God gehst|go und|and komme|near daß|that du|you hörst|hear Das|the ist|is besser|put als|when der|the Narren|fool Opfer|sacrifice denn|for sie|they wissen|know nicht|not was|what sie|they Böses|evil tun|make
5:2	Sei|be nicht|not schnell|[schnell] mit|with deinem|your Munde|mouth und|and laß|let dein|your Herz|heart nicht|word eilen|haste was|word zu|to reden|bring vor|face Gott|God denn|for Gott|God ist|is im|in-the Himmel|heaven und|and du|you auf|on Erden|earth darum|therefore laß|let deiner|your Worte|word wenig|little sein|his
5:3	Denn|dream wo|where viel|multitude Sorgen|[Sorgen] ist|travail da|then kommen|come Träume|dream und|voice wo|where viel|multitude Worte|words sind|word da|then hört|hear man|voice den|the Narren|fool
5:4	Wenn|when du|vow Gott|God ein|a Gelübde|vow tust|vow so|then verzieh|[verzieh] nicht|not es|it zu|to halten|pay denn|for er|he hat|has kein|no Gefallen|pleasure an|to den|the Narren|fool Was|what du|you gelobst|vow das|the halte|pay
5:5	Es|it ist|is besser|good du|you gelobst|[gelobst] nichts|vow denn|for daß|vow du|you nicht|not hältst|pay was|what du|you gelobst|vow
5:6	Laß|put deinem|your Mund|mouth nicht|not zu|put daß|that er|he dein|your Fleisch|flesh verführe|sin und|and sprich|say vor|face dem|the Engel|angel nicht|face Es|it ist|is ein|a Versehen|unawares Gott|God möchte|might erzürnen|wroth über|over deine|your Stimme|voice und|and verderben|destroy alle|all Werke|work deiner|your Hände|by
5:7	Wo|where viel|multitude Träume|dreams sind|dream da|then ist|multiply Eitelkeit|vanity und|and viel|multiply Worte|word aber|but fürchte|fear du|fear Gott|God
5:8	Siehst|see du|oppression dem|the Armen|poor Unrecht|oppression tun|do und|and Recht|violence und|and Gerechtigkeit|righteousness im|in-the Lande|province wegreißen|see wundere|[wundere] dich|marvel des|of-the Vornehmens|[Vornehmens] nicht|pleasure denn|for es|it ist|is ein|a hoher|high Hüter|high über|over den|the Hohen|high und|and sind|are noch|still Höhere|high über|over die|the beiden|above
5:9	Und|and immer|continually ist|is s|[s] Gewinn|profit für|for ein|a Land|land wenn|when ein|a König|royal da|then ist|is für|for das|the Feld|field das|the man|one baut|serve
5:10	Wer|who Geld|silver liebt|[liebt] wird|will Geldes|silver nimmer|[nimmer] satt|satisfy und|and wer|who Reichtum|multitude liebt|[liebt] wird|will keinen|no Nutzen|[Nutzen] davon|from-which haben|increase Das|the ist|is auch|also eitel|vanity
5:11	Denn|for wo|where viel|many Guts|good ist|multiply da|then sind|are viele|increased die|the es|it essen|eat und|and was|what genießt|[genießt] davon|good der|the es|it hat|man außer|except daß|that er|he s|behold mit|with Augen|eye ansieht|behold
5:12	Wer|who arbeitet|serve dem|the ist|sweet der|the Schaf|sleep süß|sweet er|he habe|have wenig|little oder|or viel|multiply gegessen|eaten aber|but die|the Fülle|plenty des|of-the Reichen|rich läßt|leave ihn|him nicht|not schlafen|sleep
5:13	Es|it ist|is ein|evil böses|beseech Übel|evil das|the ich|I sah|see unter|under der|the Sonne|sun Reichtum|riches behalten|keep zum|as-a Schaden|evil dem|the der|the ihn|him hat|man
5:14	Denn|for der|the Reiche|riches kommt|comes um|for mit|with großem|evil Jammer|travail und|and so|then er|beget einen|a Sohn|SON gezeugt|fathered hat|beget dem|the bleibt|stay nichts|nothing in|in der|the Hand|by
5:15	Wie|as er|bring nackt|naked ist|bring von|from seine|his Mutter|mother Leibe|womb gekommen|bring so|naked fährt|go er|naked wieder|return hin|go wie|as er|he gekommen|come ist|is und|nothing nimmt|bear nichts|nothing mit|with sich|bear von|from seiner|his Arbeit|labour in|in seiner|his Hand|by wenn|when er|he hinfährt|go
5:16	Das|the ist|this ein|evil böses|beseech Übel|evil daß|that er|he hinfährt|go wie|as er|he gekommen|come ist|is Was|what hilft|[hilft] s|profit ihm|him denn|for daß|that er|he in|in den|the Wind|wind gearbeitet|[gearbeitet] hat|labour
5:17	Sein|his Leben|life lang|long hat|has er|time im|in-the Finstern|darkness gegessen|eaten und|and in|in großem|multiply Grämen|anger und|and Krankheit|sickness und|and Verdruß|wrath
5:18	So|then sehe|see ich|I nun|now das|see für|for gut|good an|to daß|that es|it fein|fair sei|be wenn|when man|one ißt|eat und|and trinkt|drink und|see gutes|good Muts|good ist|see in|in aller|all Arbeit|labour die|the einer|one tut|labour unter|under der|the Sonne|sun sein|his Leben|live lang|time das|the Gott|God ihm|him gibt|put denn|for das|the ist|is sein|his Teil|portion
5:19	Denn|for welchem|whomever Menschen|man Gott|God Reichtum|riches und|and Güter|wealth gibt|put und|and die|the Gewalt|rule daß|that er|he davon|from-which ißt|eat und|portion trinkt|bear für|for sein|his Teil|portion und|and fröhlich|merry ist|rejoice in|in seiner|his Arbeit|labour das|this ist|is eine|a Gottesgabe|gift
5:20	Denn|for er|multiply denkt|remember nicht|not viel|multiply an|to die|the Tage|time seines|his Lebens|live weil|because Gott|God sein|his Herz|heart erfreut|joy
6:1	Es|it ist|is ein|a Unglück|evil das|the ich|I sah|see unter|under der|the Sonne|sun und|and ist|is gemein|many bei|with den|the Menschen|man
6:2	einer|one dem|the Gott|God Reichtum|riches Güter|wealth und|and Ehre|glory gegeben|given hat|put und|soul mangelt|void ihm|soul keins|void das|the sein|his Herz|heart begehrt|[begehrt] und|and Gott|God gibt|gives doch|please ihm|rule nicht|not Macht|rule es|it zu|to genießen|[genießen] sondern|but ein|stranger anderer|[anderer] verzehrt|have-eaten es|it das|the ist|is eitel|vanity und|and ein|a böses|evil Übel|sickness
6:3	Wenn|when einer|one gleich|like hundert|hundred Kinder|sons zeugte|beget und|and hätte|many langes|year Leben|live daß|time er|year viele|many Jahre|year überlebte|[überlebte] und|and seine|his Seele|soul sättigte|[sättigte] sich|satisfy des|of-the Guten|good nicht|satisfy und|and bliebe|[bliebe] ohne|without Grab|sepulchre von|from dem|the spreche|say ich|I daß|that eine|a unzeitige|[unzeitige] Geburt|untimely birth besser|good sei|be denn|for er|he
6:4	Denn|for in|in Nichtigkeit|vanity kommt|comes sie|they und|and in|in Finsternis|darkness fährt|[fährt] sie|they dahin|go und|darkness ihr|you Name|name bleibt|name in|in Finsternis|darkness bedeckt|cover
6:5	auch|also hat|has sie|they die|the Sonne|sun nicht|not gesehen|see noch|still gekannt|know so|this hat|rest sie|this mehr|more Ruhe|rest denn|for jener|this
6:6	Ob|whether er|live auch|also zweitausend|once Jahre|year lebte|live und|good genösse|[genösse] keines|see Guten|good kommt|comes s|go nicht|not alles|all an|to einen|a Ort|place
6:7	Alle|all Arbeit|labour des|of-the Menschen|man ist|is für|for seinen|his Mund|mouth aber|but doch|please wird|will die|the Seele|soul nicht|not davon|from-which satt|fill
6:8	Denn|for was|what hat|has ein|a Weiser|wise mehr|more als|when ein|a Narr|fool Was|what hilft|[hilft] s|[s] den|the Armen|poor daß|that er|live weiß|know zu|to wandeln|go vor|before den|the Lebendigen|live
6:9	Es|it ist|appearance besser|good das|the gegenwärtige|appearance Gut|eye gebrauchen|go denn|for nach|after anderm|[anderm] gedenken|soul Das|the ist|is auch|also Eitelkeit|vanity und|and Haschen|vexation nach|after Wind|wind
6:10	Was|what da|then ist|already des|of-the Name|name ist|name zuvor|already genannt|call und|and es|it ist|is bestimmt|know was|what ein|a Mensch|man sein|his wird|will und|and er|he kann|can nicht|could hadern|judge mit|with dem|the der|the ihm|him zu|to mächtig|powerful ist|is
6:11	Denn|for es|it ist|is des|of-the eitlen|vanity Dinges|word zuviel|multiply was|what hat|has ein|a Mensch|man davon|more
6:12	Denn|for wer|who weiß|know was|good dem|the Menschen|man nütze|good ist|is im|in-the Leben|live solange|time er|he lebt|live in|in seiner|his Eitelkeit|vanity welches|in-the dahinfährt|make wie|as ein|a Schatten|shadow Oder|or wer|who will|will dem|the Menschen|man sagen|tell was|what nach|after ihm|him kommen|come wird|will unter|under der|the Sonne|sun
7:1	Ein|a guter|skilled Ruf|name ist|name besser|good denn|for gute|good Salbe|oil und|and der|the Tag|time des|of-the Todes|death denn|for der|the Tag|time der|the Geburt|beget
7:2	Es|it ist|is besser|good in|in das|the Klagehaus|household gehen|go denn|go in|in ein|a Trinkhaus|household in|in jenem|[jenem] ist|is das|the Ende|end aller|all Menschen|man und|and der|the Lebendige|live nimmt|takes s|put zu|to Herzen|heart
7:3	Es|it ist|good Trauern|grief besser|good als|when Lachen|laughter denn|for durch|through Trauern|evil wird|will das|the Herz|heart gebessert|well
7:4	Das|the Herz|heart der|the Weisen|wise ist|is im|in-the Klagehause|household und|and das|the Herz|heart der|the Narren|fool im|in-the Hause|household der|the Freude|joy
7:5	Es|it ist|is besser|good hören|hear das|the Schelten|rebuke der|the Weisen|wise denn|for hören|hear den|the Gesang|song der|the Narren|fool
7:6	Denn|voice das|the Lachen|laughter der|the Narren|fool ist|laughter wie|as das|the Krachen|voice der|the Dornen|pot unter|under den|the Töpfen|pot und|and das|the ist|is auch|also eitel|vanity
7:7	Ein|a Widerspenstiger|oppression macht|praise einen|a Weisen|wise unwillig|praise und|gifts verderbt|corrupt ein|a mildtätiges|[mildtätiges] Herz|heart
7:8	Das|the Ende|end eines|one Dinges|word ist|is besser|good denn|for sein|his Anfang|beginning Ein|a geduldiger|[geduldiger] Geist|Spirit ist|is besser|good denn|for ein|a hoher|high Geist|high
7:9	Sei|be nicht|not schnellen|[schnellen] Gemütes|wind zu|to zürnen|anger denn|for Zorn|grief ruht|rest im|in-the Herzen|bosom eines|one Narren|fool
7:10	Sprich|say nicht|not Was|what ist|is s|[s] daß|that die|the vorigen|first Tage|time besser|good waren|were als|when diese|these denn|for du|wisdom fragst|ask solches|this nicht|not weislich|wisdom
7:11	Weisheit|wisdom ist|is gut|good mit|with einem|a Erbgut|inheritance und|and hilft|more daß|that sich|himself einer|one der|the Sonne|sun freuen|[freuen] kann|see
7:12	Denn|for die|the Weisheit|wisdom beschirmt|shadow so|silver beschirmt|shadow Geld|silver auch|shadow aber|profit die|the Weisheit|knowledge gibt|gives das|the Leben|live dem|the der|the sie|they hat|man
7:13	Siehe|behold an|see die|the Werke|work Gottes|of-God denn|for wer|who kann|could das|the schlicht|[schlicht] machen|to equalise was|what er|he krümmt|pervert
7:14	Am|on-the guten|good Tage|time sei|be guter|skilled Dinge|good und|time den|the bösen|evil Tag|time nimm|take auch|also für|for gut|see denn|for diesen|against schafft|make Gott|God neben|against jenem|cause daß|that der|the Mensch|man nicht|nothing wissen|know soll|find was|what künftig|[künftig] ist|is
7:15	Allerlei|every habe|have ich|I gesehen|see in|in den|the Tagen|time meiner|my Eitelkeit|vanity Da|then ist|is ein|a Gerechter|righteous und|righteousness geht|goes unter|under mit|with seiner|his Gerechtigkeit|righteousness und|and ein|a Gottloser|wicked der|evil lange|long lebt|lives in|in seiner|his Bosheit|evil
7:16	Sei|be nicht|not allzu|multiply gerecht|righteous und|and nicht|exceeding allzu|more weise|exceeding daß|that du|you dich|you nicht|not verderbest|desolate
7:17	Sei|be nicht|not allzu|multiply gottlos|condemn und|and narre|[narre] nicht|fool daß|that du|you nicht|not sterbest|DIE zur|to-the Unzeit|time
7:18	Es|it ist|is gut|good daß|that du|you dies|this fassest|[fassest] und|and jenes|this auch|by nicht|not aus|leave deiner|your Hand|by lässest|leave denn|for wer|who Gott|God fürchtet|fear der|the entgeht|bring dem|the allem|all
7:19	Die|the Weisheit|wisdom stärkt|strengthen den|the Weisen|wise mehr|more denn|for zehn|ten Gewaltige|governor die|the in|in der|the Stadt|town sind|are
7:20	Denn|for es|it ist|is kein|no Mensch|man so|then gerecht|righteous auf|on Erden|earth daß|that er|he Gutes|good tue|make und|and nicht|not sündige|sin
7:21	Gib|put auch|heart nicht|word acht|heart auf|on alles|word was|what man|one sagt|speak daß|that du|you nicht|not hören|hears müssest|hear deinen|your Knecht|servant dir|you fluchen|curse
7:22	Denn|for dein|your Herz|heart weiß|know daß|that du|you andern|another oftmals|once geflucht|[geflucht] hast|curse
7:23	Solches|this alles|all habe|have ich|wisdom versucht|prove mit|with Weisheit|wisdom Ich|I gedachte|remembered ich|I will|will weise|manner sein|exceeding sie|they blieb|stayed aber|but ferne|far von|from mir|me
7:24	Alles|far was|what da|then ist|deeper das|the ist|is ferne|far und|and sehr|very tief|deeper wer|who will|will s|[s] finden|find
7:25	Ich|I kehrte|compass mein|my Herz|heart zu|to erfahren|know und|and erforschen|search und|and zu|to suchen|seek Weisheit|wisdom und|and Kunst|reason zu|to erfahren|know der|the Gottlosen|wickedness Torheit|flank und|and Irrtum|folly der|the Tollen|madness
7:26	und|and fand|find daß|that bitterer|bitter sei|be denn|for der|the Tod|death ein|a solches|this Weib|wife dessen|[dessen] Herz|heart Netz|net und|and Strick|net ist|is und|and deren|whose Hände|by Bande|[Bande] sind|are Wer|good Gott|God gefällt|good der|the wird|will ihr|you entrinnen|escape aber|but der|the Sünder|sin wird|will durch|through sie|they gefangen|take
7:27	Schau|see das|the habe|have ich|I gefunden|find spricht|it-is-said der|the Prediger|preacher eins|[eins] nach|after dem|the andern|another daß|that ich|I Erkenntnis|reason fände|find
7:28	Und|and meine|my Seele|soul sucht|[sucht] noch|seek und|and hat|has s|[s] nicht|not gefunden|find unter|under tausend|thousand habe|have ich|find einen|a Mann|man gefunden|find aber|but ein|a Weib|wife habe|have ich|I unter|under den|the allen|all nicht|not gefunden|find
7:29	Allein|only schaue|see das|the ich|I habe|have gefunden|find daß|that Gott|God den|the Menschen|man hat|make aufrichtig|right gemacht|make aber|but sie|many suchen|seek viele|many Künste|[Künste]
8:1	Wer|who ist|is wie|as der|the Weise|wise und|and wer|who kann|know die|the Dinge|word auslegen|interpretation Die|the Weisheit|wisdom des|of-the Menschen|man erleuchtet|[erleuchtet] sein|his Angesicht|face aber|but ein|a freches|strength Angesicht|face wird|will gehaßt|change
8:2	Halte|keep das|the Wort|mouth des|of-the Königs|royal und|cause den|the Eid|oath Gottes|of-God
8:3	Eile|hurry nicht|not zu|to gehen|go von|from seinem|his Angesicht|face und|and bleibe|stay nicht|stood in|in böser|evil Sache|word denn|delight er|he tut|make was|what er|he will|delight
8:4	In|word des|of-the Königs|royal Wort|word ist|is Gewalt|power und|and wer|who mag|[mag] zu|to ihm|him sagen|say Was|what machst|[machst] du|make
8:5	Wer|who das|the Gebot|commandments hält|keep der|the wird|will nichts|nothing Böses|evil erfahren|know aber|heart eines|one Weisen|wise Herz|heart weiß|know Zeit|time und|and Weise|judgment
8:6	Denn|for ein|a jeglich|[jeglich] Vornehmen|pleasure hat|is seine|his Zeit|time und|and Weise|judgment denn|for des|of-the Unglücks|evil des|of-the Menschen|man ist|is viel|many bei|with ihm|him
8:7	Denn|for er|he weiß|know nicht|not was|what geschehen|happened wird|will und|and wer|who soll|shall ihm|him sagen|tell wie|as es|it werden|be soll|shall
8:8	Ein|a Mensch|man hat|has nicht|not Macht|governor über|over den|the Geist|wind den|the Geist|wind zurückzuhalten|stayed und|and hat|has nicht|not Macht|power über|over den|the Tag|time des|of-the Todes|death und|and keiner|none wird|will losgelassen|sending im|in-the Streit|war und|and das|the gottlose|wicked Wesen|wickedness errettet|escape den|the Gottlosen|man nicht|escape
8:9	Das|the habe|have ich|I alles|all gesehen|see und|heart richtete|put mein|my Herz|heart auf|on alle|all Werke|work die|the unter|under der|the Sonne|sun geschehen|make Ein|a Mensch|man herrscht|rule zuzeiten|time über|over den|the andern|rule zu|to seinem|his Unglück|evil
8:10	Und|prepare da|then sah|saw ich|see Gottlose|wicked die|the begraben|buried wurden|bury und|and zur|to-the Ruhe|rest kamen|came aber|but es|place wandelten|[wandelten] hinweg|go von|from heiliger|holy Stätte|place und|and wurden|were vergessen|forget in|in der|the Stadt|town die|the so|then recht|right getan|done hatten|make Das|the ist|is auch|also eitel|vanity
8:11	Weil|because nicht|not alsbald|quickly geschieht|make ein|a Urteil|decree über|over die|the bösen|evil Werke|work dadurch|[dadurch] wird|will das|the Herz|heart der|the Menschen|man voll|fill Böses|evil zu|to tun|make
8:12	Ob|whether ein|a Sünder|sin hundertmal|hundred Böses|evil tut|make und|and lange|long lebt|lives so|then weiß|know ich|know doch|please daß|that es|it wohl|well gehen|go wird|good denen|them die|the Gott|God fürchten|fear die|the sein|his Angesicht|face scheuen|fear
8:13	Aber|but dem|the Gottlosen|wicked wird|will es|it nicht|not wohl|well gehen|good und|and wie|as ein|a Schatten|shadow werden|be nicht|not lange|long leben|life die|the sich|himself vor|face Gott|God nicht|not fürchten|fear
8:14	Es|it ist|is eine|a Eitelkeit|vanity die|the auf|on Erden|earth geschieht|make es|it sind|are Gerechte|righteous denen|them geht|goes es|it als|when hätten|had sie|touch Werke|work der|the Gottlosen|wicked und|and sind|is Gottlose|wicked denen|them geht|goes es|it als|when hätten|had sie|touch Werke|work der|the Gerechten|righteous Ich|I sprach|said Das|the ist|is auch|also eitel|vanity
8:15	Darum|therefore lobte|blessed ich|praise die|the Freude|joy daß|that der|the Mensch|man nichts|nothing Besseres|good hat|has unter|under der|the Sonne|sun denn|for essen|eat und|and trinken|drink und|and fröhlich|merry sein|rejoice und|and solches|this werde|will ihm|join von|from der|the Arbeit|labour sein|his Leben|live lang|time das|the ihm|him Gott|God gibt|put unter|under der|the Sonne|sun
8:16	Ich|heart gab|put mein|my Herz|heart zu|to wissen|know die|the Weisheit|wisdom und|and zu|to schauen|see die|the Mühe|travail die|the auf|on Erden|earth geschieht|make daß|that auch|also einer|one weder|neither Tag|time noch|still Nacht|night den|the Schlaf|sleep sieht|see mit|with seinen|his Augen|eye
8:17	Und|and ich|I sah|see alle|all Werke|work Gottes|of-God daß|that ein|a Mensch|man das|the Werk|work nicht|could finden|find kann|could das|the unter|under der|the Sonne|sun geschieht|make und|though je|two mehr|more der|the Mensch|man arbeitet|labour zu|to suchen|seek je|two weniger|lacking er|he findet|find Wenn|when er|he gleich|wise spricht|it-is-said “Ich|[“Ich] bin|am weise|manner und|and weiß|know es|know ”|[”] so|then kann|can er|he s|[s] doch|please nicht|could finden|find
9:1	Denn|for ich|I habe|have solches|this alles|all zu|to Herzen|heart genommen|put zu|to forschen|[forschen] das|the alles|all daß|that Gerechte|righteous und|and Weise|wise und|and ihre|their Werke|work sind|also in|by Gottes|of-God Hand|by kein|face Mensch|man kennt|know weder|also die|the Liebe|my noch|also den|the Haß|hatred irgend|anyone eines|one den|the er|he vor|before sich|face hat|has
9:2	Es|it begegnet|befall dasselbe|the einem|a wie|as dem|the andern|another dem|the Gerechten|righteous wie|as dem|the Gottlosen|wicked dem|the Guten|good und|and Reinen|clean wie|as dem|the Unreinen|unclean dem|the der|the opfert|sacrifice wie|as dem|the der|the nicht|not opfert|sacrifice wie|as es|it dem|the Guten|good geht|good so|then geht|goes s|[s] auch|also dem|the Sünder|sin wie|as es|it dem|the der|the schwört|sware geht|goes so|then geht|goes s|[s] auch|also dem|the der|the den|the Eid|oath fürchtet|fear
9:3	Das|the ist|is ein|a böses|wild Ding|evil unter|under allem|all was|what unter|under der|the Sonne|sun geschieht|make daß|that es|it einem|a geht|goes wie|as dem|the andern|befall daher|therefore auch|also das|the Herz|heart der|the Menschen|MEN voll|fill Arges|evil wird|will und|live Torheit|madness ist|is in|in ihrem|her Herzen|heart dieweil|since sie|they leben|live darnach|after müssen|must sie|they sterben|DIE
9:4	Denn|FOR bei|WITH allen|all Lebendigen|LIVING ist|is was|what man|one wünscht|DESIRES Hoffnung|HOPE denn|FOR ein|a lebendiger|live Hund|dog ist|IS besser|BETTER denn|THAN ein|a toter|DEAD Löwe|lion
9:5	Denn|for die|the Lebendigen|live wissen|know daß|that sie|they sterben|DIE werden|WILL die|the Toten|dead aber|BUT wissen|know nichts|nothing sie|they haben|have auch|also keinen|no Lohn|hire mehr|more denn|for ihr|you Gedächtnis|remembrance ist|is vergessen|forget
9:6	daß|that man|one sie|already nicht|not mehr|more liebt|[liebt] noch|still haßt|hatred noch|still neidet|jealousy und|and haben|have kein|no Teil|portion mehr|more auf|on dieser|this Welt|ever an|to allem|all was|what unter|under der|the Sonne|sun geschieht|make
9:7	So|then gehe|go hin|go und|and iß|eat dein|your Brot|bread mit|with Freuden|joy trink|drink deinen|your Wein|wine mit|with gutem|good Mut|heart denn|for dein|your Werk|work gefällt|accept Gott|God
9:8	Laß|let deine|your Kleider|garments immer|time weiß|white sein|his und|and laß|let deinem|your Haupt|head Salbe|oil nicht|not mangeln|want
9:9	Brauche|see das|the Leben|live mit|with deinem|your Weibe|wife das|the du|you liebhast|[liebhast] solange|time du|you das|the eitle|vanity Leben|live hast|have das|the dir|you Gott|put unter|under der|the Sonne|sun gegeben|given hat|put solange|while dein|your eitel|vanity Leben|life währt|time denn|for das|the ist|is dein|your Teil|portion im|in-the Leben|live und|and in|in deiner|your Arbeit|labour die|the du|you tust|labour unter|under der|the Sonne|sun
9:10	Alles|all was|what dir|you vor|before Handen|by kommt|find zu|to tun|make das|make tue|do frisch|strength denn|work bei|with den|the Toten|grave dahin|there du|you fährst|go ist|is weder|neither Werk|work Kunst|reason Vernunft|knowledge noch|still Weisheit|wisdom
9:11	Ich|I wandte|turned mich|return und|and sah|see wie|as es|it unter|under der|the Sonne|sun zugeht|[zugeht] daß|that zum|as-a Laufen|race nicht|not hilft|[hilft] schnell|[schnell] zu|to sein|swift zum|as-a Streit|war hilft|[hilft] nicht|not stark|strong sein|mighty zur|to-the Nahrung|bread hilft|[hilft] nicht|not geschickt|[geschickt] sein|wise zum|as-a Reichtum|riches hilft|[hilft] nicht|not klug|wisdom sein|his daß|that einer|one angenehm|be sei|grace dazu|also hilft|[hilft] nicht|not daß|that er|he ein|a Ding|[Ding] wohl|well kann|know sondern|time alles|all liegt|happen an|to Zeit|time und|and Glück|occurrent
9:12	Auch|also weiß|know der|the Mensch|man seine|his Zeit|time nicht|know sondern|but wie|as die|the Fische|fish gefangen|taken-captive werden|be mit|with einem|a verderblichen|evil Haken|net und|and wie|as die|the Vögel|bird mit|with einem|a Strick|snare gefangen|taken-captive werden|be so|then werden|ARE auch|ALSO die|the Menschen|man berückt|snare zur|to-the bösen|evil Zeit|time wenn|when sie|they plötzlich|suddenly über|over sie|they fällt|fall
9:13	Ich|I habe|have auch|sun diese|this Weisheit|wisdom gesehen|see unter|under der|the Sonne|sun die|the mich|me groß|great deuchte|great
9:14	daß|that eine|a kleine|small Stadt|town war|great und|and wenig|little Leute|men darin|in-it und|great kam|came ein|a großer|great König|royal und|and belagerte|[belagerte] sie|compass und|and baute|build große|great Bollwerke|net darum|therefore
9:15	und|and ward|find darin|poor gefunden|find ein|a armer|poor weiser|wise Mann|man der|town errettete|escape dieselbe|that Stadt|town durch|through seine|his Weisheit|wisdom und|and kein|no Mensch|man gedachte|remember desselben|that armen|poor Mannes|man's
9:16	Da|then sprach|said ich|I “|[“] Weisheit|wisdom ist|is ja|yes besser|good den|the Stärke|might doch|wisdom wird|will des|of-the Armen|poor Weisheit|wisdom verachtet|[verachtet] und|and seinen|his Worten|word nicht|not gehorcht|hear ”|[”]
9:17	Der|the Weisen|wise Worte|word in|in Stille|rest vernommen|hear sind|are besser|rule denn|cry der|the Herren|lords Schreien|cry unter|under den|the Narren|fool
9:18	Weisheit|wisdom ist|is besser|good denn|for Harnisch|vessel aber|but eine|a einziger|[einziger] Bube|sin verderbt|corrupt viel|multiply Gutes|good
10:1	Schädliche|death Fliegen|fly verderben|destroy gute|good Salben|oil also|so wiegt|utter ein|a wenig|little Torheit|folly schwerer|utter denn|precious Weisheit|wisdom und|and Ehre|glory
10:2	Des|of-the Weisen|wise Herz|heart ist|is zu|to seiner|his Rechten|hand aber|heart des|of-the Narren|fool Herz|heart ist|is zu|to seiner|his Linken|left
10:3	Auch|also ob|whether der|the Narr|[Narr] selbst|fool närrisch|way ist|go in|in seinem|his Tun|heart doch|please hält|void er|he jedermann|everyone für|for einen|a Narren|fool
10:4	Wenn|wind eines|one Gewaltigen|rule Zorn|wind wider|against dich|you ergeht|offer so|then laß|leave dich|place nicht|health entrüsten|leave denn|for Nachlassen|health stillt|leave großes|great Unglück|sin
10:5	Es|it ist|is ein|a Unglück|evil das|the ich|I sah|see unter|under der|the Sonne|sun gleich|like einem|a Versehen|unawares das|the vom|face Gewaltigen|governor ausgeht|bring
10:6	daß|that ein|a Narr|folly sitzt|put in|in großer|many Würde|high und|and die|the Reichen|rich in|in Niedrigkeit|low estate sitzen|dwell
10:7	Ich|servant sah|see Knechte|servant auf|on Rossen|horse und|and Fürsten|prince zu|to Fuß|foot gehen|go wie|as Knechte|servant
10:8	Aber|but wer|who eine|a Grube|pit macht|dig der|the wird|will selbst|itself hineinfallen|fall und|and wer|who den|the Zaun|wall zerreißt|increase den|the wird|bite eine|a Schlange|serpent stechen|bite
10:9	Wer|who Steine|stones wegwälzt|journey der|the wird|will Mühe|work damit|thus haben|grieve und|and wer|who Holz|tree spaltet|cleave der|the wird|will davon|from-which verletzt|[verletzt] werden|endangered
10:10	Wenn|when ein|a Eisen|iron stumpf|[stumpf] wird|blunt und|curse an|to der|the Schneide|face ungeschliffen|[ungeschliffen] bleibt|curse muß|must man|one s|[s] mit|with Macht|army wieder|back schärfen|prevail also|wisdom folgt|profit auch|also Weisheit|wisdom dem|the Fleiß|right
10:11	Ein|a Schwätzer|tongue ist|is nichts|nothing Besseres|profit als|when eine|a Schlange|serpent die|the ohne|without Beschwörung|enchantment sticht|bite
10:12	Die|the Worte|word aus|wise dem|the Mund|mouth eines|one Weisen|wise sind|are holdselig|grace aber|lip des|of-the Narren|fool Lippen|lip verschlingen|destroy ihn|him selbst|itself
10:13	Der|the Anfang|beginning seiner|his Worte|word ist|is Narrheit|folly und|and das|the Ende|end ist|is schädliche|evil Torheit|outrage
10:14	Ein|a Narr|fool macht|power viele|multiply Worte|word aber|but der|the Mensch|man weiß|know nicht|not was|what gewesen|been ist|is und|and wer|who will|will ihm|him sagen|tell was|what nach|after ihm|him werden|be wird|tell
10:15	Die|the Arbeit|labour der|the Narren|fool wird|will ihnen|them sauer|weary weil|because sie|they nicht|not wissen|know in|in die|the Stadt|town zu|to gehen|go
10:16	Weh|[Weh] dir|you Land|land dessen|[dessen] König|royal ein|a Kind|servant ist|is und|and dessen|[dessen] Fürsten|prince in|in der|the Frühe|morning speisen|[speisen]
10:17	Wohl|well dir|you Land|land dessen|[dessen] König|royal edel|noble ist|is und|and dessen|[dessen] Fürsten|prince zu|to rechter|[rechter] Zeit|time speisen|[speisen] zur|to-the Stärke|might und|and nicht|not zur|to-the Lust|delighted
10:18	Denn|for durch|through Faulheit|slothfulness sinken|decay die|the Balken|building und|and durch|through lässige|idleness Hände|by wird|will das|the Haus|household triefend|melt
10:19	Das|the macht|make sie|they halten|keep Mahlzeiten|bread um|for zu|to lachen|laughter und|and der|the Wein|wine muß|rejoice die|the Lebendigen|live erfreuen|rejoice und|and das|the Geld|silver muß|must ihnen|answer alles|all zuwege|brought-about bringen|answer
10:20	Fluche|curse dem|the König|royal nicht|not in|in deinem|your Herzen|knowledge und|and fluche|curse dem|the Reichen|rich nicht|not in|in deiner|your Schlafkammer|chamber denn|for die|the Vögel|fowl des|of-the Himmels|heaven führen|go die|the Stimme|voice fort|go und|and die|the Fittiche|man haben|tell sagen|say s|[s] weiter|word
11:1	Laß|send dein|your Brot|bread über|face das|the Wasser|water fahren|send so|then wirst|will du|you es|it finden|find nach|after langer|multitude Zeit|time
11:2	Teile|parts aus|portion unter|under sieben|seven und|and unter|under acht|eight denn|for du|you weißt|know nicht|not was|what für|for Unglück|evil auf|on Erden|earth kommen|come wird|will
11:3	Wenn|when die|the Wolken|cloud voll|filled-with sind|fill so|then geben|give sie|empty Regen|rain auf|on die|the Erde|earth und|and wenn|when der|the Baum|tree fällt|fall er|he falle|[falle] gegen|toward Mittag|south oder|or Mitternacht|north auf|on welchen|whom Ort|place er|tree fällt|fall da|then wird|will er|he liegen|be
11:4	Wer|who auf|on den|the Wind|wind achtet|keep der|the sät|[sät] nicht|sow und|and wer|who auf|on die|the Wolken|cloud sieht|see der|the erntet|[erntet] nicht|reap
11:5	Gleichwie|like du|you nicht|not weißt|know den|the Weg|way des|of-the Windes|wind und|and wie|as die|the Gebeine|bone in|in Mutterleibe|full bereitet|[bereitet] werden|be also|so kannst|are-able du|you auch|know Gottes|of-God Werk|work nicht|make wissen|know das|the er|he tut|do überall|make
11:6	Frühe|morning säe|sow deinen|your Samen|seed und|and laß|leave deine|your Hand|by des|of-the Abends|even nicht|not ab|leave denn|for du|you weißt|know nicht|not ob|whether dies|this oder|or das|two geraten|[geraten] wird|right und|and ob|whether beides|two geriete|[geriete] so|then wäre|was es|it desto|[desto] besser|good
11:7	Es|it ist|is das|the Licht|light süß|sweet und|and den|the Augen|eye lieblich|good die|the Sonne|sun zu|to sehen|see
11:8	Wenn|when ein|a Mensch|man viele|multiply Jahre|year lebt|live so|then sei|be er|he fröhlich|rejoice in|in ihnen|them allen|all und|and gedenke|remember der|the finstern|darkness Tage|time daß|that ihrer|their viel|many sein|his werden|multiply denn|for alles|all was|what kommt|comes ist|is eitel|vanity
11:9	So|then freue|[freue] dich|rejoice Jüngling|young-man in|in deiner|your Jugend|youth und|and laß|let dein|your Herz|heart guter|skilled Dinge|[Dinge] sein|good in|time deiner|your Jugend|youth Tue|go was|way dein|your Herz|heart gelüstet|heart und|appearance deinen|your Augen|eye gefällt|appearance und|and wisse|know daß|that dich|you Gott|God um|for dies|this alles|all wird|will vor|before Gericht|judgment führen|carry
11:10	Laß|depart die|the Traurigkeit|grief in|in deinem|your Herzen|heart und|and tue|pass das|the Übel|evil von|from deinem|your Leibe|flesh denn|youth Kindheit|[Kindheit] und|youth Jugend|youth ist|is eitel|vanity
12:1	Gedenke|remember an|to deinen|your Schöpfer|create in|time deiner|your Jugend|youth ehe|before denn|for die|the bösen|evil Tage|time kommen|come und|and die|the Jahre|year herzutreten|touch da|then du|you wirst|will sagen|say Sie|they gefallen|subsided mir|me nicht|pleasure
12:2	ehe|before denn|for die|the Sonne|sun und|and das|the Licht|light Mond|moon und|and Sterne|star finster|dark werden|darken und|and Wolken|cloud wieder|back kommen|return nach|after dem|the Regen|rain
12:3	zur|to-the Zeit|time wenn|when die|the Hüter|keep im|in-the Hause|household zittern|moved und|army sich|himself krümmen|pervert die|the Starken|army und|grind müßig|[müßig] stehen|standing die|the Müller|grind weil|because ihrer|their so|then wenig|little geworden|become sind|diminish und|and finster|dark werden|darken die|the durch|through die|the Fenster|window sehen|see
12:4	und|and die|the Türen|doors an|to der|the Gasse|street geschlossen|[geschlossen] werden|shut daß|low die|the Stimme|voice der|the Mühle|grinding leise|[leise] wird|low und|and man|one erwacht|arise wenn|when der|the Vogel|bird singt|bird und|daughter gedämpft|[gedämpft] sind|bow alle|all Töchter|daughter des|of-the Gesangs|voice
12:5	wenn|when man|one auch|also vor|before Höhen|high sich|himself fürchtet|fear und|and sich|himself scheut|fear auf|on dem|the Wege|way wenn|when der|the Mandelbaum|almond blüht|despise und|and die|the Heuschrecke|grasshopper beladen|loaded wird|carry und|and alle|all Lust|delighted vergeht|break denn|for der|the Mensch|man fährt|[fährt] hin|go da|then er|he ewig|ever bleibt|household und|and die|the Klageleute|mourn gehen|street umher|compass auf|on der|the Gasse|street
12:6	ehe|before denn|ever der|the silberne|silver Strick|sorrows wegkomme|loose und|and die|the goldene|gold Schale|spring zerbreche|oppressed und|and der|the Eimer|pitcher zerfalle|break an|to der|the Quelle|spring und|and das|the Rad|wheel zerbrochen|[zerbrochen] werde|oppressed am|on-the Born|Kadesh
12:7	Denn|for der|the Staub|dust muß|must wieder|return zu|to der|the Erde|earth kommen|return wie|as er|he gewesen|been ist|is und|and der|the Geist|wind wieder|return zu|to Gott|God der|the ihn|him gegeben|given hat|put
12:8	Es|it ist|is alles|vanity ganz|all eitel|vanity sprach|said der|the Prediger|preacher ganz|all eitel|vanity
12:9	Derselbe|more Prediger|preacher war|was nicht|not allein|teach weise|wise sondern|but lehrte|[lehrte] auch|teach das|the Volk|nation gute|good Lehre|knowledge und|and merkte|knew und|and forschte|search und|and stellte|to equalise viel|multiply Sprüche|proverb
12:10	Er|preacher suchte|seek daß|that er|he fände|find angenehme|pleasure Worte|word und|and schrieb|write recht|uprightness die|the Worte|word der|the Wahrheit|faithfulness
12:11	Die|the Worte|word der|the Weisen|wise sind|are Stacheln|goad und|and Nägel|nail sie|they sind|are geschrieben|plant durch|through die|the Meister|man der|the Versammlungen|[Versammlungen] und|put von|from einem|a Hirten|feed gegeben|put
12:12	Hüte|take-care dich|warn mein|my Sohn|SON vor|more andern|another mehr|walk denn|for viel|multiply Büchermachens|book ist|make kein|no Ende|end und|and viel|multiply studieren|study macht|weariness den|the Leib|flesh müde|weariness
12:13	Laßt|let uns|hear die|the Hauptsumme|end alle|all Lehre|word hören|hear Fürchte|fear Gott|God und|and halte|keep seine|his Gebote|commandments denn|for das|the gehört|heard allen|all Menschen|man zu|to
12:14	Denn|for Gott|God wird|will alle|all Werke|work vor|before Gericht|judgment bringen|bring alles|all was|what verborgen|[verborgen] ist|hide es|it sei|be gut|good oder|or böse|evil
