1:1	Zu|IN den|the Zeiten|TIMES Ahasveros|AHASUERUS der|WHO da|THEN König|KING war|WAS von|FROM Indien|INDIA bis|UNTO an|— Mohrenland|ETHIOPIA über|OVER hundert|HUNDRED und|AND siebenundzwanzig|TWENTY-SEVEN Länder|PROVINCES
1:2	und|honour da|then er|royal auf|above seinem|his königlichen|kingdom Stuhl|throne saß|dwell zu|to Schloß|palace Susan|Shushan
1:3	im|in-the dritten|three Jahr|year seines|his Königreichs|reign machte|made er|make bei|with sich|himself ein|a Mahl|feast allen|all (manner seinen|his Fürsten|prince und|and Knechten|servant den|the Gewaltigen|army in|in Persien|Persia und|and Medien|Medes den|the Landpflegern|noble und|and Obersten|prince in|in seinen|his Ländern|province
1:4	daß|that er|he sehen|see ließe|see den|the herrlichen|glory Reichtum|riches seines|his Königreichs|kingdom und|and die|the köstliche|glory Pracht|honour seiner|his Majestät|greatness viele|many Tage|time lang|long hundert|hundred und|and achtzig|eighty Tage|time
1:5	Und|and da|then die|the Tage|time aus|from waren|fill machte|make der|the König|royal ein|a Mahl|feast allem|all (manner Volk|nation das|the zu|to Schloß|palace Susan|Shushan war|find Großen|great und|ever Kleinen|small sieben|seven Tage|time lang|long im|in-the Hofe|court des|of-the Gartens|garden am|on-the Hause|palace des|of-the Königs|royal
1:6	Da|THERE hingen|HUNG weiße|WHITE rote|RED und|AND blaue|BLUE Tücher|HANGINGS mit|WITH leinenen|LINEN und|AND scharlachnen|SCARLET Seilen|CORDS gefaßt|FASTENED in|IN silbernen|SILVER Ringen|RINGS auf|ON Marmorsäulen|MARBLE-PILLARS Die|THE Bänke|COUCHES waren|WERE golden|GOLD und|AND silbern|SILVER auf|ON Pflaster|PAVEMENT von|OF grünem|GREEN weißem|WHITE gelbem|YELLOW und|AND schwarzen|BLACK Marmor|MARBLE
1:7	Und|AND das|the Getränk|drink trug|bore man|one in|in goldenen|gold Gefäßen|vessels und|and immer|ever andern|other und|AND andern|other Gefäßen|vessels und|and königlichen|royal Wein|wine die|the Menge|abundance wie|as denn|for der|the König|king vermochte|was-able
1:8	Und|and man|one setzte|sat niemand|no-one was|what er|he trinken|drinking sollte|law denn|and der|the König|royal hatte|above allen|all (manner Vorstehern|many befohlen|foundation daß|that ein|a jeglicher|one sollte|would tun|make wie|favour es|it ihm|him wohl|well gefiel|pleased
1:9	Und|AND die|the Königin|queen Vasthi|Vashti machte|make auch|also ein|a Mahl|feast für|for die|the Weiber|wives im|in-the königlichen|kingdom Hause|household des|of-the Königs|royal Ahasveros|AHASUERUS
1:10	Und|AND am|on-the siebenten|seventh Tage|day da|when der|the König|king gutes|GOOD Muts|SPIRITS war|was vom|from-the Wein|wine hieß|called er|he Mehuman|Mehuman Bistha|BIZTHA Harbona|Harbona Bigtha|BIGTHA Abagtha|ABAGTHA Sethar|Zethar und|and Charkas|Carcas die|the sieben|seven Kämmerer|eunuchs die|who vor|before dem|the König|king Ahasveros|AHASUERUS dienten|served
1:11	daß|THAT sie|they die|the Königin|queen Vasthi|Vashti holten|FETCH vor|before den|the König|king mit|with der|the königlichen|royal Krone|crown daß|that er|he den|the Völkern|peoples und|and Fürsten|princes zeigte|show ihre|her Schöne|beauty denn|for sie|she war|was schön|fair
1:12	Aber|but die|the Königin|queen Vasthi|Vashti wollte|to nicht|refuse kommen|come nach|after dem|the Wort|word des|of-the Königs|royal durch|through seine|by Kämmerer|eunuch Da|then ward|was der|the König|royal sehr|very zornig|wroth und|and sein|his Grimm|fury entbrannte|burn in|in ihm|him
1:13	Und|and der|the König|royal sprach|said zu|to den|the Weisen|wise die|the sich|himself auf|on die|the Zeiten|time verstanden|know denn|and des|of-the Königs|royal Sachen|word mußten|stopped geschehen|face vor|before allen|all (manner die|the sich|himself auf|on Recht|law und|and Händel|judgment verstanden|know
1:14	die|THE nächsten|nearest aber|BUT die|WHO bei|with ihm|him waren|were Charsena|Carshena Sethar|Shethar Admatha|ADMATHA Tharsis|Tarshish Meres|Meres Marsena|Marsena und|and Memuchan|Memucan die|the sieben|seven Fürsten|princes der|of-the Perser|Persians und|and Meder|Medes die|who das|the Angesicht|face des|of-the Königs|king sahen|saw und|and saßen|sat obenan|first im|in-the Königreich|kingdom
1:15	was|what für|for ein|a Recht|law man|one an|to der|the Königin|queen Vasthi|Vashti tun|do sollte|make darum|above daß|that sie|they nicht|not getan|done hatte|make nach|after dem|the Wort|commandment des|of-the Königs|royal durch|by seine|his Kämmerer|eunuch
1:16	Da|THEN sprach|said Memuchan|Memucan vor|before dem|the König|king und|and den|the Fürsten|princes Die|the Königin|queen Vasthi|Vashti hat|has nicht|not allein|only an|against dem|the König|king übel|evil getan|done sondern|but auch|also an|against allen|all Fürsten|princes und|and an|against allen|all Völkern|peoples in|in allen|all Landen|provinces des|of-the Königs|king Ahasveros|AHASUERUS
1:17	Denn|FOR es|IT wird|will solche|this Tat|deed der|of-the Königin|queen auskommen|go-out zu|to allen|all Weibern|wives daß|that sie|they ihre|their Männer|husbands verachten|DESPISE vor|before ihren|their Augen|eyes und|and werden|will sagen|say Der|the König|king Ahasveros|AHASUERUS hieß|commanded die|the Königin|queen Vasthi|Vashti vor|before sich|him kommen|come aber|but sie|she wollte|would nicht|not
1:18	So|SO werden|will nun|now die|the Fürstinnen|ladies in|in Persien|Persia und|and Medien|Media auch|also so|thus sagen|say zu|to allen|all Fürsten|princes des|of-the Königs|king wenn|when sie|they solche|this Tat|deed der|of-the Königin|queen hören|hear so|then wird|will sich|— Verachtens|CONTEMPT und|and Zorn|wrath genug|enough erheben|arise
1:19	Gefällt|IF-IT-PLEASE es|— dem|the König|king so|then lasse|let man|one ein|a königlich|royal Gebot|commandment von|from ihm|him ausgehen|go-forth und|and schreiben|write nach|according-to der|the Perser|Persians' und|and Meder|Medes' Gesetz|law welches|which man|one nicht|not darf|MAY übertreten|transgress daß|that Vasthi|Vashti nicht|not mehr|more vor|before den|the König|king Ahasveros|AHASUERUS komme|come und|and der|the König|king gebe|give ihre|her königliche|royal Würde|ESTATE einer|one andern|another die|who besser|better ist|is denn|than sie|she
1:20	Und|AND es|it erschalle|published dieser|this Befehl|decree des|of-the Königs|king den|which er|he geben|give wird|will in|in sein|his ganzes|whole Reich|kingdom welches|which groß|great ist|is daß|that alle|all Weiber|wives ihre|their Männer|husbands in|in Ehren|honor halten|hold unter|AMONG Großen|great und|and Kleinen|small
1:21	Das|word gefiel|well dem|eye König|royal und|and den|the Fürsten|prince und|and der|the König|royal tat|make nach|after dem|the Wort|word Memuchans|Memucan
1:22	Da|THEN wurden|were Briefe|letters ausgesandt|sent in|into alle|all Länder|provinces des|of-the Königs|king in|to ein|each jegliches|every Land|province nach|according-to seiner|its Schrift|writing und|and zu|to jeglichem|every Volk|people nach|according-to seiner|their Sprache|tongue daß|that ein|every jeglicher|— Mann|man der|— Oberherr|ruler in|in seinem|his Hause|household sei|be und|and ließe|LET reden|speak nach|according-to der|the Sprache|tongue seines|his Volkes|people
2:1	Nach|AFTER diesen|these Geschichten|things da|when der|the Grimm|wrath des|of-the Königs|king Ahasveros|AHASUERUS sich|— gelegt|was-appeased hatte|had gedachte|remembered er|he an|— Vasthi|Vashti was|what sie|she getan|done hatte|had und|and was|what über|against sie|her beschlossen|decreed war|was
2:2	Da|then sprachen|said die|the Diener|servant des|of-the Königs|royal die|the ihm|him dienten|serve Man|one suche|seek dem|the König|royal junge|damsel schöne|good Jungfrauen|virgin
2:3	und|and der|the König|royal bestellte|number Männer|officer in|in allen|all (manner Landen|province seines|his Königreichs|kingdom daß|that sie|they allerlei|all (manner junge|damsel schöne|good Jungfrauen|virgin zusammenbringen|gather gen|to Schloß|palace Susan|Shushan ins|into-the Frauenhaus|household unter|under der|the Hand|by Hegais|Hegai des|of-the Königs|royal Kämmerers|eunuch der|the der|the Weiber|wives wartet|keep und|and man|one gebe|put ihnen|them ihren|their Schmuck|purifying
2:4	und|and welche|which Dirne|damsel dem|the König|royal gefällt|eye die|the werde|will Königin|reign an|to Vasthis|Vashti Statt|Toah Das|word gefiel|well dem|the König|royal und|and er|he tat|make also|prepare
2:5	Es|THERE war|was aber|— ein|a jüdischer|Jewish Mann|man zu|in Schloß|the-palace Susan|Shushan der|who hieß|was-named Mardochai|Mordecai ein|a Sohn|SON Jairs|of-Jair des|of-the Sohnes|SON Simeis|of-Shimei des|of-the Sohnes|SON des|of Kis|Kish ein|a Benjaminiter|Benjamite
2:6	der|WHO mit|— weggeführt|CARRIED-AWAY war|WAS von|FROM Jerusalem|Jerusalem da|WHEN Jechonja|Jeconiah der|the König|king Juda|Judah s|— weggeführt|CARRIED-AWAY ward|was welchen|whom Nebukadnezar|Nebuchadnezzar der|the König|king zu|of Babel|Babylon wegführte|carried-away
2:7	Und|AND er|he war|was ein|a Vormund|GUARDIAN der|of Hadassa|Hadassah das|that ist|is Esther|ESTHER eine|a Tochter|daughter seines|his Oheims|uncle denn|for sie|she hatte|had weder|neither Vater|father noch|nor Mutter|mother Und|and sie|she war|was eine|a schöne|fair und|and feine|beautiful Dirne|damsel Und|and da|when ihr|her Vater|father und|and ihre|her Mutter|mother starb|died nahm|took sie|her Mardochai|Mordecai auf|— zur|as Tochter|daughter
2:8	Da|WHEN nun|— das|the Gebot|commandment und|and Gesetz|law des|of-the Königs|king laut|published ward|was und|and viel|many Dirnen|damsels zuhaufe|TOGETHER gebracht|brought wurden|were gen|to Schloß|palace Susan|Shushan unter|under die|the Hand|custody Hegais|Hegai ward|was Esther|ESTHER auch|also genommen|taken zu|to des|of-the Königs|king's Hause|house unter|under die|the Hand|custody Hegais|Hegai des|of-the Hüters|keeper der|of-the Weiber|women
2:9	Und|AND die|the Dirne|damsel gefiel|pleased ihm|him und|and sie|she fand|found Barmherzigkeit|favor vor|before ihm|him Und|and er|he eilte|hastened mit|with ihrem|her Schmuck|purification daß|that er|he ihr|her ihren|her Teil|portion gäbe|give und|and sieben|seven feine|chosen Dirnen|damsels von|FROM des|of-the Königs|king's Hause|house dazu|also Und|and er|he tat|moved sie|her mit|with ihren|her Dirnen|damsels an|to den|the besten|best Ort|place im|in-the Frauenhaus|women's-house
2:10	Und|AND Esther|ESTHER sagte|told ihm|— nicht|not an|— ihr|her Volk|people und|nor ihre|her Freundschaft|kindred denn|for Mardochai|Mordecai hatte|had ihr|her geboten|commanded sie|she sollte|should es|it nicht|not ansagen|tell
2:11	Und|AND Mardochai|Mordecai wandelte|walked alle|every Tage|day vor|before dem|the Hofe|court am|of-the Frauenhaus|women's-house daß|that er|he erführe|might-know ob|whether s|IT Esther|ESTHER wohl|well ginge|fared und|and was|what ihr|her geschehen|happened würde|would
2:12	Wenn|WHEN aber|— die|the bestimmte|APPOINTED Zeit|time einer|of-each jeglichen|every Dirne|damsel kam|came daß|that sie|she zum|unto König|king Ahasveros|AHASUERUS kommen|come sollte|should nachdem|after sie|she zwölf|twelve Monate|months im|in-the Frauen-|WOMEN'S Schmücken|preparation gewesen|been war|had denn|for ihr|their Schmücken|purifying mußte|required soviel|so-much Zeit|time haben|— nämlich|namely sechs|six Monate|months mit|with Balsam|oil und|and Myrrhe|myrrh und|and sechs|six Monate|months mit|with guter|sweet Spezerei|spices so|then waren|were denn|— die|the Weiber|women geschmückt|purified
2:13	alsdann|THEN ging|went die|the Dirne|damsel zum|unto-the König|king und|and alles|whatsoever was|— sie|she wollte|desired mußte|had-to man|one ihr|her geben|give daß|that sie|she damit|therewith vom|FROM-THE Frauenhaus|women's-house zu|unto des|of-the Königs|king's Hause|house ginge|go
2:14	Und|AND wenn|when eine|she des|in-the Abends|evening hineinkam|WENT-IN die|she ging|went des|in-the Morgens|morning von|from ihm|him in|into das|the andere|second Frauenhaus|women's-house unter|under die|the Hand|custody des|of Saasgas|Shaashgaz des|of-the Königs|king's Kämmerers|eunuch des|of-the Hüters|keeper der|of-the Kebsweiber|concubines Und|and sie|she durfte|would nicht|not wieder|again zum|unto König|king kommen|come es|unless lüstete|delighted denn|— den|the König|king und|and er|he ließ|had sie|her mit|by Namen|name rufen|called
2:15	Da|WHEN nun|— die|the Zeit|turn Esthers|ESTHER'S herankam|came der|the Tochter|daughter Abihails|ABIHAIL'S des|of-the Oheims|uncle Mardochais|Mordecai's die|whom er|he zur|as Tochter|daughter hatte|had aufgenommen|taken daß|that sie|she zum|unto König|king kommen|come sollte|should begehrte|REQUIRED sie|she nichts|nothing denn|except was|what Hegai|Hegai des|of-the Königs|king's Kämmerer|eunuch der|the Weiber|women's Hüter|keeper sprach|advised Und|and Esther|ESTHER fand|found Gnade|favor vor|in-the-eyes-of allen|all die|who sie|her ansahen|saw
2:16	Es|SO ward|was aber|— Esther|ESTHER genommen|taken zum|unto König|king Ahasveros|AHASUERUS ins|into-the königliche|royal Haus|house im|in-the zehnten|tenth Monat|month der|which da|— heißt|is-called Tebeth|Tebeth im|in-the siebenten|seventh Jahr|year seines|his Königreichs|reign
2:17	Und|AND der|the König|king gewann|loved Esther|ESTHER lieb|— über|above alle|all Weiber|women und|and sie|she fand|obtained Gnade|grace und|and Barmherzigkeit|kindness vor|in ihm|his-sight vor|more-than allen|all Jungfrauen|virgins Und|and er|he setzte|set die|the königliche|royal Krone|crown auf|on ihr|her Haupt|head und|and machte|made sie|her zur|— Königin|queen an|in Vasthis|Vashti's Statt|stead
2:18	Und|THEN der|the König|king machte|made ein|a großes|great Mahl|feast allen|for-all seinen|his Fürsten|princes und|and Knechten|servants das|— war|was ein|— Mahl|feast um|for Esthers|ESTHER'S willen|sake und|and ließ|granted die|the Länder|provinces ruhen|release und|and gab|gave königliche|royal Geschenke|gifts aus|—
2:19	Und|and da|then man|one das|the anderemal|second Jungfrauen|virgin versammelte|gather saß|dwell Mardochai|Mordecai im|in-the Tor|gate des|of-the Königs|royal
2:20	Und|AND Esther|ESTHER hatte|had noch|yet nicht|not angesagt|told ihre|her Freundschaft|kindred noch|nor ihr|her Volk|people wie|as ihr|her Mardochai|Mordecai geboten|charged hatte|had denn|for Esther|ESTHER tat|did nach|according-to den|the Worten|commandment Mardochais|Mordecai's gleich|just als|as da|when er|he ihr|her Vormund|GUARDIAN war|was
2:21	Zur|IN selben|THOSE Zeit|days da|when Mardochai|Mordecai im|in-the Tor|gate des|of-the Königs|king saß|sat wurden|were zwei|two Kämmerer|eunuchs des|of-the Königs|king Bigthan|BIGTHAN und|and Theres|Teresh die|who die|the Tür|door hüteten|kept zornig|wroth und|and trachteten|sought ihre|their Hände|hands an|upon den|the König|king Ahasveros|AHASUERUS zu|to legen|lay
2:22	Das|THIS ward|was Mardochai|Mordecai kund|known und|and er|he sagte|told es|it der|the Königin|queen Esther|ESTHER und|and Esther|ESTHER sagte|told es|it dem|the König|king in|in Mardochais|Mordecai's Namen|name
2:23	Und|AND da|when man|— nachforschte|inquired ward|was s|IT gefunden|found und|and sie|they wurden|were beide|both an|on Bäume|tree gehängt|hanged Und|and es|it ward|was geschrieben|written in|in die|the Chronik|book vor|before dem|the König|king
3:1	Nach|AFTER diesen|these Geschichten|things machte|promoted der|the König|king Ahasveros|AHASUERUS Haman|Haman groß|— den|the Sohn|son Hammedathas|Hammedatha's den|the Agagiter|AGAGITE und|and erhöhte|advanced ihn|him und|and setzte|set seinen|his Stuhl|seat über|above alle|all Fürsten|princes die|who bei|with ihm|him waren|were
3:2	Und|AND alle|all Knechte|servants des|of-the Königs|king die|who im|in-the Tor|gate waren|were beugten|bowed die|the Kniee|KNEES und|and fielen|prostrated vor|before Haman|Haman nieder|— denn|for der|the König|king hatte|had es|it also|so geboten|commanded Aber|but Mardochai|Mordecai beugte|bowed die|the Kniee|KNEES nicht|not und|and fiel|prostrated nicht|not nieder|—
3:3	Da|then sprachen|said des|of-the Königs|royal Knechte|servant die|the im|in-the Tor|gate des|of-the Königs|royal waren|were zu|to Mardochai|Mordecai Warum|answer übertrittst|pass du|you des|of-the Königs|royal Gebot|commandments
3:4	Und|AND da|when sie|they solches|this täglich|daily zu|to ihm|him sagten|said und|and er|he ihnen|them nicht|not gehorchte|hearkened sagten|told sie|they es|it Haman|Haman an|— daß|that sie|they sähen|might-see ob|whether solch|such Tun|conduct Mardochais|Mordecai's bestehen|STAND würde|would denn|for er|he hatte|had ihnen|them gesagt|told daß|that er|he ein|a Jude|Jew wäre|was
3:5	Und|AND da|when nun|— Haman|Haman sah|saw daß|that Mardochai|Mordecai ihm|to-him nicht|not die|the Kniee|KNEES beugte|bowed noch|nor vor|before ihm|him niederfiel|prostrated ward|was er|Haman voll|full Grimms|fury
3:6	Und|AND verachtete|scorned es|it daß|that er|he an|on Mardochai|Mordecai allein|alone sollte|should die|the Hand|hands legen|lay denn|for sie|they hatten|had ihm|him das|the Volk|people Mardochais|Mordecai's angesagt|told sondern|but er|Haman trachtete|sought das|the Volk|people Mardochais|Mordecai's alle|all Juden|Jews so|who im|in-the ganzen|whole Königreich|kingdom des|of Ahasveros|AHASUERUS waren|were zu|to vertilgen|destroy
3:7	Im|IN-THE ersten|first Monat|month das|which ist|is der|the Monat|month Nisan|Nisan im|in-the zwölften|twelfth Jahr|year des|of-the Königs|king Ahasveros|AHASUERUS ward|was das|— Pur|Pur das|which ist|is das|the Los|lot geworfen|CAST vor|before Haman|Haman von|from einem|one Tage|day auf|to den|the andern|another und|and von|from Monat|month zu|to Monat|month bis|until auf|— den|the zwölften|twelfth das|which ist|is der|the Monat|month Adar|ADAR
3:8	Und|AND Haman|Haman sprach|said zum|unto König|king Ahasveros|AHASUERUS Es|THERE ist|is ein|a Volk|people zerstreut|scattered in|in allen|all Ländern|provinces deines|your Königreichs|kingdom und|and ihr|their Gesetz|laws ist|are anders|different denn|than aller|all Völker|peoples und|and tun|keep nicht|not nach|— des|of-the Königs|king's Gesetzen|laws es|it ziemt|is-not-fitting dem|the König|king nicht|— sie|them also|so zu|to lassen|suffer
3:9	Gefällt|IF-IT-PLEASE es|— dem|the König|king so|then lasse|let er|it schreiben|written daß|that man|one sie|them umbringe|DESTROY so|and will|will ich|I zehntausend|ten-thousand Zentner|talents Silber|silver darwägen|pay unter|into die|the Hand|hands der|of-the Amtleute|officers daß|that man|one s|IT bringt|bring in|into die|the Kammer|treasuries des|of-the Königs|king
3:10	Da|THEN tat|took der|the König|king seinen|his Ring|ring von|from der|his Hand|hand und|and gab|gave ihn|it Haman|Haman dem|the Sohn|son Hammadathas|Hammedatha's dem|the Agagiter|AGAGITE der|the Juden|Jews' Feind|enemy
3:11	Und|and der|the König|royal sprach|said zu|to Haman|Haman Das|the Silber|silver sei|be dir|you gegeben|put dazu|also das|the Volk|nation daß|that du|you damit|thus tust|make was|what dir|eye gefällt|good
3:12	Da|then rief|call man|one die|the Schreiber|scribe des|of-the Königs|royal am|on-the dreizehnten|three Tage|time des|of-the ersten|first Monats|month und|and ward|was geschrieben|write wie|as Haman|Haman befahl|command an|to die|the Fürsten|chiefs des|of-the Königs|royal und|and zu|to den|the Landpflegern|governor hin|away und|and her|here in|above den|province Ländern|province und|and zu|to den|the Hauptleuten|prince eines|one jeglichen|nation Volks|nation in|province den|the Ländern|province hin|away und|and her|here nach|after der|the Schrift|writing eines|one jeglichen|nation Volks|nation und|and nach|after ihrer|their Sprache|tongue im|write Namen|name des|of-the Königs|royal Ahasveros|AHASUERUS und|and mit|with des|of-the Königs|royal Ring|ring versiegelt|seal
3:13	Und|and die|the Briefe|book wurden|were gesandt|send durch|by die|the Läufer|run in|in alle|all (manner Länder|province des|of-the Königs|royal zu|to vertilgen|destroy zu|to erwürgen|slay und|and umzubringen|TO-DESTROY alle|all (manner Juden|Jew jung|servant und|ever alt|elders Kinder|children und|and Weiber|wives auf|on einen|a Tag|time nämlich|namely auf|on den|the dreizehnten|three Tag|day des|of-the zwölften|two Monats|month das|he ist|is der|the Monat|month Adar|ADAR und|and ihr|you Gut|spoil zu|to rauben|TO-PLUNDER
3:14	Also|so war|was der|the Inhalt|copy der|the Schrift|writing daß|that ein|a Gebot|law gegeben|given wäre|put in|in allen|all (manner Ländern|province allen|all (manner Völkern|nation zu|to eröffnen|uncover daß|that sie|they auf|on denselben|this Tag|time bereit|ready wären|be thou
3:15	Und|and die|the Läufer|run gingen|went aus|bring eilend|hasten nach|after des|of-the Königs|royal Wort|word und|and zu|to Schloß|palace Susan|Shushan ward|put das|the Gebot|law angeschlagen|put Und|and der|the König|royal und|and Haman|Haman saßen|dwell und|and tranken|drink aber|but die|the Stadt|town Susan|Shushan ward|was bestürzt|PERPLEXED
4:1	Da|then Mardochai|Mordecai erfuhr|know alles|all (manner was|what geschehen|happened war|make zerriß|rent er|Mordecai seine|his Kleider|garments und|and legte|clothe einen|a Sack|sackcloth an|to und|and Asche|ashes und|and ging|went hinaus|bring mitten|midst in|in die|the Stadt|town und|and schrie|cry laut|great und|and kläglich|bitter
4:2	Und|and kam|came bis|ever vor|face das|the Tor|gate des|of-the Königs|royal denn|and es|it durfte|would niemand|no-one zu|to des|of-the Königs|royal Tor|gate eingehen|come-in der|the einen|a Sack|sackcloth anhatte|clothing
4:3	Und|and in|in allen|all (manner Ländern|province an|province welchen|whom Ort|place des|of-the Königs|royal Wort|word und|and Gebot|law gelangte|touch war|was ein|a großes|great Klagen|MOURNING unter|under den|the Juden|Jew und|and viele|many fasteten|fast weinten|weep trugen|bore Leid|mourning und|and lagen|spread in|in Säcken|sackcloth und|and in|in der|the Asche|ashes
4:4	Da|THEN kamen|came die|the Dirnen|damsels Esthers|ESTHER'S und|and ihre|her Kämmerer|eunuchs und|and sagten|told s|IT ihr|her an|— Da|then erschrak|was-grieved die|the Königin|queen sehr|exceedingly Und|and sie|she sandte|sent Kleider|garments daß|that Mardochai|Mordecai sie|them anzöge|put-on und|and den|the Sack|sackcloth von|FROM sich|himself legte|put-away aber|but er|he nahm|received sie|them nicht|not
4:5	Da|THEN rief|called Esther|ESTHER Hathach|Hatach unter|FROM-AMONG des|of-the Königs|king's Kämmerern|eunuchs der|who vor|before ihr|her stand|stood und|and gab|gave ihm|him Befehl|command an|concerning Mardochai|Mordecai daß|that sie|she erführe|might-know was|what das|this wäre|was und|and warum|why er|he so|thus täte|did
4:6	Da|then ging|bring Hathach|Hatach hinaus|bring zu|to Mardochai|Mordecai in|in die|the Gasse|street der|the Stadt|town die|the vor|face dem|the Tor|gate des|of-the Königs|royal war|was
4:7	Und|and Mardochai|Mordecai sagte|told ihm|tell alles|all (manner was|what ihm|him begegnet|meets wäre|happen und|and die|the Summe|sum des|of-the Silbers|silver das|the Haman|Haman versprochen|PROMISED hatte|had in|above des|of-the Königs|royal Kammer|treasury darzuwägen|weigh um|for der|the Juden|Jew willen|sake sie|they zu|to vertilgen|blot-out
4:8	und|AND gab|gave ihm|him die|the Abschrift|copy des|of-the Gebots|decree das|which zu|at Susan|Shushan angeschlagen|POSTED war|was sie|them zu|to vertilgen|destroy daß|that er|he s|IT Esther|ESTHER zeigte|show und|and ihr|her ansagte|tell und|and geböte|charge ihr|her daß|that sie|she zum|unto-the König|king hineinginge|GO-IN und|and flehte|make-supplication zu|TO ihm|him und|and täte|make eine|a Bitte|request an|unto ihn|him um|for ihr|her Volk|people
4:9	Und|and da|then Hathach|Hatach hineinkam|CAME-IN und|and sagte|tell Esther|ESTHER die|the Worte|word Mardochais|Mordecai
4:10	sprach|said Esther|ESTHER zu|to Hathach|Hatach und|and gebot|commanded ihm|command an|to Mardochai|Mordecai
4:11	Es|IT wissen|know alle|all Knechte|servants des|of-the Königs|king und|and das|the Volk|people in|in den|the Landen|provinces des|of-the Königs|king daß|that wer|whoever zum|unto-the König|king hineingeht|COMES-IN inwendig|into-the-inner in|— den|the Hof|court er|— sei|be Mann|man oder|or Weib|woman der|who nicht|not gerufen|CALLED ist|is der|— soll|shall stracks|— nach|according-to dem|the Gebot|law sterben|DIE es|— sei|be denn|except daß|THAT der|the König|king das|the goldene|golden Zepter|sceptre gegen|toward ihn|him recke|hold-out damit|that er|he lebendig|live bleibe|may Ich|I aber|but bin|have nun|now in|— dreißig|thirty Tagen|days nicht|not gerufen|been-called zum|unto-the König|king hineinzukommen|TO-COME-IN
4:12	Und|and da|then die|the Worte|word Esthers|ESTHER'S wurden|were Mardochai|Mordecai angesagt|tell
4:13	hieß|called Mardochai|Mordecai Esther|ESTHER wieder|again sagen|answer Gedenke|Think nicht|not daß|that du|you dein|your Leben|life errettest|will-escape weil|because du|you im|in-the Hause|house des|of-the Königs|king bist|are vor|BEFORE allen|all Juden|Jews
4:14	denn|FOR wo|if du|you wirst|— zu|at dieser|this Zeit|time schweigen|keep-silent so|then wird|will eine|— Hilfe|relief und|and Errettung|deliverance von|FROM einem|an andern|other Ort|place her|— den|the Juden|Jews entstehen|arise und|and du|you und|and deines|your Vaters|father's Haus|house werdet|will umkommen|PERISH Und|and wer|who weiß|knows ob|whether du|you nicht|not um|for dieser|this Zeit|time willen|sake zur|to-the königlichen|royal Würde|dignity gekommen|have-come bist|—
4:15	Esther|ESTHER hieß|called Mardochai|Mordecai antworten|return
4:16	So|then gehe|go hin|away und|and versammle|gather alle|all (manner Juden|Jew die|the zu|to Susan|Shushan vorhanden|around sind|find und|and fastet|fast für|above mich|me daß|that ihr|you nicht|not esset|EAT und|and trinket|drink in|in drei|three Tagen|time weder|neither Tag|time noch|still Nacht|night ich|I und|and meine|my Dirnen|damsel wollen|will auch|also also|prepare fasten|fast Und|prepare ich|I will|will zum|as-a König|royal hineingehen|come wider|against das|the Gebot|law komme|come ich|I um|for so|then komme|come ich|I um|for
4:17	Mardochai|Mordecai ging|pass hin|away und|and tat|make alles|all (manner was|what ihm|above Esther|ESTHER geboten|commanded hatte|command
5:1	Und|be thou am|on-the dritten|third Tage|time zog|clothe sich|himself Esther|ESTHER königlich|kingdom an|clothe und|and trat|stood in|in den|the inneren|inner Hof|court am|on-the Hause|household des|of-the Königs|royal gegenüber|against dem|the Hause|household des|of-the Königs|royal Und|and der|the König|royal saß|dwell auf|above seinem|his königlichen|kingdom Stuhl|throne im|in-the königlichen|kingdom Hause|household gegenüber|against der|the Tür|door des|of-the Hauses|household
5:2	Und|and da|be thou der|the König|royal sah|see Esther|ESTHER die|the Königin|queen stehen|stood im|in-the Hofe|court fand|found sie|bear Gnade|grace vor|before seinen|his Augen|eye Und|and der|the König|royal reckte|hold out.yâshaṭ das|the goldene|gold Zepter|sceptre in|in seiner|his Hand|by gegen|hold out.yâshaṭ Esther|ESTHER Da|then trat|offer Esther|ESTHER herzu|near und|and rührte|touch die|the Spitze|head des|of-the Zepters|sceptre an|touch
5:3	Da|then sprach|said der|the König|royal zu|to ihr|you Was|what ist|is dir|you Esther|ESTHER Königin|queen und|and was|what forderst|REQUEST du|request Auch|ever die|the Hälfte|half des|of-the Königreichs|kingdom soll|shall dir|you gegeben|given werden|put
5:4	Esther|ESTHER sprach|said Gefällt|good es|it dem|the König|royal so|then komme|come der|the König|royal und|and Haman|Haman heute|time zu|to dem|the Mahl|feast das|the ich|I zugerichtet|made habe|make
5:5	Der|the König|royal sprach|said Eilet|haste daß|that Haman|Haman tue|make was|word Esther|ESTHER gesagt|said hat|word Da|then nun|now der|the König|royal und|and Haman|Haman zu|to dem|the Mahl|feast kamen|came das|the Esther|ESTHER zugerichtet|made hatte|make
5:6	sprach|said der|the König|royal zu|to Esther|ESTHER da|then er|he Wein|wine getrunken|finished hatte|feast Was|what bittest|ASK du|petition Esther|ESTHER Es|it soll|shall dir|you gegeben|given werden|put Und|and was|what forderst|REQUEST du|request Auch|ever die|the Hälfte|half des|of-the Königreichs|kingdom es|it soll|shall geschehen|make
5:7	Da|then antwortete|answer Esther|ESTHER und|and sprach|said Meine|my Bitte|petition und|and Begehr|request ist|is
5:8	Habe|have ich|I Gnade|grace gefunden|find vor|eye dem|the König|royal und|and so|then es|it dem|the König|royal gefällt|good mir|me zu|to geben|put eine|a Bitte|petition und|and zu|to tun|make mein|my Begehren|request so|then komme|come der|the König|royal und|and Haman|Haman zu|to dem|the Mahl|feast das|the ich|I für|for sie|they zurichten|PREPARE will|make so|then will|will ich|I morgen|time to come Tun|make was|what der|the König|royal gesagt|said hat|word
5:9	Da|THEN ging|went Haman|Haman des|that Tages|day hinaus|forth fröhlich|joyful und|and gutes|good Muts|spirits Und|and da|when er|Haman sah|saw Mardochai|Mordecai im|in-the Tor|gate des|of-the Königs|king daß|that er|he nicht|not aufstand|stood-up noch|nor sich|himself vor|BEFORE ihm|him bewegte|moved ward|was er|Haman voll|full Zorns|wrath über|against Mardochai|Mordecai
5:10	Aber|but er|Haman hielt|holding an|to sich|himself Und|and da|then er|he heimkam|came-home sandte|sent er|he hin|send und|and ließ|had holen|brought seine|his Freunde|friend und|and sein|his Weib|wife Seres|Zeresh
5:11	und|AND-Haman zählte|recounted ihnen|to-them auf|— die|the Herrlichkeit|glory seines|his Reichtums|riches und|and die|the Menge|multitude seiner|his Kinder|CHILDREN und|and alles|all wie|how ihn|him der|the König|king so|— groß|great gemacht|made hätte|had und|and daß|that er|he über|above die|the Fürsten|princes und|and Knechte|servants des|of-the Königs|king erhoben|EXALTED wäre|been
5:12	Auch|also sprach|said Haman|Haman Und|and die|the Königin|queen Esther|ESTHER hat|has niemand|not kommen|come lassen|let mit|hide dem|the König|royal zum|as-a Mahl|feast das|the sie|they zugerichtet|made hat|make als|and mich|me und|and ich|I bin|am morgen|time to come auch|also zu|to ihr|you geladen|call mit|hide dem|the König|royal
5:13	Aber|but an|to dem|hereby (-in allem|all (manner habe|have ich|I keine|no Genüge|laid solange|all (manner ich|I sehe|see den|the Juden|Jew Mardochai|Mordecai am|on-the Königstor|gate sitzen|dwell
5:14	Da|then sprachen|said zu|to ihm|all (manner sein|his Weib|wife Seres|Zeresh und|and alle|all Freunde|friend Man|one mache|make einen|a Baum|tree fünfzig|fifty Ellen|cubits hoch|high und|and morgen|morning sage|say dem|the König|royal daß|that man|one Mardochai|Mordecai daran|above hänge|hang so|then kommst|come du|you mit|hide dem|the König|royal fröhlich|rejoice zum|as-a Mahl|feast Das|word gefiel|pleased Haman|Haman wohl|well und|and er|he ließ|had einen|a Baum|tree zurichten|make
6:1	In|in derselben|he Nacht|night konnte|could der|the König|royal nicht|flee schlafen|sleep und|and hieß|called die|the Chronik|book mit|with den|the Historien|memorial bringen|bring Da|then die|the wurden|be thou vor|face dem|the König|royal gelesen|call
6:2	fand|found sich|— s|IT geschrieben|written wie|how Mardochai|Mordecai hatte|had angesagt|told daß|that die|the zwei|two Kämmerer|eunuchs des|of-the Königs|king Bigthan|BIGTHAN und|and Theres|Teresh die|WHO an|at der|the Schwelle|threshold hüteten|KEPT getrachtet|SOUGHT hätten|had die|— Hand|hands an|upon den|the König|king Ahasveros|AHASUERUS zu|to legen|lay
6:3	Und|and der|the König|royal sprach|said Was|what haben|have wir|we Mardochai|Mordecai Ehre|honour und|and Gutes|greatness dafür|above getan|make Da|then sprachen|said die|the Diener|servant des|of-the Königs|royal die|the ihm|him dienten|serve Es|it ist|hide ihm|him nichts|not geschehen|make
6:4	Und|and der|the König|royal sprach|said Wer|what ist|is im|in-the Hofe|court Haman|Haman aber|but war|was in|in den|the Hof|utter gegangen|came-out draußen|court vor|before des|of-the Königs|royal Hause|household daß|that er|he dem|the König|royal sagte|told Mardochai|Mordecai zu|to hängen|hang an|above den|the Baum|tree den|the er|he zubereitet|prepared hatte|prepare
6:5	Und|and des|of-the Königs|royal Diener|servant sprachen|said zu|to ihm|him Siehe|behold Haman|Haman steht|stood im|in-the Hofe|court Der|the König|royal sprach|said Laßt|let ihn|him hereingehen|COME-IN
6:6	Und|AND da|when Haman|Haman hineinkam|CAME-IN sprach|said der|the König|king zu|to ihm|him Was|what soll|shall man|one dem|the Mann|man tun|do den|whom der|the König|king gerne|delights wollte|to ehren|honor Haman|Haman aber|but gedachte|thought in|in seinem|his Herzen|heart Wem|to-whom sollte|would der|the König|king anders|rather gern|delight wollen|— Ehre|honor tun|do denn|THAN mir|me
6:7	Und|and Haman|Haman sprach|said zum|as-a König|royal Dem|the Mann|man den|the der|the König|royal gerne|gladly wollte|delight ehren|honour
6:8	soll|shall man|one königliche|kingdom Kleider|clothing bringen|bring die|the der|the König|royal pflegt|IS-ACCUSTOMED zu|to tragen|clothe und|and ein|a Roß|horse darauf|on-it der|the König|royal reitet|ride und|and soll|shall eine|a königliche|kingdom Krone|crown auf|on sein|his Haupt|head setzen|put
6:9	und|and man|one soll|shall solch|such Kleid|clothing und|and Roß|horse geben|put in|above die|the Hand|by eines|one Fürsten|prince des|of-the Königs|royal daß|that derselbe|noble den|the Mann|man anziehe|clothe den|the der|the König|royal gern|for ehren|honour wollte|delight und|and führe|ride ihn|him auf|above dem|the Roß|horse in|in der|the Stadt|town Gassen|street und|and lasse|bring-forth rufen|call vor|face ihm|him her|here So|after that  manner wird|will man|one tun|make dem|the Mann|man den|the der|the König|royal gerne|delight ehren|honour will|delight
6:10	Der|THE König|king sprach|said zu|to Haman|Haman Eile|Hurry und|and nimm|take das|the Kleid|robe und|and Roß|horse wie|as du|you gesagt|said hast|have und|and tu|do also|so mit|with Mardochai|Mordecai dem|the Juden|Jew der|who vor|before dem|the Tor|gate des|of-the Königs|king sitzt|sits und|and laß|let nichts|nothing fehlen|fail IN|OF allem|all was|what du|you geredet|spoken hast|have
6:11	Da|then nahm|take Haman|Haman das|the Kleid|clothing und|and Roß|horse und|and zog|clothe Mardochai|Mordecai an|clothe und|and führte|ride ihn|him auf|on der|the Stadt|town Gassen|street und|and rief|call vor|face ihm|him her|here So|after that  manner wird|will man|one tun|make dem|the Mann|man den|the der|the König|royal gerne|delight ehren|honour will|delight
6:12	Und|and Mardochai|Mordecai kam|came wieder|return an|to das|the Tor|gate des|of-the Königs|royal Haman|Haman aber|but eilte|hasten nach|after Hause|household trug|bore Leid|mourning mit|with verhülltem|covered Kopf|head
6:13	und|AND Haman|Haman erzählte|told seinem|his Weibe|wife Seres|Zeresh und|and seinen|his Freunden|FRIENDS allen|— alles|all was|what ihm|him begegnet|befallen war|had Da|then sprachen|said zu|to ihm|him seine|his Weisen|wise-men und|and sein|his Weib|wife Seres|Zeresh Ist|is Mardochai|Mordecai vom|OF-THE Geschlecht|seed der|of-the Juden|Jews vor|before dem|whom du|you zu|to fallen|fall angehoben|BEGUN hast|have so|then vermagst|can du|you nichts|not an|against ihm|him sondern|but du|you wirst|will vor|before ihm|him fallen|fall
6:14	Da|then sie|they aber|but noch|testify mit|hide ihm|him redeten|speak kamen|came herbei|touch des|of-the Königs|royal Kämmerer|eunuch und|and trieben|HURRIED Haman|Haman zum|as-a Mahl|feast zu|to kommen|come das|the Esther|ESTHER zugerichtet|made hatte|make
7:1	Und|and da|then der|the König|royal mit|with Haman|Haman kam|came zum|as-a Mahl|drink das|the die|hide Königin|queen Esther|ESTHER zugerichtet|made hatte|had
7:2	sprach|said der|the König|royal zu|to Esther|ESTHER auch|also des|of-the andern|second Tages|time da|then er|he Wein|wine getrunken|finished hatte|feast Was|what bittest|ASK du|petition Königin|queen Esther|ESTHER daß|that man|one s|IT dir|you gebe|put Und|and was|what forderst|REQUEST du|request Auch|also das|ever halbe|half Königreich|kingdom es|it soll|shall geschehen|make
7:3	Esther|ESTHER die|the Königin|queen antwortete|answer und|and sprach|said habe|have ich|I Gnade|grace vor|before dir|eye gefunden|find o|O König|royal und|and gefällt|good es|it dem|the König|royal so|then gib|put mir|me mein|my Leben|soul um|for meiner|my Bitte|petition willen|sake und|and mein|my Volk|nation um|for meines|my Begehrens|request willen|sake
7:4	Denn|and wir|we sind|are verkauft|sell ich|I und|and mein|my Volk|nation daß|that wir|we vertilgt|destroy erwürgt|slay und|and umgebracht|DESTROYED werden|be Und|and wären|were wir|we doch|please nur|only zu|to Knechten|servant und|and Mägden|handmaid verkauft|sell so|then wollte|to ich|I schweigen|plow so|and würde|would der|the Feind|enemy doch|please dem|the König|royal nicht|not schaden|laid
7:5	Der|the König|royal Ahasveros|AHASUERUS redete|spoke und|and sprach|said zu|to der|the Königin|queen Esther|ESTHER Wer|what ist|is der|he oder|or wo|where ist|is der|he der|the solches|this in|in seinen|his Sinn|heart nehmen|take dürfe|fill also|prepare zu|to tun|make
7:6	Esther|ESTHER sprach|said Der|the Feind|adversary und|and Widersacher|enemy ist|is dieser|this böse|wicked Haman|Haman Haman|Haman entsetzte|was-terrified sich|himself vor|BEFORE dem|the König|king und|and der|the Königin|queen
7:7	Und|AND der|the König|king stand|rose auf|up vom|FROM-THE Mahl|feast und|and vom|from-the Wein|wine in|in seinem|his Grimm|wrath und|and ging|went in|into den|the Garten|garden am|of-the Hause|palace Und|and Haman|Haman stand|rose auf|up und|AND bat|begged die|the Königin|queen Esther|ESTHER um|for sein|his Leben|life denn|for er|he sah|saw daß|that ihm|him ein|— Unglück|calamity vom|FROM-THE König|king schon|already bereitet|DETERMINED war|was
7:8	Und|AND da|when der|the König|king wieder|returned aus|FROM dem|the Garten|garden am|of-the Hause|palace in|into den|the Saal|room da|where man|they gegessen|eaten hatte|had kam|came lag|was-fallen Haman|Haman an|upon der|the Bank|couch darauf|whereon Esther|ESTHER saß|was Da|then sprach|said der|the König|king Will|will er|he auch|also der|the Königin|queen Gewalt|force tun|upon bei|with mir|me im|in-the Hause|house Da|then das|the Wort|word aus|from des|of-the Königs|king's Munde|mouth ging|came verhüllten|covered sie|they Haman|Haman das|the Antlitz|face
7:9	Und|AND Harbona|Harbona der|ONE-OF-THE Kämmerer|eunuchs einer|— vor|before dem|the König|king sprach|said Siehe|Behold es|— steht|stands ein|a Baum|gallows im|in-the Hause|house Hamans|Haman's fünfzig|fifty Ellen|cubits hoch|high den|which er|Haman Mardochai|Mordecai gemacht|made hatte|had der|who Gutes|good für|for den|the König|king geredet|spoken hat|has Der|the König|king sprach|said Laßt|let ihn|him daran|thereon hängen|hang
7:10	Also|so hängte|hang man|one Haman|Haman an|above den|the Baum|tree den|the er|he Mardochai|Mordecai gemacht|made hatte|prepare Da|then legte|put sich|pacified des|of-the Königs|royal Zorn|fury
8:1	An|to dem|he Tage|time gab|put der|the König|royal Ahasveros|AHASUERUS der|the Königin|queen Esther|ESTHER das|the Haus|household Hamans|Haman des|of-the Judenfeindes|enemy Und|and Mardochai|Mordecai kam|came vor|face den|the König|royal denn|and Esther|ESTHER sagte|told an|tell wie|what er|he ihr|you zugehörte|WAS-RELATED
8:2	Und|AND der|the König|king tat|took ab|off von|from seinem|his Fingerreif|ring den|which er|he von|FROM Haman|Haman hatte|had genommen|taken und|and gab|gave ihn|it Mardochai|Mordecai Und|and Esther|ESTHER setzte|set Mardochai|Mordecai über|over das|the Haus|house Hamans|Haman's
8:3	Und|and Esther|ESTHER redete|speak weiter|more vor|face dem|the König|royal und|and fiel|fall ihm|him zu|face den|the Füßen|feet und|and weinte|mercy und|and flehte|weep ihn|him an|to daß|that er|he zunichte|VOID machte|pass die|the Bosheit|evil Hamans|Haman des|of-the Agagiters|AGAGITE'S und|and seine|his Anschläge|thought die|the er|he wider|above die|the Juden|Jew erdacht|DEVISED hatte|count
8:4	Und|and der|the König|royal reckte|reached das|the goldene|gold Zepter|sceptre gegen|toward Esther|hold out.yâshaṭ Da|then stand|arise Esther|ESTHER auf|arise und|and trat|stood vor|face den|the König|royal
8:5	und|AND sprach|said Gefällt|if-it-please es|— dem|the König|king und|and habe|have ich|I Gnade|grace gefunden|found vor|before ihm|him und|and ist|is s|the-thing gelegen|right dem|before-the König|king und|and ich|I gefalle|be-pleasing ihm|in-his-eyes so|then schreibe|LET-BE-WRITTEN man|— daß|that die|the Briefe|letters Hamans|Haman's des|of-the Sohnes|SON Hammedathas|Hammedatha's des|of-the Agagiters|AGAGITE'S widerrufen|REVERSED werden|be die|which er|he geschrieben|WRITTEN hat|has die|the Juden|Jews umzubringen|TO-DESTROY in|in allen|all Landen|provinces des|of-the Königs|king
8:6	Denn|and wie|as kann|can ich|could zusehen|see dem|the Übel|evil das|the mein|my Volk|nation treffen|BEFALL würde|find Und|and wie|as kann|can ich|could zusehen|see daß|that mein|my Geschlecht|kindred umkomme|PERISH
8:7	Da|then sprach|said der|the König|royal Ahasveros|AHASUERUS zur|to-the Königin|queen Esther|ESTHER und|and zu|to Mardochai|Mordecai dem|the Juden|Jew Siehe|behold ich|I habe|have Esther|ESTHER das|the Haus|household Hamans|Haman gegeben|put und|and ihn|him hat|has man|one an|above einen|a Baum|tree gehängt|hang darum|above daß|that er|he seine|his Hand|by hat|has an|to die|the Juden|Jew gelegt|send
8:8	so|then schreibt|write ihr|you nun|now für|above die|the Juden|Jew wie|as es|good euch|you gefällt|eye in|in des|of-the Königs|royal Namen|name und|and versiegelt|SEALED s|seal mit|with des|of-the Königs|royal Ringe|ring Denn|and die|the Schriften|writing die|the in|in des|of-the Königs|royal Namen|name geschrieben|write und|and mit|with des|of-the Königs|royal Ring|ring versiegelt|SEALED wurden|seal durfte|would niemand|no-one widerrufen|return
8:9	Da|THEN wurden|were berufen|called des|of-the Königs|king's Schreiber|scribes zu|at der|that Zeit|time im|in-the dritten|third Monat|month das|which ist|is der|the Monat|month Sivan|Sivan am|on-the dreiundzwanzigsten|twenty-third Tage|day und|and wurde|was geschrieben|written wie|as Mardochai|Mordecai gebot|commanded an|to die|the Juden|Jews und|and an|to die|the Fürsten|governors Landpfleger|deputies und|and Hauptleute|rulers in|in den|the Landen|provinces von|FROM Indien|India bis|unto an|— das|— Mohrenland|Ethiopia nämlich|namely hundert|hundred und|and siebenundzwanzig|twenty-seven Länder|provinces einem|every jeglichen|— Lande|province nach|according-to seiner|its Schrift|writing einem|every jeglichen|— Volk|people nach|according-to seiner|its Sprache|tongue und|and den|the Juden|Jews nach|according-to ihrer|their Schrift|writing und|and Sprache|tongue
8:10	Und|and es|it war|was geschrieben|write in|in des|of-the Königs|royal Ahasveros|AHASUERUS Namen|name und|and mit|with des|of-the Königs|royal Ring|ring versiegelt|seal Und|and er|he sandte|send die|the Briefe|book durch|by die|the reitenden|ride Boten|run auf|on jungen|young Maultieren|mule
8:11	darin|in-it der|the König|royal den|the Juden|Jew Macht|power gab|put in|in welchen|all (manner Städten|town sie|they auch|also waren|were sich|himself zu|to versammeln|gather und|and zu|above stehen|stood für|for ihr|you Leben|soul und|and zu|to vertilgen|destroy zu|to erwürgen|slay und|and umzubringen|TO-DESTROY alle|all (manner Macht|army des|of-the Volkes|nation und|and Landes|province die|the sie|they ängsteten|besiege samt|along-with den|the Kindern|children und|and Weibern|wives und|and ihr|you Gut|spoil zu|to rauben|TO-PLUNDER
8:12	auf|on einen|a Tag|time in|in allen|all (manner Ländern|province des|of-the Königs|royal Ahasveros|AHASUERUS nämlich|namely am|on-the dreizehnten|three Tage|days des|of-the zwölften|two Monats|month das|he ist|is der|the Monat|month Adar|ADAR
8:13	Der|THE Inhalt|copy aber|— der|of-the Schrift|writing war|was daß|that ein|a Gebot|commandment gegeben|given wäre|was in|in allen|all Landen|provinces zu|to eröffnen|publish allen|all Völkern|peoples daß|that die|the Juden|Jews bereit|ready sein|be sollten|should sich|themselves zu|to rächen|avenge an|ON ihren|their Feinden|enemies
8:14	Und|and die|the reitenden|ride Boten|run auf|on den|the Maultieren|mule ritten|RODE aus|bring schnell|QUICKLY und|and eilend|hasten nach|after dem|the Wort|word des|of-the Königs|royal und|and das|the Gebot|law ward|was zu|to Schloß|palace Susan|Shushan angeschlagen|put
8:15	Mardochai|MORDECAI aber|but ging|went aus|forth von|FROM dem|the König|king in|in königlichen|royal Kleidern|apparel blau|blue und|and weiß|white und|and mit|with einer|a großen|great goldenen|golden Krone|crown angetan|CLOTHED mit|with einem|a Leinen-|LINEN und|and Purpur-|PURPLE Mantel|robe und|and die|the Stadt|city Susan|Shushan jauchzte|rejoiced und|and war|was fröhlich|glad
8:16	Den|the Juden|Jew aber|but war|be thou Licht|light und|and Freude|joy und|and Wonne|joy und|and Ehre|honour gekommen|come
8:17	Und|AND in|in allen|all Landen|provinces und|and Städten|cities an|to welchen|whichever Ort|place des|of-the Königs|king's Wort|commandment und|and Gebot|decree gelangte|came da|there war|was Freude|joy und|and Wonne|gladness unter|among den|the Juden|Jews Wohlleben|feasting und|and gute|good Tage|days daß|that viele|many aus|OF den|the Völkern|peoples im|in-the Lande|land Juden|Jews wurden|became denn|for die|the Furcht|fear vor|before den|the Juden|Jews war|was über|upon sie|them gekommen|fallen
9:1	Im|in-the zwölften|two Monat|month das|he ist|is der|the Monat|month Adar|ADAR am|on-the dreizehnten|three Tag|time den|the des|of-the Königs|royal Wort|word und|and Gebot|law bestimmt|APPOINTED hatte|touch daß|that man|one s|IT tun|do sollte|make ebendesselben|that-same Tages|time da|then die|the Feinde|enemies der|the Juden|Jew hofften|hope sie|they zu|to überwältigen|rule wandte|turn sich|himself s|he daß|that die|the Juden|Jew ihre|their Feinde|hate überwältigen|rule sollten|should
9:2	Da|then versammelten|GATHERED sich|gather die|the Juden|Jew in|in ihren|their Städten|town in|in allen|all (manner Landen|province des|of-the Königs|royal Ahasveros|AHASUERUS daß|that sie|they die|the Hand|by legten|send an|to die|the so|then ihnen|them übel|evil wollten|seek Und|and niemand|no-one konnte|could ihnen|face widerstehen|stood denn|and ihre|their Furcht|fear war|was über|above alle|all (manner Völker|nation gekommen|fall
9:3	Auch|also alle|all (manner Obersten|prince in|in den|the Landen|province und|and Fürsten|chiefs und|and Landpfleger|governor und|and Amtleute|work des|of-the Königs|royal halfen|make den|the Juden|Jew denn|and die|the Furcht|fear vor|before Mardochai|Mordecai war|was über|above sie|they gekommen|fall
9:4	Denn|and Mardochai|Mordecai war|was groß|great im|in-the Hause|household des|of-the Königs|royal und|and sein|his Gerücht|fame erscholl|go in|in allen|all (manner Ländern|province wie|and er|Mordecai zunähme|go und|and groß|great würde|great
9:5	Also|so schlugen|smite die|the Juden|Jew an|to allen|all (manner ihren|their Feinden|enemies eine|a Schwertschlacht|wound und|and würgten|slaughter und|and raubten|PLUNDERED und|and brachten|brought um|for und|and taten|make nach|after ihrem|her Willen|favour an|to denen|them die|the ihnen|them feind|hated waren|hate
9:6	Und|and zu|to Schloß|palace Susan|Shushan erwürgten|slay die|the Juden|Jew und|and brachten|brought um|for fünfhundert|five Mann|man
9:7	dazu|also erwürgten|slay sie|they Parsandatha|Parshandatha Dalphon|Dalphon Aspatha|ASPATHA
9:8	Poratha|Poratha Adalja|ADALIA Aridatha|ARIDATHA
9:9	Parmastha|Parmashta Arisai|ARISAI Aridai|ARIDAI Vajesatha|VAJEZATHA
9:10	die|the zehn|ten Söhne|SONS Hamans|Haman's des|of-the Sohnes|SON Hammedathas|Hammedatha's des|of-the Judenfeindes|Jews'-enemy Aber|but an|to die|the Güter|goods legten|laid sie|they ihre|their Hände|hands nicht|not
9:11	Zu|to derselben|he Zeit|time kam|came die|the Zahl|number der|the Erwürgten|slay zu|to Schloß|palace Susan|Shushan vor|face den|the König|royal
9:12	Und|AND der|the König|king sprach|said zu|to der|the Königin|queen Esther|ESTHER Die|the Juden|Jews haben|have zu|in Schloß|the-palace Susan|Shushan fünfhundert|five-hundred Mann|men erwürgt|slain und|and umgebracht|DESTROYED und|and die|the zehn|ten Söhne|SONS Hamans|Haman's was|what werden|will sie|they tun|do in|in den|the andern|rest-of-the Ländern|provinces des|of-the Königs|king was|what bittest|ASK du|is-your-petition daß|that man|it dir|you gebe|be-given und|and was|what forderst|is-your-request du|— mehr|further daß|that man|it tue|be-done
9:13	Esther|ESTHER sprach|said Gefällt|if-it-please s|— dem|the König|king so|then lasse|let er|he auch|also morgen|tomorrow die|the Juden|Jews tun|do nach|according-to dem|the heutigen|today's Gebot|decree und|and die|the zehn|ten Söhne|SONS Hamans|Haman's soll|shall man|— an|on den|the Baum|gallows hängen|hang
9:14	Und|AND der|the König|king hieß|commanded also|so tun|be-done Und|and das|the Gebot|decree ward|was zu|at Susan|Shushan angeschlagen|given und|and die|the zehn|ten Söhne|SONS Hamans|Haman's wurden|were gehängt|hanged
9:15	Und|and die|the Juden|Jew zu|to Susan|Shushan versammelten|GATHERED sich|gather auch|also am|on-the vierzehnten|defeated Tage|time des|of-the Monats|month Adar|ADAR und|and erwürgten|slay zu|to Susan|Shushan dreihundert|three Mann|man aber|but an|to ihre|their Güter|goods legten|laid sie|send ihre|their Hände|by nicht|not
9:16	Aber|BUT die|the andern|other Juden|Jews in|in den|the Ländern|provinces des|of-the Königs|king kamen|gathered zusammen|together und|and standen|stood für|for ihr|their Leben|lives daß|that sie|they Ruhe|rest schafften|HAD vor|from ihren|their Feinden|enemies und|and erwürgten|slew ihrer|of-their Feinde|enemies fünfundsiebzigtausend|seventy-five-thousand aber|but an|to ihre|their Güter|goods legten|laid sie|they ihre|their Hände|hands nicht|not
9:17	Das|the geschah|happened am|on-the dreizehnten|three Tage|time des|of-the Monats|month Adar|ADAR und|and sie|they ruhten|rest am|on-the vierzehnten|defeated Tage|days desselben|that Monats|month den|the machte|make man|one zum|as-a Tage|time des|of-the Wohllebens|feast und|and der|the Freude|joy
9:18	Aber|but die|the Juden|Jew zu|to Susan|Shushan waren|were zusammengekommen|gather am|on-the dreizehnten|three und|and am|on-the vierzehnten|defeated Tage|days und|and ruhten|rest am|on-the fünfzehnten|five Tag|day und|and den|the Tag|day machte|make man|one zum|as-a Tage|time des|of-the Wohllebens|feast und|and der|the Freude|joy
9:19	Darum|above machten|make die|the Juden|Jew die|the auf|on den|the Dörfern|village und|and Flecken|town wohnten|dwell den|the vierzehnten|defeated Tag|time des|of-the Monats|month Adar|ADAR zum|good Tag|time des|of-the Wohllebens|feast und|and der|the Freude|joy und|and sandte|put einer|one dem|the andern|another Geschenke|portion
9:20	Und|and Mardochai|Mordecai schrieb|write diese|these Geschichten|word auf|on und|and sandte|send Briefe|book an|to alle|all (manner Juden|Jew die|the in|in den|all (manner Landen|province des|of-the Königs|royal Ahasveros|AHASUERUS waren|were nahen|near und|and fernen|far
9:21	daß|that sie|above annähmen|arise und|and hielten|be thou den|the vierzehnten|defeated und|and fünfzehnten|five Tag|time des|of-the Monats|month Adar|ADAR jährlich|all (manner
9:22	nach|after den|the Tagen|days darin|wherein die|the Juden|Jews zur|to Ruhe|rest gekommen|had-come waren|— von|FROM ihren|their Feinden|enemies und|and nach|after dem|the Monat|month darin|wherein ihre|THEIR Schmerzen|sorrow in|into Freude|joy und|and ihr|THEIR Leid|mourning in|into gute|good Tage|days verkehrt|TURNED war|was daß|that sie|they dieselben|THE-SAME halten|keep sollten|should als|as Tage|days des|of Wohllebens|feasting und|and der|of Freude|joy und|and einer|one dem|the andern|another Geschenke|portions schicken|send und|and den|the Armen|POOR mitteilen|give-gifts
9:23	Und|and die|the Juden|Jew nahmen|took s|IT an|receive was|what sie|they angefangen|begun hatten|begin zu|to tun|make und|and was|what Mardochai|Mordecai an|to sie|they schrieb|write
9:24	wie|HOW Haman|Haman der|the Sohn|SON Hammedathas|Hammedatha's der|the Agagiter|AGAGITE aller|all Juden|Jews' Feind|enemy gedacht|had-plotted hatte|— alle|all Juden|JEWS umzubringen|TO-DESTROY und|and das|the Pur|Pur das|that ist|is das|the Los|lot werfen|cast lassen|had sie|them zu|to erschrecken|consume und|and umzubringen|TO-DESTROY
9:25	und|AND wie|how Esther|ESTHER zum|before-the König|king gegangen|came war|— und|and derselbe|he durch|by Briefe|letters geboten|commanded hatte|had daß|that seine|his bösen|wicked Anschläge|plot die|which er|he wider|against die|the Juden|Jews gedacht|devised auf|upon seinen|his Kopf|head gekehrt|RETURNED würden|should-be und|and wie|how man|they ihn|him und|and seine|his Söhne|SONS an|on den|the Baum|gallows gehängt|hanged hatte|had
9:26	Daher|above sie|they diese|these Tage|time Purim|Purim nannten|call nach|above dem|the Namen|name des|of-the Loses|Purim Und|above nach|above allen|all (manner Worten|word dieses|hereby (-in Briefes|LETTER und|and dem|what was|what sie|they selbst|above gesehen|seen hatten|see und|and was|what an|to sie|they gelangt|COME war|touch
9:27	richteten|arise die|the Juden|Jew es|it auf|on und|and nahmen|took s|receive auf|above sich|himself und|and auf|above ihre|their Nachkommen|seed und|and auf|above alle|prepare die|the sich|himself zu|above ihnen|them taten|join daß|that sie|they nicht|not unterlassen|pass wollten|wanted zu|to halten|be thou diese|these zwei|two Tage|time jährlich|all (manner wie|as die|the vorgeschrieben|writing und|and bestimmt|time waren|were
9:28	daß|THAT diese|these Tage|days nicht|not vergessen|forgotten sondern|but zu|— halten|kept seien|be bei|by Kindeskindern|children's-children bei|— allen|all Geschlechtern|generations in|in allen|all Ländern|provinces und|and Städten|cities Es|these sind|are die|the Tage|days Purim|Purim welche|which nicht|not sollen|shall übergangen|PASSED-OVER werden|be AMONG|BY den|the Juden|Jews und|and ihr|their Gedächtnis|remembrance soll|shall nicht|not umkommen|perish AMONG|BY ihren|their Nachkommen|seed
9:29	Und|and die|the Königin|queen Esther|ESTHER die|the Tochter|daughter Abihails|ABIHAIL'S und|and Mardochai|Mordecai der|the Jude|Jew schrieben|write mit|with ganzem|all (manner Ernst|power um|for es|it zu|to bestätigen|arise diesen|hereby (-in zweiten|second Brief|LETTER von|from Purim|Purim
9:30	und|and er|he sandte|send die|the Briefe|book zu|to allen|all (manner Juden|Jew in|in den|the hundert|hundred und|and siebenundzwanzig|seven Ländern|province des|of-the Königreichs|kingdom des|of-the Ahasveros|AHASUERUS mit|with freundlichen|peace und|and treuen|FAITHFUL Worten|word
9:31	daß|that sie|they annähmen|arise die|the Tage|time Purim|Purim auf|on die|the bestimmte|APPOINTED Zeit|time wie|as Mardochai|Mordecai der|the Jude|Jew über|above sie|they bestätigt|deeded hatte|arise und|and die|the Königin|queen Esther|ESTHER und|and wie|as sie|they für|above sich|himself selbst|soul und|above ihre|their Nachkommen|seed bestätigt|deeded hatten|arise die|the Geschichte|word der|the Fasten|fast und|and ihres|her Schreiens|cry
9:32	Und|and Esther|ESTHER befahl|commandment die|the Geschichte|word dieser|this Purim|Purim zu|to bestätigen|arise Und|and es|it ward|was in|in ein|a Buch|book geschrieben|write
10:1	Und|and der|the König|royal Ahasveros|AHASUERUS legte|put Zins|tribute aufs|above Land|land und|and auf|on die|the Inseln|coastland im|in-the Meer|sea
10:2	Aber|but alle|all (manner Werke|work seiner|power Gewalt|might und|and Macht|sum und|and die|the große|magnify Herrlichkeit|greatness Mardochais|Mordecai die|the ihm|him der|the König|royal gab|magnify siehe|behold das|honour ist|is geschrieben|write in|above der|the Chronik|book der|the Könige|royal in|in Medien|Medes und|and Persien|Persia
10:3	Denn|and Mardochai|Mordecai der|the Jude|Jew war|was der|the nächste|second nach|after dem|the König|royal Ahasveros|AHASUERUS und|and groß|great unter|under den|the Juden|Jew und|and angenehm|accept unter|under der|the Menge|multitude seiner|his Brüder|brothers der|the für|for sein|his Volk|nation Gutes|good suchte|seek und|and redete|speak das|the Beste|peace für|for sein|his ganzes|all (manner Geschlecht|seed
