1:1	Im|in-the ersten|firstborn Jahr|year des|of-the Kores|Cyrus des|of-the Königs|royal in|in Persien|Persia daß|that erfüllt|fill würde|consume das|the Wort|word des|of-the HERRN|GOD durch|stringed instrument den|the Mund|mouth Jeremia|[Jeremia] s|Jeremiah geredet|spoken erweckte|awake der|the HERR|GOD den|the Geist|wind des|of-the Kores|Cyrus des|of-the Königs|royal in|in Persien|Persia daß|that er|voice ausrufen|proclaimed ließ|pass durch|through sein|his ganzes|all (manner Königreich|kingdom auch|also durch|also Schrift|writing und|and sagen|say
1:2	So|also spricht|it-is-said Kores|Cyrus der|the König|royal in|in Persien|Persia Der|the HERR|GOD der|the Gott|God des|of-the Himmels|heaven hat|has mir|me alle|all (manner Königreiche|kingdom der|the Erde|earth gegeben|put und|he hat|has mir|me befohlen|number ihm|him ein|a Haus|household zu|to bauen|build zu|to Jerusalem|Jerusalem in|in Juda|Judah
1:3	Wer|what nun|now unter|under euch|stringed instrument seine|his Volkes|nation ist|stringed instrument mit|hide dem|offer Sei|be thou Gott|God und|and er|he ziehe|go hinauf|offer gen|to Jerusalem|Jerusalem in|in Juda|Judah und|and baue|build das|the Haus|household des|of-the HERRN|GOD des|of-the Gottes|of-God Israels|Israelites Er|he ist|is der|the Gott|God der|the zu|to Jerusalem|Jerusalem ist|is
1:4	Und|all (manner wer|who noch|still übrig|and-those ist|leave an|stringed instrument allen|all (manner Orten|place da|then der|he Fremdling|sojourner ist|sojourn dem|the sollen|shall helfen|bear die|the Leute|men seines|his Orts|place mit|with Silber|silver und|and Gold|gold Gut|goods und|and Vieh|livestock außer|except dem|hide was|what sie|they aus|from freiem|[freiem] Willen|sake geben|offerings zum|as-a Hause|household Gottes|of-God zu|to Jerusalem|Jerusalem
1:5	Da|then machten|made sich|himself auf|arise die|the Obersten|head der|the Vaterhäuser|[Vaterhäuser] aus|from Juda|Judah und|and Benjamin|Benjamin und|and die|the Priester|priest und|and Leviten|Levite alle|all (manner deren|whose Geist|wind Gott|God erweckte|awake hinaufzuziehen|offer und|and zu|to bauen|build das|the Haus|household des|of-the HERRN|GOD zu|to Jerusalem|Jerusalem
1:6	Und|and alle|all (manner die|the um|circuits sie|strong her|circuits waren|were stärkten|strong ihre|their Hände|by mit|with silbernem|silver und|and goldenem|gold Geräte|vessel mit|with Gut|goods und|and Vieh|livestock und|and Kleinoden|presents außer|except dem|the Was|what sie|they freiwillig|[freiwillig] gaben|willing
1:7	Und|and der|the König|royal Kores|Cyrus tat|did heraus|bring die|the Gefäße|vessel des|of-the Hauses|household des|of-the HERRN|GOD die|the Nebukadnezar|Nebuchadrezzar aus|stringed instrument Jerusalem|Jerusalem genommen|taken hatte|bring und|put in|household seines|his Gottes|of-God Haus|household getan|done hatte|put
1:8	Aber|but Kores|Cyrus der|the König|royal in|in Persien|Persia tat|did sie|they heraus|bring durch|above Mithredath|Mithredath den|the Schatzmeister|treasurer der|Sheshbazzar zählte|scribe sie|they dar|out Sesbazar|Sheshbazzar dem|the Fürsten|prince Juda|Judah s|Judah
1:9	Und|and dies|this ist|is ihre|their Zahl|number dreißig|thirty goldene|gold Becken|[Becken] und|and tausend|thousand silberne|silver Becken|[Becken] neunundzwanzig|nine Messer|knife
1:10	dreißig|thirty goldene|gold Becher|bason und|and der|the andern|second silbernen|silver Becher|bason vierhundertundzehn|[vierhundertundzehn] und|and anderer|[anderer] Gefäße|vessel tausend|thousand
1:11	daß|that aller|all (manner Gefäße|vessel golden|gold und|and silbern|silver waren|were fünftausend|five und|and vierhundert|four-hundred Alle|all (manner brachte|brought sie|offer Sesbazar|Sheshbazzar herauf|offer mit|hide denen|them die|the aus|from der|the Gefangenschaft|captivity von|stringed instrument Babel|Babel heraufzogen|offer gen|to Jerusalem|Jerusalem
2:1	Dies|this sind|are die|the Kinder|old der|the Landschaft|province die|the heraufzogen|offer aus|stringed instrument der|the Gefangenschaft|captivity die|the Nebukadnezar|Nebuchadrezzar der|the König|royal zu|to Babel|Babel hatte|uncover gen|to Babel|Babel geführt|uncover und|and die|Jerusalem wieder|return gen|to Jerusalem|Jerusalem und|and nach|after Juda|Judah kamen|return ein|a jeglicher|one in|in seine|his Stadt|town
2:2	und|and kamen|came mit|hide Serubabel|Zerubbabel Jesua|Jeshua Nehemia|Nehemiah Seraja|Seraiah Reelaja|Reelaiah Mardochai|Mordecai Bilsa|Bilshan Mispar|Mispar Bigevai|[Bigevai] Rehum|Rehum und|and Baana|Baanah Dies|this ist|is nun|now die|the Zahl|number der|the Männer|men des|of-the Volkes|nation Israel|Israelites
2:3	der|the Kinder|old Parevs|Parosh zweitausend|[zweitausend] hundertundzweiundsiebzig|hundred
2:4	der|the Kinder|old Sephatja|Shephatiah dreihundert|three und|and zweiundsiebzig|two
2:5	der|the Kinder|old Arah|[Arah] siebenhundert|seven und|and fünfundsiebzig|five
2:6	der|the Kinder|old Pahath-|[Pahath-] Moab|Pahathmoab von|from den|the Kindern|old Jesua|[Jesua] Joab|Jeshua zweitausend|[zweitausend] achthundertundzwölf|eight
2:7	der|the Kinder|old Elam|Elam tausend|thousand zweihundertvierundfünfzig|hundred
2:8	der|the Kinder|old Satthu|Zattu neunhundert|nine und|and fünfundvierzig|five
2:9	der|the Kinder|old Sakkai|Zaccai siebenhundert|seven und|and sechzig|threescore
2:10	der|the Kinder|old Bani|Bani sechshundert|six und|and zweiundvierzig|two
2:11	der|the Kinder|old Bebai|[Bebai] sechshundert|six und|and dreiundzwanzig|three
2:12	der|the Kinder|old Asgad|Azgad tausend|thousand zweihundert|two und|and zweiundzwanzig|two
2:13	der|the Kinder|old Adonikam|[Adonikam] sechshundert|six und|and sechsundsechzig|six
2:14	der|the Kinder|old Bigevai|[Bigevai] zweitausend|[zweitausend] und|and sechsundfünfzig|six
2:15	der|the Kinder|old Adin|Adin vierhundert|four-hundred und|and vierundfünfzig|[vierundfünfzig]
2:16	der|the Kinder|old Ater|[Ater] von|from Hiskia|Hezekiah achtundneunzig|eight
2:17	der|the Kinder|old Bezai|Bezai dreihundert|three und|and dreiundzwanzig|three
2:18	der|the Kinder|old Jorah|Jorah hundertundzwölf|hundred
2:19	der|the Kinder|old Hasum|Hashum zweihundert|hundred und|and dreiundzwanzig|three
2:20	der|the Kinder|old von|from Gibbar|Gibbar fünfundneunzig|five
2:21	der|the Kinder|old von|from Bethlehem|Bethlehem hundertdreiundzwanzig|hundred
2:22	der|the Männer|men von|from Netopha|Netophah sechsundfünfzig|six
2:23	der|the Männer|men von|from Anathoth|Anathoth hundertachtundzwanzig|hundred
2:24	der|the Kinder|old von|from Asmaveth|Azmaveth zweihundertvierzig|two
2:25	der|the Kinder|old von|from Kirjath-|[Kirjath-] Arim|Kirjathjearim Kaphira|Chephirah und|and Beeroth|[Beeroth] siebenhundert|seven und|and dreiundvierzig|three
2:26	der|the Kinder|old von|from Rama|Ramah und|and Geba|Geba sechshundert|six und|and einundzwanzig|[einundzwanzig]
2:27	der|the Männer|men von|from Michmas|Michmash hundertzweiundzwanzig|hundred
2:28	der|the Männer|men von|from Beth-|[Beth-] El|Bethel und|and Ai|Ai zweihundert|hundred und|and dreiundzwanzig|three
2:29	der|the Kinder|old von|from Nebo|Nebo zweiundfünfzig|two
2:30	der|the Kinder|old Magbis|Magbish hundertsechsundfünfzig|hundred
2:31	der|the Kinder|old des|of-the andern|another Elam|Elam tausendzweihundert|[tausendzweihundert] und|and vierundfünfzig|[vierundfünfzig]
2:32	der|the Kinder|old Harim|Harim dreihundertundzwanzig|three
2:33	der|the Kinder|old von|from Lod|Lod Hadid|Hadid und|and Ono|[Ono] siebenhundert|seven und|and fünfundzwanzig|five
2:34	der|the Kinder|old von|from Jericho|Jericho dreihundert|three und|and fünfundvierzig|five
2:35	der|the Kinder|old von|from Senaa|Senaah dreitausend|three und|and sechshundertunddreißig|six
2:36	Der|the Priester|priest der|the Kinder|old Jedaja|Jedaiah vom|from-the Hause|household Jesua|Jeshua neunhundert|nine und|and dreiundsiebzig|three
2:37	der|the Kinder|old Immer|continually tausend|thousand und|and zweiundfünfzig|two
2:38	der|the Kinder|old Pashur|Pashur tausendzweihundert|[tausendzweihundert] und|and siebenundvierzig|seven
2:39	der|the Kinder|old Harim|Harim tausend|thousand und|and siebzehn|seven
2:40	Der|the Leviten|Levite der|the Kinder|old Jesua|Jeshua und|and Kadmiel|Kadmiel von|from den|the Kindern|old Hodavja|Hodaviah vierundsiebzig|[vierundsiebzig]
2:41	Der|the Sänger|sing der|the Kinder|old Asaph|[Asaph] hundertachtundzwanzig|hundred
2:42	der|the Kinder|old der|the Torhüter|porter die|the Kinder|old Sallum|Shallum die|the Kinder|old Ater|[Ater] die|the Kinder|old Talmon|Talmon die|the Kinder|old Akkub|Akkub die|the Kinder|old Hatita|Hatita und|and die|the Kinder|old Sobai|Shobai allesamt|all (manner hundertneununddreißig|hundred
2:43	Der|the Tempelknechte|Nethinims die|the Kinder|old Ziha|Ziha die|the Kinder|old Hasupha|Hasupha die|the Kinder|old Tabbaoth|[Tabbaoth]
2:44	die|the Kinder|old Keros|Keros die|the Kinder|old Siaha|Sia die|the Kinder|old Padon|[Padon]
2:45	die|the Kinder|old Lebana|Lebanah die|the Kinder|old Hagaba|Hagaba die|the Kinder|old Akkub|Akkub
2:46	die|the Kinder|old Hagab|Hagab die|the Kinder|old Samlai|Shalmai die|the Kinder|old Hanan|Hanan
2:47	die|the Kinder|old Giddel|Giddel die|the Kinder|old Gahar|Gahar die|the Kinder|old Reaja|Reaiah
2:48	die|the Kinder|old Rezin|Rezin die|the Kinder|old Nekoda|Nekoda die|the Kinder|old Gassam|Gazzam
2:49	die|the Kinder|old Usa|Uzza die|the Kinder|old Paseah|Paseah die|the Kinder|old Beasi|Besai
2:50	die|the Kinder|old Asna|[Asna] die|the Kinder|old der|the Meuniter|Mehunim die|the Kinder|old der|the Nephusiter|Nephusim
2:51	die|the Kinder|old Bakbuk|Bakbuk die|the Kinder|old Hakupha|Hakupha die|the Kinder|old Harhur|[Harhur]
2:52	die|the Kinder|old Bazluth|Bazluth die|the Kinder|old Mehida|Mehida die|the Kinder|old Harsa|[Harsa]
2:53	die|the Kinder|old Barkos|Barkos die|the Kinder|old Sisera|Sisera die|the Kinder|old Themah|[Themah]
2:54	die|old Kinder|sons Neziah|Neziah die|the Kinder|old Hatipha|[Hatipha]
2:55	Die|the Kinder|old der|the Knechte|servant Salomos|Solomon Die|the Kinder|old Sotai|Sotai die|the Kinder|old Sophereth|Sophereth die|the Kinder|old Peruda|[Peruda]
2:56	die|the Kinder|old Jaala|Jaala die|the Kinder|old Darkon|Darkon die|the Kinder|old Giddel|Giddel
2:57	die|the Kinder|old Sephatja|Shephatiah die|the Kinder|old Hattil|Hattil die|the Kinder|old Pochereth|[Pochereth] von|from Zebaim|Pochereth of Zebaim die|the Kinder|old der|the Ami|[Ami]
2:58	Aller|all (manner Tempelknechte|Nethinims und|and Kinder|old der|the Knechte|servant Salomos|Solomon waren|were zusammen|together dreihundert|three und|and zweiundneunzig|two
2:59	Und|and diese|these zogen|went auch|also mit|with herauf|offer von|stringed instrument Thel-|[Thel-] Melah|Telmelah Thel-|[Thel-] Harsa|Telharsa Cherub|Cherub Addon|[Addon] und|and Immer|continually aber|but sie|they konnten|could nicht|not anzeigen|tell ihr|you Vaterhaus|[Vaterhaus] noch|still ihr|you Geschlecht|seed ob|whether sie|walk aus|stringed instrument Israel|Israelites wären|were
2:60	die|the Kinder|old Delaja|Delaiah die|the Kinder|old Tobia|Tobiah die|the Kinder|old Nekoda|Nekoda sechshundert|six und|and zweiundfünfzig|two
2:61	Und|and von|stringed instrument den|the Kindern|old der|the Priester|priest die|the Kinder|old Habaja|Habaiah die|the Kinder|old Hakkoz|Koz die|the Kinder|old Barsillais|Barzillai der|the aus|stringed instrument den|the Töchtern|daughter Barsillais|Barzillai des|of-the Gileaditers|Gileadite ein|a Weib|wife nahm|take und|above ward|call unter|above ihrem|her Namen|name genannt|call
2:62	Die|the suchten|seek ihre|their Geburtsregister|writing und|not fanden|find keine|not darum|therefore wurden|were sie|they untüchtig|[untüchtig] geachtet|pollute zum|stringed instrument Priestertum|priesthood
2:63	Und|and der|the Landpfleger|Tirshatha sprach|said zu|to ihnen|them sie|holy sollten|should nicht|not essen|eat vom|from-the Hochheiligen|holy bis|ever ein|a Priester|priest aufstände|stood mit|with dem|the Licht|light und|and Recht|Thummim
2:64	Der|the ganzen|all (manner Gemeinde|congregation wie|as ein|a Mann|man waren|were zweiundvierzigtausend|variant und|and dreihundertundsechzig|three
2:65	ausgenommen|stringed instrument ihre|their Knechte|servant und|and Mägde|female-servants derer|[derer] waren|were siebentausend|seven dreihundert|three und|and siebenunddreißig|seven dazu|also zweihundert|hundred Sänger|sing und|and Sängerinnen|sing
2:66	Und|horse hatten|had siebenhundert|seven und|and sechsunddreißig|six Rosse|horse zweihundert|hundred und|and fünfundvierzig|five Maultiere|mule
2:67	vierhundert|four-hundred und|and fünfunddreißig|five Kamele|camel und|and sechstausend|six und|and siebenhundertzwanzig|seven Esel|ass
2:68	Und|and etliche|stringed instrument Oberste|head der|the Vaterhäuser|[Vaterhäuser] da|then sie|they kamen|came zum|as-a Hause|household des|of-the Herrn|GOD zu|to Jerusalem|Jerusalem gaben|gave sie|they freiwillig|willing zum|as-a Hause|household Gottes|of-God daß|that man|one s|[s] setzte|stood auf|above seine|his Stätte|place
2:69	und|and gaben|put nach|after ihrem|her Vermögen|strength zum|as-a Schatz|treasure fürs|[fürs] Werk|work einundsechzigtausend|[einundsechzigtausend] Goldgulden|gold und|and fünftausend|five Pfund|pound Silber|silver und|and hundert|hundred Priesterröcke|priest
2:70	Also|priest setzten|mounted sich|dwell die|the Priester|priest und|and die|the Leviten|Levite und|and die|the vom|stringed instrument Volk|nation und|and die|the Sänger|sing und|and die|the Torhüter|porter und|and die|the Tempelknechte|Nethinims in|in ihre|their Städte|town und|and alles|all (manner Israel|Israelites in|in seine|his Städte|town
3:1	Und|and da|seventh herbeikam|touch der|the siebente|seventh Monat|month und|and die|the Kinder|old Israel|Israelites nun|now in|in ihren|their Städten|town waren|were kam|came das|the Volk|nation zusammen|together wie|as ein|a Mann|man gen|to Jerusalem|Jerusalem
3:2	Und|Jeshua es|it machte|made sich|himself auf|arise Jesua|Jeshua der|the Sohn|old Jozadaks|Jozadak und|and seine|his Brüder|brothers die|the Priester|priest und|and Serubabel|Zerubbabel der|the Sohn|old Sealthiels|Shealtiel und|and seine|his Brüder|brothers und|and bauten|build den|the Altar|altar des|of-the Gottes|of-God Israels|Israelites Brandopfer|ascent darauf|above zu|to opfern|offer wie|as es|it geschrieben|[geschrieben] steht|write im|in-the Gesetz|law Mose|[Mose] s|Moses des|of-the Mannes|man's Gottes|of-God
3:3	und|and richteten|[richteten] zu|prepare den|the Altar|altar auf|above seine|his Stätte|base denn|and es|it war|was ein|a Schrecken|dread unter|above ihnen|them vor|stringed instrument den|the Völkern|nation in|in den|the Ländern|lands und|and opferten|offer dem|the HERRN|GOD Brandopfer|ascent darauf|above des|of-the Morgens|morning und|and des|of-the Abends|even
3:4	Und|and hielten|make der|the Laubhütten|tabernacle Fest|feast wie|as geschrieben|[geschrieben] steht|write und|and taten|did Brandopfer|ascent alle|time Tage|time nach|after der|the Zahl|number wie|as sich|himself s|[s] gebührt|judgment einen|a jeglichen|word Tag|time sein|his Opfer|time
3:5	darnach|after auch|also die|the täglichen|continually Brandopfer|ascent und|and der|the Neumonde|month und|and aller|all (manner Festtage|congregation des|of-the HERRN|GOD die|the geheiligt|[geheiligt] sind|sanctify und|and allerlei|all (manner freiwillige|[freiwillige] Opfer|offerings die|the sie|they dem|the HERRN|GOD freiwillig|[freiwillig] taten|willing
3:6	Am|stringed instrument ersten|firstborn Tage|time des|of-the siebenten|seventh Monats|month fingen|began sie|they an|begin dem|the HERRN|GOD Brandopfer|ascent zu|to tun|offer Aber|but der|the Grund|foundation des|of-the Tempels|temple war|was noch|not nicht|not gelegt|foundation
3:7	Sie|they gaben|gave aber|put Geld|silver den|the Steinmetzen|dig und|and Zimmerleuten|carpenter und|and Speise|meat und|and Trank|feast und|and Öl|oil denen|them zu|to Sidon|Zidonians und|and zu|to Tyrus|of Tyre daß|that sie|they Zedernholz|[Zedernholz] vom|stringed instrument Libanon|Lebanon aufs|to-the Meer|sea gen|to Japho|Joppa brächten|[brächten] nach|after dem|the Befehl|grant des|of-the Kores|Cyrus des|of-the Königs|royal in|in Persien|Persia an|above sie|they
3:8	Im|in-the zweiten|second Jahr|year ihrer|their Ankunft|[Ankunft] am|on-the Hause|household Gottes|of-God zu|to Jerusalem|Jerusalem im|in-the zweiten|second Monat|month fingen|began an|begin Serubabel|Zerubbabel der|the Sohn|old Sealthiels|Shealtiel und|and Jesua|Jeshua der|the Sohn|old Jozadaks|Jozadak und|and die|the übrigen|remnant ihrer|their Brüder|brothers Priester|priest und|and Leviten|Levite und|and alle|all (manner die|the aus|stringed instrument der|the Gefangenschaft|captivity gekommen|come waren|were gen|to und|and bestellten|stood die|the Leviten|Levite von|stringed instrument zwanzig|twenty Jahren|year und|and darüber|upward zu|to treiben|Musician das|the Werk|work am|GOD Hause|household des|of-the HERRN|GOD
3:9	Und|stood Jesua|Jeshua stand|stood mit|with seinen|his Söhnen|old und|and Brüdern|brothers und|and Kadmiel|Kadmiel mit|with seinen|his Söhnen|old die|the Kinder|old Juda|Judah wie|as ein|a Mann|man vorzustehen|Musician den|the Arbeitern|work am|on-the Hause|household Gottes|of-God desgleichen|also die|the Kinder|old Henadad|Henadad mit|with ihren|their Kindern|old und|and Brüdern|brothers den|the Leviten|Levite
3:10	Und|and da|then die|the Bauleute|build den|the Grund|[Grund] legten|foundation am|on-the Tempel|temple des|of-the HERRN|GOD standen|stood die|the Priester|priest in|in ihren|their Kleidern|clothe mit|with Drommeten|trumpet und|and die|the Leviten|Levite die|the Kinder|old Asaph|[Asaph] mit|with Zimbeln|cymbal zu|to loben|praise den|the HERRN|GOD mit|above dem|the Gedicht|by Davids|David des|of-the Königs|royal über|over Israel|Israelites
3:11	und|and sangen|[sangen] umeinander|answer und|and lobten|praise und|and dankten|praise dem|the HERRN|GOD daß|and er|he gütig|good ist|is und|and seine|his Barmherzigkeit|mercy ewiglich|ever währet|[währet] über|above Israel|Israelites Und|and alles|all (manner Volk|nation jauchzte|shout laut|great beim|in-the Lobe|praise des|of-the HERRN|GOD daß|above der|the Grund|foundation am|on-the Hause|household des|of-the HERRN|GOD gelegt|lain war|foundation
3:12	Aber|but viele|many der|stringed instrument alten|elders Priester|priest und|and Leviten|Levite und|and Obersten|head der|the Vaterhäuser|[Vaterhäuser] die|the das|the vorige|first Haus|household gesehen|seen hatten|see da|then nun|now dies|this Haus|household vor|before ihren|their Augen|eye gegründet|foundation ward|was weinten|wept sie|weep laut|great Viele|many aber|many jauchzten|shout mit|with Freuden|joy daß|that das|the Geschrei|voice hoch|above erscholl|exalt
3:13	also|so daß|that das|the Volk|nation nicht|not unterscheiden|[unterscheiden] konnte|know das|the Jauchzen|shout mit|with Freuden|joy und|and das|the laute|voice Weinen|weep im|in-the Volk|nation denn|and das|the Volk|nation jauchzte|shout laut|great daß|that man|one das|the Geschrei|voice ferne|far hörte|hear
4:1	Da|then aber|but die|the Widersacher|enemy Juda|Judah s|Judah und|and Benjamins|Benjamin hörten|hear daß|and die|the Kinder|old der|the Gefangenschaft|captivity dem|the HERRN|GOD dem|the Gott|God Israels|Israelites den|the Tempel|temple bauten|build
4:2	kamen|came sie|come zu|to Serubabel|Zerubbabel und|and zu|to den|the Obersten|head der|the Vaterhäuser|[Vaterhäuser] und|and sprachen|said zu|to ihnen|them Wir|we wollen|will mit|hide euch|you bauen|build denn|and wir|we suchen|seek euren|your Gott|God gleichwie|according to ihr|you und|and wir|we haben|have ihm|him geopfert|sacrifice seit|stringed instrument der|the Zeit|time da|then Asar-|[Asar-] Haddon|[Haddon] der|the König|royal von|from Assyrien|Assyria uns|us hat|has heraufgebracht|offer
4:3	Aber|but Serubabel|Zerubbabel und|and Jesua|Jeshua und|and die|the andern|remnant Obersten|head der|the Vaterhäuser|[Vaterhäuser] in|in Israel|Israelites antworteten|answered ihnen|them Es|it ziemt|[ziemt] sich|himself nicht|not uns|us und|and euch|you das|the Haus|household unsers|our Gottes|of-God zu|to bauen|build sondern|and wir|we wollen|GOD allein|together bauen|build dem|the HERRN|GOD dem|the Gott|God Israels|Israelites wie|as uns|us Kores|Cyrus der|the König|royal in|in Persien|Persia geboten|commanded hat|command
4:4	Da|then hinderte|be thou das|the Volk|nation im|in-the Lande|land die|the Hand|by des|of-the Volkes|nation Juda|Judah und|and schreckten|[schreckten] sie|they ab|his-last im|in-the Bauen|build
4:5	und|and dingten|hire Ratgeber|counsel wider|above sie|they und|counsel verhinderten|break ihren|their Rat|counsel solange|all (manner Kores|Cyrus der|the König|royal in|in Persien|Persia lebte|time bis|until an|ever das|the Königreich|kingdom Darius|Darius des|of-the Königs|royal in|in Persien|Persia
4:6	Und|and da|kingdom Ahasveros|[Ahasveros] König|King ward|kingdom im|in-the Anfang|beginning seines|his Königreichs|kingdom schrieben|[schrieben] sie|write eine|a Anklage|accusation wider|above die|dwell von|from Juda|Judah und|and Jerusalem|Jerusalem
4:7	Und|and zu|to den|the Zeiten|time Arthahsasthas|[Arthahsasthas] schrieb|write Bislam|Bishlam Mithredath|Mithredath Tabeel|Tabeel und|and die|the andern|remnant ihres|her Rats|companion an|above Arthahsastha|[Arthahsastha] den|the König|royal in|in Persien|Persia Die|the Schrift|[Schrift] aber|writing des|of-the Briefes|letter war|was syrisch|[syrisch] und|and er|he war|was auf|on syrisch|[syrisch] verdolmetscht|interpreted
4:8	Rehum|Rehum der|the Kanzler|chancellor und|and Simsai|Shimshai der|the Schreiber|scribe schrieben|write diesen|one Brief|[Brief] wider|upon Jerusalem|Jerusalem an|to Arthahsastha|[Arthahsastha] den|the König|king
4:9	Wir|we Rehum|Rehum der|the Kanzler|chancellor und|and Simsai|Shimshai der|the Schreiber|scribe und|and die|the andern|rest des|of-the Rats|companion die|the von|from Dina|Dinaites von|from Arpharsach|[Arpharsach] von|from Tarpal|Tarpelites von|from Persien|[Persien] von|from Erech|Erech von|from Babel|Babel von|from Susan|Susanchites von|from Deha|Dehavites und|and von|from Elam|Elam
4:10	und|and die|the andern|rest Völker|nations welche|this der|the große|great und|and berühmte|noble Asnaphar|[Asnaphar] herübergebracht|reveal und|and gesetzt|made hat|sit in|in die|the Stadt|city Samaria|Samaria und|and in|in die|the andern|another Orte|rest diesseits|beyond des|of-the Wassers|river und|and so|then fort|again
4:11	Und|and dies|this ist|is der|the Inhalt|copy des|of-the Briefes|[Briefes] den|this sie|upon dem|the König|king Arthahsastha|[Arthahsastha] sandten|sent Deine|your Knechte|servant die|the Männer|men diesseits|beyond des|of-the Wassers|river und|and so|then fort|again
4:12	Es|it sei|be kund|known dem|the König|king daß|that die|the Juden|Jews die|this von|of dir|thee zu|to uns|upon heraufgekommen|[heraufgekommen] sind|are gen|to Jerusalem|Jerusalem in|in die|the aufrührerische|rebellious und|and böse|evil Stadt|city bauen|build sie|build und|wall machen|finished ihre|their Mauern|wall und|and führen|carry sie|joined aus|from dem|the Grunde|valley
4:13	So|then sei|be nun|now dem|the König|king kund|known Wo|if diese|this Stadt|city gebaut|[gebaut] wird|build und|and die|the Mauern|wall wieder|back gemacht|finished so|then werden|be sie|they Schoß|toll Zoll|[Zoll] und|custom jährliche|[jährliche] Zinse|tribute nicht|not geben|give und|and ihr|you Vornehmen|[Vornehmen] wird|will den|the Königen|king Schaden|harm bringen|damage
4:14	Nun|now wir|have aber|before das|the Salz|have des|of-the Königshauses|temple essen|this und|not die|the Schmach|reproach des|of-the Königs|king nicht|not länger|dishonour wollen|will sehen|see darum|upon schicken|send wir|we hin|sent und|king lassen|known es|it den|the König|king zu|to wissen|know tun|known
4:15	daß|that man|one lasse|bring-forth suchen|enquire in|book den|the Chroniken|record deiner|your Väter|fathers so|then wirst|will du|you finden|find in|in denselben|book Chroniken|record und|and erfahren|known daß|that diese|this Stadt|city aufrührerisch|[aufrührerisch] und|and schädlich|rebellious ist|is den|the Königen|king und|and Landen|province und|and macht|damage daß|that andere|midst auch|also abfallen|do von|of alters|ever her|here darum|upon die|the Stadt|city auch|also zerstört|[zerstört] ist|this
4:16	Darum|king tun|known wir|we dem|the König|king zu|to wissen|known daß|that wo|if diese|this Stadt|city gebaut|[gebaut] wird|build und|and ihre|their Mauern|wall gemacht|finished so|this wirst|will du|you vor|before ihr|this nichts|not behalten|keep diesseits|beyond des|of-the Wassers|river
4:17	Da|then sandte|sent der|the König|king ein|a Antwort|answer an|upon Rehum|Rehum den|the Kanzler|chancellor und|and Simsai|Shimshai den|the Schreiber|scribe und|and die|the andern|rest ihres|her Rates|companion die|the in|in Samaria|Samaria wohnten|sit und|and in|in den|the andern|another Orten|rest jenseits|beyond des|of-the Wassers|river Friede|peace und|and Gruß|[Gruß]
4:18	der|the Brief|letter den|the ihr|you uns|upon zugeschickt|[zugeschickt] habt|sent ist|is deutlich|plainly vor|before mir|me gelesen|read
4:19	Und|of ist|made von|from mir|of befohlen|decree daß|that man|one suchen|[suchen] sollte|enquire Und|and man|one hat|has gefunden|find daß|that diese|this Stadt|city von|of alters|ever her|day wider|upon die|the Könige|king sich|himself empört|[empört] hat|take und|and Aufruhr|rebellion und|and Abfall|[Abfall] darin|in-it geschieht|do
4:20	Auch|also sind|are mächtige|strong Könige|king zu|upon Jerusalem|Jerusalem gewesen|be die|the geherrscht|[geherrscht] haben|rule über|over alles|all was|what jenseits|beyond des|of-the Wassers|water ist|river daß|that ihnen|toll Zoll|custom Schoß|toll und|custom jährliche|[jährliche] Zinse|tribute gegeben|given wurden|give
4:21	So|then tut|made nun|now nach|made diesem|this Befehl|decree Wehrt|[Wehrt] denselben|these Männern|man daß|that diese|this Stadt|city nicht|not gebaut|[gebaut] werde|build bis|until daß|till von|from mir|of der|the Befehl|commandment gegeben|given werde|made
4:22	So|then seht|be nun|now zu|take heed daß|that ihr|you nicht|not lässig|fail hierin|upon seid|do damit|what nicht|hurt größerer|[größerer] Schade|damage entstehe|multiply dem|the König|king
4:23	Da|then nun|now der|the Brief|letter des|of-the Königs|king Arthahsastha|[Arthahsastha] gelesen|[gelesen] ward|read vor|before Rehum|Rehum und|and Simsai|Shimshai dem|the Schreiber|scribe und|and ihrem|her Rat|companion zogen|went sie|they eilend|quickly hinauf|up gen|to Jerusalem|Jerusalem zu|upon den|the Juden|Jews und|and wehrten|[wehrten] ihnen|them mit|with Arm|[Arm] und|and Gewalt|aloud
4:24	Da|then hörte|heard auf|on das|the Werk|work am|on-the Hause|house Gottes|of-God zu|to Jerusalem|Jerusalem und|and blieb|stayed nach|be bis|until ins|till zweite|two Jahr|year des|of-the darius|Darius des|of-the Königs|king in|in Persien|Persians
5:1	Es|it weissagten|prophesied aber|but die|the Propheten|prophet Haggai|Haggai und|and Sacharja|Zachariah der|the Sohn|son Iddos|Iddo den|the Juden|Jews die|the in|in Juda|Judah und|and Jerusalem|Jerusalem waren|were im|in-the Namen|name des|of-the Gottes|of-God Israels|Israel
5:2	Da|then machten|made sich|himself auf|arise Serubabel|Zerubbabel der|the Sohn|son Sealthiels|Shealtiel und|and Jesua|Jeshua der|the Sohn|son Jozadaks|Jozadak und|and fingen|began an|loose zu|to bauen|build das|the Haus|house Gottes|of-God zu|to Jerusalem|Jerusalem und|and mit|with ihnen|with die|the Propheten|prophet Gottes|of-God die|the sie|they stärkten|[stärkten]
5:3	Zu|to der|the Zeit|time kam|came Thathnai|[Thathnai] der|the Landpfleger|governor diesseits|beyond des|of-the Wassers|river und|and Sethar-|[Sethar-] Bosnai|Shetharboznai und|and ihr|you Rat|companion und|and sprachen|said also|thus zu|to ihnen|upon Wer|whomsoever hat|has euch|you befohlen|decree dies|this Haus|house zu|to bauen|build und|and seine|this Mauern|[Mauern] zu|to machen|finished
5:4	Da|then sagten|told wir|we ihnen|them wie|whomsoever die|the Männer|man hießen|name die|the diesen|this Bau|[Bau] taten|build
5:5	Aber|but das|the Auge|eye ihres|her Gottes|of-God war|be über|upon den|the Ältesten|elder der|the Juden|Jews daß|that ihnen|them nicht|not gewehrt|restrained ward|was bis|until daß|till man|one die|the Sache|commandment an|to Darius|Darius gelangen|[gelangen] ließ|came und|and darüber|upon eine|a Schrift|letter wiederkäme|return
5:6	Dies|copy ist|sent aber|but der|the Inhalt|copy des|of-the Briefes|[Briefes] Thathnais|[Thathnais] des|of-the Landpflegers|governor diesseits|beyond des|of-the Wassers|river und|and Sethar-|[Sethar-] Bosnais|Shetharboznai und|and ihres|her Rats|companion derer|[derer] von|from Apharsach|[Apharsach] die|the diesseits|beyond des|of-the Wassers|river waren|were an|upon den|the König|king Darius|Darius
5:7	Und|and die|the Worte|words die|answer sie|sent zu|upon ihm|midst sandten|sent lauteten|write also|this Dem|the König|king Darius|Darius allen|all Frieden|peace
5:8	Es|it sei|be kund|known dem|the König|king daß|that wir|we ins|province jüdische|Judah Land|province gekommen|come sind|are zu|to dem|the Hause|house des|of-the großen|great Gottes|of-God welches|in-the man|one baut|build mit|with behauenen|great Steinen|[Steinen] und|and Balken|[Balken] legt|turns-away man|made in|in die|the Wände|wall und|and das|this Werk|work geht|prosper frisch|[frisch] vonstatten|prosper unter|under ihrer|their Hand|hand
5:9	Wir|we aber|but haben|have die|the Ältesten|elder gefragt|ask und|thus zu|to ihnen|them gesagt|said also|thus Wer|whomsoever hat|has euch|decree befohlen|made dies|this Haus|house zu|to bauen|build und|and seine|this Mauern|[Mauern] zu|to machen|finished
5:10	Auch|also fragten|ask wir|we wie|as sie|they hießen|name auf|on daß|that wir|we sie|they dir|you kundtäten|known und|write die|the Namen|name der|the Männer|man aufschrieben|write die|the ihre|their Obersten|head waren|were
5:11	Sie|they aber|but gaben|gave uns|us solche|thus Worte|answer zur|to-the Antwort|return und|and sprachen|said Wir|we sind|them Knechte|servant des|of-the Gottes|of-God im|in-the Himmel|heaven und|and der|the Erde|earth und|and bauen|build das|the Haus|house das|much vormals|this vor|ago vielen|much Jahren|year gebaut|build war|be das|the ein|a großer|great König|king Israels|Israel gebaut|[gebaut] hat|build und|and aufgerichtet|finished
5:12	Da|of aber|except unsre|our Väter|fathers den|the Gott|God des|of-the Himmels|heaven erzürnten|provoke unto wrath gab|give er|he sie|them in|in die|the Hand|hand Nebukadnezars|Nebuchadnezzar des|of-the Königs|king zu|to Babel|Babel des|of-the Chaldäers|Chaldean der|this zerbrach|destroy dies|this Haus|house und|people führte|reveal das|the Volk|people weg|reveal gen|to Babel|Babel
5:13	Aber|but im|in-the ersten|one Jahr|year des|of-the Kores|Cyrus des|of-the Königs|king zu|to Babel|Babel befahl|decree derselbe|he König|king Kores|Cyrus dies|this Haus|house Gottes|of-God zu|to bauen|build
5:14	Denn|for auch|also die|this goldenen|gold und|and silbernen|silver Gefäße|vessel im|in-the Hause|house Gottes|of-God die|the Nebukadnezar|Nebuchadnezzar aus|of dem|the Tempel|temple zu|to Jerusalem|Jerusalem nahm|come (go und|and brachte|brought sie|brought in|in den|the Tempel|temple zu|to Babel|Babel nahm|come (go der|the König|king Kores|Cyrus aus|of dem|the Tempel|temple zu|to Babel|Babel und|and gab|gave sie|give Sesbazar|Sheshbazzar mit|with Namen|name den|the er|he zum|as-a Landpfleger|governor setzte|made
5:15	und|and sprach|said zu|to ihm|take Diese|these Gefäße|vessel nimm|take zieh|go hin|away und|and bringe|carry sie|them in|in den|the Tempel|temple zu|to Jerusalem|Jerusalem und|and laß|let das|the Haus|house Gottes|of-God bauen|build an|upon seiner|his Stätte|place
5:16	Da|then kam|came derselbe|this Sesbazar|Sheshbazzar und|and legte|give den|the Grund|[Grund] am|on-the Hause|house Gottes|of-God zu|to Jerusalem|Jerusalem Seit|of der|the Zeit|time baut|[baut] man|build und|and es|it ist|is noch|still nicht|not vollendet|finish
5:17	Gefällt|good es|it nun|now dem|upon König|king so|then lasse|bring-forth er|he suchen|enquire in|in dem|the Schatzhause|treasure des|of-the Königs|king das|the zu|to Babel|Babel ist|is ob|whether s|if von|of dem|the König|king Kores|Cyrus befohlen|commanded sei|made das|this Haus|house Gottes|of-God zu|to Jerusalem|Jerusalem zu|to bauen|build und|king sende|[sende] zu|to uns|sent des|of-the Königs|king Meinung|pleasure darüber|upon
6:1	Da|then befahl|made der|the König|king Darius|Darius daß|that man|one suchen|[suchen] sollte|enquire in|in der|the Kanzlei|house im|in-the Schatzhause|[Schatzhause] des|of-the Königs|treasure die|there zu|to Babel|Babel lag|carry
6:2	da|then fand|found man|find zu|to Ahmetha|[Ahmetha] im|in-the Schloß|palace das|the in|province Medien|Medes Liegt|lies ein|one Buch|roll und|midst stand|rose also|thus darin|midst eine|a Geschichte|record geschrieben|write
6:3	Im|in-the ersten|one Jahr|year des|of-the Königs|king Kores|Cyrus befahl|made der|the König|king Kores|Cyrus das|the Haus|house Gottes|of-God zu|to Jerusalem|Jerusalem zu|to bauen|build als|when eine|a Stätte|place da|then man|sacrifice opfert|offer und|and den|the Grund|[Grund] zu|to legen|strongly laid zur|to-the Höhe|height sechzig|threescore Ellen|cubits und|and zur|to-the Weite|breadth auch|also sechzig|threescore Ellen|cubits
6:4	und|and drei|three Reihen|row von|from behauenen|great Steinen|[Steinen] und|and eine|a Reihe|row von|new Holz|wood und|and die|the Kosten|expenses sollen|shall vom|of Hause|house des|of-the Königs|king gegeben|given werden|give
6:5	dazu|also die|the goldenen|gold und|and silbernen|silver Gefäße|vessel des|of-the Hauses|house Gottes|of-God die|the Nebukadnezar|Nebuchadnezzar aus|of dem|the Tempel|temple zu|to Jerusalem|Jerusalem genommen|come (go und|and gen|to Babel|Babel gebracht|brought hat|brought soll|shall man|one wiedergeben|return daß|that sie|they wiedergebracht|brought-back werden|came in|in den|the Tempel|temple zu|to Jerusalem|Jerusalem an|to ihre|their Statt|place im|in-the Hause|house Gottes|of-God
6:6	So|now haltet|delay euch|be nun|now fern|far von|of ihnen|there du|you Thathnai|[Thathnai] Landpfleger|governor jenseits|beyond des|of-the Wassers|river und|and Sethar-|[Sethar-] Bosnai|Shetharboznai und|and ihr|you andern|another des|of-the Rats|companion ihr|you von|from Apharsach|[Apharsach] die|the ihr|you jenseits|beyond des|of-the Wassers|river seid|be
6:7	Laßt|let sie|leave arbeiten|work am|this Hause|house Gottes|of-God daß|governor der|the Juden|Jews Landpfleger|governor und|and ihre|their Ältesten|elder das|this Haus|house Gottes|of-God bauen|build an|upon seine|his Stätte|place
6:8	Auch|also ist|is von|from mir|of befohlen|made was|what man|do den|with Ältesten|elder der|the Juden|Jews tun|do soll|do zu|to bauen|build das|this Haus|house Gottes|of-God nämlich|namely daß|that man|one aus|from des|of-the Königs|king Gütern|goods von|this den|the Renten|toll jenseits|beyond des|of-the Wassers|river mit|with Fleiß|[Fleiß] nehme|take und|and gebe|be es|it den|the Leuten|man und|and daß|that man|one ihnen|them nicht|not wehre|[wehre]
6:9	und|and wenn|what sie|they bedürfen|careful junge|children Farren|oxen Widder|ram oder|or Lämmer|ewe-lambs zum|as-a Brandopfer|burnt offering dem|the Gott|God des|of-the Himmels|heaven Weizen|wheat Salz|salt Wein|wine und|and Öl|oil nach|after dem|the Wort|appointment der|the Priester|priest zu|to Jerusalem|Jerusalem soll|shall man|be ihnen|day geben|give jeglichen|one Tag|day seine|his Gebühr|day und|and daß|that solches|this nicht|not lässig|fail geschehe|[geschehe] -|[-]
6:10	daß|that sie|fruit opfern|be zum|as-a süßen|[süßen] Geruch|fruit dem|the Gott|God des|of-the Himmels|heaven und|and bitten|pray für|for das|the Leben|living des|of-the Königs|king und|and seiner|his Kinder|children
6:11	Von|of mir|made ist|is solcher|such Befehl|decree geschehen|made Und|all welcher|which Mensch|man diese|this Worte|answer verändert|change von|of des|of-the Hause|house soll|shall man|pull down einen|a Balken|[Balken] nehmen|pull down und|and aufrichten|set up und|upon ihn|him daran|by-this hängen|smote und|and sein|his Haus|house soll|upon dem|the Gericht|dunghill verfallen|do sein|his um|upon der|the Tat|this willen|dunghill
6:12	Der|the Gott|God aber|but der|the seinen|his Namen|name daselbst|there wohnen|dwell läßt|habitation bringe|bring um|destroy alle|all Könige|king und|and jegliches|one Volk|people das|the seine|his Hand|hand ausreckt|sent daran|by-this zu|to ändern|change und|and zu|to brechen|destroy das|this Haus|house Gottes|of-God in|in Jerusalem|Jerusalem Ich|I Darius|Darius habe|have dies|decree befohlen|made daß|that es|it mit|with Fleiß|[Fleiß] getan|done werde|do
6:13	Das|the taten|do mit|with Fleiß|[Fleiß] Thathnai|[Thathnai] der|the Landpfleger|governor jenseits|beyond des|of-the Wassers|river und|and Sethar-|[Sethar-] Bosnai|Shetharboznai mit|with ihrem|her Rat|companion zu|before welchem|whomever der|the König|king Darius|Darius gesandt|sent hatte|sent
6:14	Und|and die|the Ältesten|elder der|the Juden|Jews bauten|build und|and es|it ging|went vonstatten|prosper durch|through die|the Weissagung|prophesying der|the Propheten|prophet Haggai|Haggai und|and Sacharja|Zachariah des|of-the Sohnes|son Iddos|Iddo und|and sie|they bauten|build und|and richteten|[richteten] auf|finished nach|of dem|the Befehl|commandment des|of-the Gottes|of-God Israels|Israel und|and nach|after dem|the Befehl|decree des|of-the Kores|Cyrus Darius|Darius und|and Arthahsastha|[Arthahsastha] der|the Könige|king in|in Persien|Persians
6:15	und|this vollendeten|finished das|this Haus|house bis|until an|till den|the dritten|three Tag|day des|of-the Monats|month Adar|[Adar] das|it war|was das|the sechste|sixth Jahr|year des|of-the Königreichs|kingdom des|of-the Königs|king Darius|Darius
6:16	Und|and die|the Kinder|children Israel|Israel die|the Priester|priest die|the Leviten|Levite und|and die|the andern|rest Kinder|children der|the Gefangenschaft|captivity hielten|do Einweihung|dedication des|this Hauses|house Gotte|[Gotte] mit|with Freuden|joy
6:17	und|and opferten|offer auf|on die|the Einweihung|dedication des|this Hauses|house Gottes|of-God hundert|hundred Farren|oxen zweihundert|hundred Widder|ram vierhundert|four-hundred Lämmer|ewe-lambs und|two zum|as-a Sündopfer|sin für|upon ganz|all Israel|Israel zwölf|two Ziegenböcke|he nach|after der|the Zahl|number der|the Stämme|tribe Israels|Israel
6:18	und|and bestellten|arise die|the Priester|priest und|and die|the Leviten|Levite in|in ihren|their Ordnungen|courses zu|upon dienen|work Gott|God der|the zu|to Jerusalem|Jerusalem ist|is wie|as es|it geschrieben|[geschrieben] steht|writing im|in-the Buch|book Mose|[Mose] s|[s]
6:19	Und|make die|the Kinder|old der|the Gefangenschaft|captivity hielten|make Passah|passover am|on-the vierzehnten|defeated Tage|days des|of-the ersten|first Monats|month
6:20	Denn|and die|the Priester|priest und|and Leviten|Levite hatten|had sich|himself gereinigt|clean wie|as ein|a Mann|man daß|that sie|they alle|all (manner rein|[rein] waren|clean und|and schlachteten|kill das|the Passah|passover für|for alle|all (manner Kinder|old der|the Gefangenschaft|captivity und|and für|for ihre|their Brüder|brothers die|the Priester|priest und|and für|for sich|himself
6:21	Und|and die|the Kinder|old Israel|Israelites die|the aus|stringed instrument der|the Gefangenschaft|captivity waren|were wiedergekommen|return und|and alle|all (manner die|the sich|stringed instrument zu|to ihnen|them abgesondert|[abgesondert] hatten|had von|stringed instrument der|the Unreinigkeit|uncleanness der|the Heiden|nation im|in-the Lande|land zu|to suchen|seek den|the HERRN|GOD den|the Gott|God Israels|Israelites aßen|ate
6:22	und|and hielten|make das|the Fest|feast der|the ungesäuerten|unleavened Brote|[Brote] sieben|seven Tage|time mit|with Freuden|joy denn|and der|the HERR|GOD hatte|had sie|they fröhlich|merry gemacht|rejoice und|and das|the Herz|heart des|of-the Königs|royal von|from Assyrien|Assyria zu|above ihnen|them gewandt|compass daß|that sie|by gestärkt|[gestärkt] würden|strong im|in-the Werk|work am|on-the Hause|household Gottes|of-God der|the der|the Gott|God Israels|of-Israel ist|Israelites
7:1	Nach|after diesen|this Geschichten|word da|kingdom Arthahsastha|[Arthahsastha] der|the König|royal in|in Persien|Persia regierte|kingdom zog|went herauf|up von|from Babel|Babel Esra|Ezra der|the Sohn|old Serajas|Seraiah des|of-the Sohnes|old Asarjas|Azariah des|of-the Sohnes|old Hilkias|Hilkiah
7:2	des|of-the Sohnes|old Sallum|Shallum des|of-the Sohnes|old Zadoks|Zadok des|of-the Sohnes|old Ahitobs|[Ahitobs]
7:3	des|of-the Sohnes|old Amarjas|[Amarjas] des|of-the Sohnes|old Asarjas|Azariah des|of-the Sohnes|old Merajoths|Meraioth
7:4	des|of-the Sohnes|old Serahjas|Zerahiah des|of-the Sohnes|old Usis|Uzzi des|of-the Sohnes|old Bukkis|Bukki
7:5	des|of-the Sohnes|old Abisuas|[Abisuas] des|of-the Sohnes|old Pinehas|Phinehas des|of-the Sohnes|old Eleasars|[Eleasars] des|of-the Sohnes|old Aarons|[Aarons] des|of-the obersten|chief Priesters|head
7:6	Esra|Ezra aber|he war|was ein|a geschickter|ready Schriftgelehrter|scribe im|in-the Gesetz|law Mose|[Mose] s|Moses das|the der|the HERR|GOD der|the Gott|God Israels|Israelites gegeben|given hatte|put Und|and der|the König|royal gab|put ihm|by alles|all was|what er|he forderte|request nach|after der|the Hand|by des|of-the HERRN|GOD seines|his Gottes|of-God über|above ihm|request
7:7	Und|stringed instrument es|it zogen|went herauf|offer etliche|stringed instrument der|the Kinder|old Israel|Israelites und|stringed instrument der|the Priester|priest und|and der|the Leviten|Levite der|the Sänger|sing der|the Torhüter|porter und|and der|the Tempelknechte|Nethinims gen|to Jerusalem|Jerusalem im|in-the siebenten|seven Jahr|year Arthahsasthas|[Arthahsasthas] des|of-the Königs|royal
7:8	Und|and er|he kam|came gen|to Jerusalem|Jerusalem im|in-the fünften|fifth Monat|month nämlich|he des|of-the siebenten|seventh Jahres|year des|of-the Königs|royal
7:9	Denn|and am|on-the ersten|firstborn Tage|days des|of-the ersten|first Monats|month ward|was er|he Rats|began heraufzuziehen|degree von|stringed instrument Babel|Babel und|and am|on-the ersten|firstborn Tage|days des|of-the fünften|fifth Monats|month kam|came er|he gen|to Jerusalem|Jerusalem nach|after der|the guten|good Hand|by Gottes|of-God über|above ihm|him
7:10	Denn|and Esra|Ezra schickte|prepare sein|his Herz|heart zu|to suchen|seek das|the Gesetz|law des|of-the HERRN|GOD und|and zu|to tun|make und|Israelites zu|to lehren|teach in|in Israel|Israelites Gebote|statute und|and Rechte|judgment
7:11	Und|and dies|this ist|is der|the Inhalt|copy des|of-the Briefes|letter den|the der|the König|royal Arthahsastha|[Arthahsastha] gab|put Esra|Ezra dem|the Priester|priest dem|the Schriftgelehrten|scribe der|the ein|a Lehrer|[Lehrer] war|scribe in|in den|the Worten|word des|of-the HERRN|GOD und|and seiner|his Gebote|commandments über|above Israel|Israelites
7:12	Arthahsastha|[Arthahsastha] König|king aller|all Könige|king Esra|Ezra dem|the Priester|priest und|and Schriftgelehrten|scribe im|in-the Gesetz|law des|of-the Gottes|of-God des|of-the Himmels|heaven Friede|[Friede] und|and Gruß|perfect
7:13	Von|from mir|of ist|decree befohlen|made daß|that alle|all die|the da|then willig|[willig] sind|freewill in|in meinem|my Reich|kingdom des|of Volkes|people Israel|Israel und|and der|the Priester|priest und|and Leviten|Levite gen|to Jerusalem|Jerusalem zu|to ziehen|came daß|that die|the mit|with dir|with ziehen|came
7:14	dieweil|this du|you vom|of König|king und|and seinen|his sieben|seven Ratsherren|counsellor gesandt|sent bist|sent zu|to besichtigen|enquire Juda|Judah und|and Jerusalem|Jerusalem nach|after dem|the Gesetz|law Gottes|of-God das|the unter|under deiner|your Hand|hand ist|is
7:15	und|and hinzubringen|brought Silber|silver und|and Gold|gold das|the der|the König|king und|and seine|his Ratsherren|counsellor freiwillig|[freiwillig] geben|freewill dem|the Gott|God Israels|Israel des|this Wohnung|habitation zu|to Jerusalem|Jerusalem ist|is
7:16	und|and allerlei|all Silber|silver und|and Gold|gold das|the du|you finden|find kannst|find in|in der|the ganzen|all Landschaft|province Babel|Babel mit|with dem|the was|freewill das|the Volk|people und|and die|the Priester|priest freiwillig|[freiwillig] geben|freewill zum|as-a Hause|house ihres|her Gottes|of-God zu|to Jerusalem|Jerusalem
7:17	Alles|all das|all nimm|take und|and kaufe|buy mit|with Fleiß|[Fleiß] von|this dem|the Gelde|silver Farren|oxen Widder|ram Lämmer|ewe-lambs und|and die|the Speisopfer|oblation und|and Trankopfer|drink offering dazu|buy daß|that man|them opfere|offer auf|upon dem|the Altar|altar beim|in-the Hause|house eures|your Gottes|of-God zu|to Jerusalem|Jerusalem
7:18	Dazu|also was|what dir|upon und|and deinen|upon Brüdern|brothers mit|with dem|the übrigen|rest Gelde|silver zu|to tun|do gefällt|seem good das|the tut|do nach|after dem|the Willen|pleasure eures|your Gottes|of-God
7:19	Und|finish die|the Gefäße|vessel die|the dir|you gegeben|given sind|give zum|as-a Amt|service im|in-the Hause|house Gottes|of-God überantworte|finish vor|before Gott|God zu|to Jerusalem|Jerusalem
7:20	Auch|also was|what mehr|rest not|needful sein|his wird|will zum|as-a Hause|house deines|your Gottes|of-God das|the dir|you vorfällt|fall auszugeben|give das|the laß|let geben|give aus|of der|the Kammer|treasure des|of-the Königs|king
7:21	Ich|I König|king Arthahsastha|[Arthahsastha] habe|have dies|decree befohlen|made den|all Schatzmeistern|treasurer jenseit|beyond des|of-the Wassers|river daß|that was|what Esra|Ezra von|from euch|you fordern|require wird|ask der|the Priester|priest und|and Schriftgelehrte|scribe im|in-the Gesetz|law des|of-the Gottes|of-God des|of-the Himmels|heaven daß|that ihr|you das|the fleißig|[fleißig] tut|do
7:22	bis|until auf|till hundert|hundred Zentner|talent Silber|silver und|and auf|on hundert|hundred Kor|measure Weizen|wheat und|and auf|on hundert|hundred Bath|bath Wein|wine und|and auf|on hundert|hundred Bath|bath Öl|oil und|and salz|salt ohne|not Maß|writing
7:23	Alles|all was|what gehört|heard zum|of Gesetz|commandment des|of-the Gottes|of-God des|of-the Himmels|heaven daß|that man|one dasselbe|the fleißig|[fleißig] tue|do zum|as-a Hause|house des|of-the Gottes|of-God des|of-the Himmels|heaven daß|what nicht|not ein|a Zorn|wrath komme|be über|upon das|the Königreich|kingdom des|of-the Königs|king und|and seiner|his Kinder|children
7:24	Und|and euch|you sei|be kund|known daß|toll ihr|upon nicht|not Macht|power habt|rule Zins|toll Zoll|[Zoll] und|custom jährliche|[jährliche] Rente|tribute zu|to legen|lay auf|cast irgend|anyone einen|all Priester|priest Leviten|Levite Sänger|singers Torhüter|porters Tempelknecht|Nethinims und|and Diener|serve im|in-the Hause|house dieses|this Gottes|of-God
7:25	Du|you aber|but Esra|Ezra nach|after der|the Weisheit|wisdom deines|your Gottes|of-God die|the unter|under deiner|your Hand|hand ist|is setze|set Richter|judge und|judge Pfleger|magistrates die|the alles|all Volk|people richten|be das|the jenseit|beyond des|of-the Wassers|river ist|is alle|all die|the das|the Gesetz|law deines|your Gottes|of-God wissen|known und|and welche|which es|it nicht|not wissen|known die|the lehret|[lehret] es|known
7:26	Und|and ein|a jeglicher|all der|law nicht|not mit|with Fleiß|[Fleiß] tun|do wird|be das|the Gesetz|law deines|your Gottes|of-God und|and das|the Gesetz|law des|of-the Königs|king der|of soll|shall sein|his Urteil|judgment um|for der|the Tat|did willen|judgment haben|be es|it sei|if zum|as-a Tod|death oder|if in|in die|the Acht|banishment oder|if zur|to-the Buße|confiscation am|on-the Gut|goods oder|or ins|into-the Gefängnis|prison
7:27	Gelobt|bless sei|be der|the HERR|GOD unsrer|our Väter|fathers Gott|God der|the solches|hereby (-in hat|put dem|the König|royal eingegeben|put daß|that er|glorify das|the Haus|household des|of-the HERRN|GOD zu|to Jerusalem|Jerusalem ziere|glorify
7:28	und|and hat|has zu|to mir|me Barmherzigkeit|mercy geneigt|incline vor|face dem|the König|royal und|and seinen|his Ratsherren|counsel und|and allen|all (manner Gewaltigen|mighty des|of-the Königs|royal Und|and ich|I ward|was getrost|strong nach|after der|the Hand|by des|of-the HERRN|GOD meines|my Gottes|of-God über|above mir|me und|head versammelte|gather Häupter|head aus|stringed instrument Israel|Israelites daß|that sie|they mit|hide mir|me hinaufzögen|offer
8:1	Dies|this sind|are die|the Häupter|head ihrer|their Vaterhäuser|[Vaterhäuser] und|and ihr|you Geschlecht|genealogy die|the mit|hide mir|stringed instrument heraufzogen|offer von|stringed instrument Babel|Babel zu|to den|the Zeiten|kingdom da|then der|the König|royal Arthahsastha|[Arthahsastha] regierte|kingdom
8:2	Von|stringed instrument den|the Kindern|old Pinhas|Phinehas Gersom|Gershom von|stringed instrument den|the Kinder|old Ithamar|[Ithamar] Daniel|Daniel von|stringed instrument den|the Kindern|old David|David Hattus|Hattush
8:3	von|stringed instrument den|the Kindern|old Sechanja|Shechaniah von|stringed instrument den|the Kindern|old Pareos|Parosh Sacharja|Zachariah und|and mit|hide ihm|genealogy Mannsbilder|male gerechnet|genealogy hundertfünfzig|hundred
8:4	von|stringed instrument den|the Kindern|old Pahath-|[Pahath-] Moab|Pahathmoab Eljoenai|[Eljoenai] der|the Sohn|old Serahjas|Zerahiah und|and mit|hide ihm|him zweihundert|hundred Mannsbilder|male
8:5	von|stringed instrument den|the Kindern|sons Satthu|old Sechanja|Shechaniah der|the Sohn|old Jahasiels|Jahaziel und|and mit|hide ihm|him dreihundert|three Mannsbilder|male
8:6	von|stringed instrument den|the Kindern|old Adin|Adin Ebed|Ebed der|the Sohn|old Jonathan|Jonathan und|and mit|hide ihm|him fünfzig|fifty Mannsbilder|male
8:7	von|stringed instrument den|the Kindern|old Elam|Elam Jesaja|Isaiah der|the Sohn|old Athaljas|Athaliah und|and mit|hide ihm|him siebzig|seventy Mannsbilder|male
8:8	von|stringed instrument den|the Kindern|old Sephatja|Shephatiah Sebadja|Zebadiah der|the Sohn|old Michaels|Michael und|and mit|hide ihm|him achtzig|eighty Mannsbilder|male
8:9	von|stringed instrument den|the Kindern|old Joab|Joab Obadja|Obadiah der|the Sohn|old Jehiels|Jehiel und|and mit|hide ihm|him zweihundertachtzehn|hundred Mannsbilder|male
8:10	von|stringed instrument den|the Kindern|sons Bani|old Selomith|Shelomith der|the Sohn|old Josiphjas|Josiphiah und|and mit|with ihm|hide hundertsechzig|hundred Mannsbilder|male
8:11	von|stringed instrument den|the Kindern|old Bebai|[Bebai] Sacharja|Zachariah der|the Sohn|old Bebais|[Bebais] und|and mit|hide ihm|him achtundzwanzig|eight Mannsbilder|male
8:12	von|stringed instrument den|the Kindern|old Asgad|Azgad Johanan|Johanan der|the Sohn|old Hakkatans|Hakkatan und|and mit|hide ihm|him hundertundzehn|hundred Mannsbilder|male
8:13	von|stringed instrument den|the Kindern|old Adonikams|[Adonikams] die|the letzten|[letzten] und|and hießen|name also|so Eliphelet|[Eliphelet] Jeiel|Jeiel und|and Semaja|Shemaiah und|and mit|hide ihnen|them sechzig|threescore Mannsbilder|male
8:14	von|stringed instrument den|the Kindern|old Bigevai|[Bigevai] Uthai|Uthai und|and Sabbud|Zabbud und|and mit|hide ihnen|them siebzig|seventy Mannsbilder|male
8:15	Und|and ich|I versammelte|gather sie|they ans|the Wasser|river das|the gen|to Ahava|[Ahava] kommt|comes und|and wir|we bleiben|pitch drei|three Tage|time daselbst|in it Und|and da|then ich|I achthatte|[achthatte] aufs|to-the Volk|nation und|and die|the Priester|priest fand|found ich|find keine|not Leviten|Levi daselbst|in it
8:16	Da|then sandte|sent ich|I hin|send Elieser|Eliezer Ariel|[Ariel] Semaja|Shemaiah Elnathan|[Elnathan] Jarib|Jarib Elnathan|[Elnathan] Nathan|Nathan Sacharja|Zachariah und|and Mesullam|Meshullam die|the Obersten|head und|and Jojarib|Joiarib und|and Elnathan|[Elnathan] die|the Lehrer|[Lehrer]
8:17	und|command sandte|bring sie|they aus|bring zu|above Iddo|[Iddo] dem|the Obersten|head gen|place Kasphia|Casiphia daß|that sie|they uns|us holten|[holten] Diener|serve für|for das|the Haus|household unsers|our Gottes|of-God Und|and ich|I gab|put ihnen|mouth ein|word was|what sie|they reden|speak sollten|speak mit|with Iddo|[Iddo] und|and seinen|his Brüdern|brothers den|the Tempelknechten|Nethinims zu|place Kasphia|Casiphia
8:18	Und|and sie|they brachten|brought uns|us nach|after der|the guten|good Hand|by unsres|[unsres] Gottes|of-God über|above uns|us einen|a klugen|understanding Mann|man aus|stringed instrument den|the Kindern|old Maheli|Mahli des|of-the Sohnes|old Levis|Levi des|of-the Sohnes|old Israels|Israelites und|and Serebja|Sherebiah mit|with seinen|his Söhnen|old und|and Brüdern|brothers achtzehn|eight
8:19	und|and Hasabja|Hashabiah und|and mit|with ihm|him Jesaja|Isaiah von|stringed instrument den|the Kindern|old Merari|Merari mit|with seinen|his Brüdern|brothers und|and ihren|their Söhnen|old zwanzig|twenty
8:20	und|and von|stringed instrument den|the Tempelknechten|Nethinims die|the David|David und|and die|the Fürsten|prince gaben|put zu|to dienen|service den|the Leviten|Levite zweihundertundzwanzig|hundred alle|all (manner mit|with Namen|name genannt|curse
8:21	Und|and ich|I ließ|call daselbst|in it am|above Wasser|river bei|with Ahava|[Ahava] ein|a Fasten|fast ausrufen|call daß|that wir|we uns|us demütigten|afflict vor|face unserm|our Gott|God zu|stringed instrument suchen|[suchen] von|from ihm|seek einen|a richtigen|right Weg|way für|for uns|us und|and unsre|our Kinder|children und|and alle|all (manner unsre|our Habe|goods
8:22	Denn|and ich|I schämte|[schämte] mich|me vom|stringed instrument König|royal Geleit|army und|and Reiter|horsemen zu|to fordern|ask uns|help wider|against die|the Feinde|enemies zu|to helfen|help auf|on dem|the Wege|way Denn|and wir|royal hatten|had dem|the König|royal gesagt|said Die|the Hand|by unsres|[unsres] Gottes|of-God ist|is zum|as-a Besten|good über|above alle|all (manner die|the ihn|him suchen|seek und|and seine|his Stärke|strength und|and Zorn|anger über|above alle|all (manner die|the ihn|him verlassen|forsake
8:23	Also|so fasteten|[fasteten] wir|fast und|and suchten|seek solches|above von|stringed instrument unserm|our Gott|God und|and er|he hörte|heard uns|intreat
8:24	Und|and ich|I sonderte|removed zwölf|two aus|from von|stringed instrument den|the obersten|prince Priestern|priest dazu|also Serebja|Sherebiah und|and Hasabja|Hashabiah und|ten mit|hide ihnen|them ihrer|their Brüder|brothers zehn|ten
8:25	und|and wog|weighed ihnen|them dar|weigh das|the Silber|silver und|and Gold|gold und|and die|the Gefäße|vessel zur|to-the Hebe|offering für|for das|the Haus|household unsres|[unsres] Gottes|of-God welche|which der|the König|royal und|and seine|his Ratsherren|counsel und|and Fürsten|prince und|and ganz|all (manner Israel|Israelites das|the vorhanden|around war|find zur|to-the Hebe|lift gegeben|given hatten|exalt
8:26	Und|and wog|weigh ihnen|them dar|out unter|above ihre|their Hand|by sechshundertundfünfzig|six Zentner|talent Silber|silver und|hundred an|to silbernen|silver Gefäßen|vessel hundert|hundred zentner|talent und|and an|to Gold|gold hundert|hundred Zentner|talent
8:27	zwanzig|twenty goldene|gold Becher|bason tausend|thousand Goldgulden|[Goldgulden] wert|worth und|and zwei|two eherne|brass köstliche|fine Gefäße|vessel lauter|pleasant wie|as Gold|gold
8:28	Und|and sprach|said zu|to ihnen|them Ihr|you seid|are heilig|holy dem|the HERRN|GOD so|vessel sind|holy die|the Gefäße|vessel auch|also heilig|holy dazu|silver das|the frei|[frei] gegebene|offerings Silber|silver und|and Gold|gold dem|the HERRN|GOD eurer|your Väter|fathers Gott|God
8:29	So|then wacht|watch und|and bewahrt|keep es|it bis|until daß|ever ihr|you s|[s] darwägt|weigh vor|face den|the Obersten|prince Priestern|priest und|and Leviten|Levite und|and den|the Obersten|prince der|the Vaterhäuser|[Vaterhäuser] in|in Israel|Israelites zu|to Jerusalem|Jerusalem in|in die|the Kammer|chamber des|of-the Hauses|household des|of-the HERRN|GOD
8:30	Da|then nahmen|receive die|the Priester|priest und|and Leviten|Levite das|the gewogene|weight Silber|silver und|and Gold|gold und|and die|the Gefäße|vessel daß|that sie|they es|it brächten|[brächten] gen|to Jerusalem|Jerusalem zum|as-a Hause|household unsres|[unsres] Gottes|of-God
8:31	Also|so brachen|[brachen] wir|we auf|journey von|stringed instrument dem|the Wasser|river Ahava|[Ahava] am|on-the zwölften|[zwölften] Tage|two des|of-the ersten|first Monats|month daß|that wir|go gen|to Jerusalem|Jerusalem zögen|go Und|and die|the Hand|by unsres|[unsres] Gottes|of-God war|be thou über|above uns|us und|and errettete|deliver uns|us von|stringed instrument der|the Hand|hand der|the Feinde|enemies und|and derer|[derer] die|the uns|us nachstellten|[nachstellten] auf|above dem|the Wege|way
8:32	Und|and wir|we kamen|came gen|to Jerusalem|Jerusalem und|and blieben|dwell daselbst|in it drei|three Tage|time
8:33	Aber|but am|on-the vierten|fourth Tage|time wurden|were dargewogen|weigh das|the Silber|silver und|and Gold|gold und|and die|the Gefäße|vessel ins|into-the Haus|household unsres|[unsres] Gottes|of-God unter|above die|the Hand|by des|of-the Priesters|priest Meremoth|Meremoth des|of-the Sohnes|old Urias|[Urias] und|and mit|hide ihm|him Eleasar|[Eleasar] dem|the Sohn|old Pinehas|Phinehas und|and mit|hide ihnen|them Josabad|Jozabad dem|the Sohn|old Jesuas|Jeshua und|and Noadja|Noadiah dem|the Sohn|old Binnuis|Binnui den|the Leviten|Levite
8:34	nach|after Zahl|number und|and Gewicht|weight eines|one jeglichen|all (manner und|and das|all (manner Gewicht|weight ward|was zu|to der|he Zeit|time alles|all aufgeschrieben|write
8:35	Und|and die|the Kinder|sons der|the Gefangenschaft|old die|the aus|stringed instrument der|the Gefangenschaft|captivity gekommen|come waren|were opferten|offer Brandopfer|ascent dem|the Gott|God Israels|Israelites zwölf|two Farren|bullock für|above das|the ganze|all (manner Israel|Israelites sechsundneunzig|six Widder|ram siebenundsiebzig|seven Lämmer|lamb zwölf|two Böcke|he zum|as-a Sündopfer|sin alles|all (manner zum|as-a Brandopfer|ascent dem|the HERRN|GOD
8:36	Und|and sie|they überantworteten|put des|of-the Königs|royal Befehle|law den|the Amtleuten|[Amtleuten] des|of-the Königs|royal und|and den|the Landpflegern|governor diesseit|side des|of-the Wassers|river Und|and diese|these halfen|bear dem|the Volk|nation und|and dem|the Hause|household Gottes|of-God
9:1	Da|then das|the alles|all war|was ausgerichtet|consume traten|come zu|to mir|come die|the Obersten|prince und|and sprachen|said Das|the Volk|nation Israel|Israelites und|and die|the Priester|priest und|and Leviten|Levite sind|are nicht|not abgesondert|[abgesondert] von|stringed instrument den|the Völkern|nation in|in den|the Ländern|lands nach|after ihren|their Greueln|abomination nämlich|namely die|the Kanaaniter|Canaanite Hethiter|Hittite Pheresiter|Perizzite Jebusiter|Jebusite Ammoniter|Ammonite Moabiter|Moabite Ägypter|Egyptian und|and Amoriter|Amorites
9:2	denn|and sie|they haben|stringed instrument derselben|same Töchter|daughter genommen|bear sich|himself und|and ihren|their Söhnen|old und|surety den|the heiligen|holy Samen|seed gemein|[gemein] gemacht|surety mit|with den|the Völkern|nation in|in den|the Ländern|lands Und|and die|the Hand|by der|the Obersten|prince und|and Ratsherren|ruler war|be thou die|the vornehmste|first in|in dieser|this Missetat|trespass
9:3	Da|then ich|I solches|this hörte|hear zerriß|tore ich|rent mein|my Kleid|garment und|and meinen|my Rock|robe und|and raufte|furbished mein|hair Haupthaar|head und|and Bart|beard aus|furbished und|and saß|dwell bestürzt|desolate
9:4	Und|and es|it versammelten|[versammelten] sich|himself zu|to mir|me alle|all (manner die|the des|of-the HERRN|LORD Wort|word des|of-the Gottes|of-God Israels|Israelites fürchteten|tremble um|above der|the Vergreifung|[Vergreifung] willen|trespass derer|[derer] die|the gefangen|taken-captive gewesen|been waren|captivity und|and ich|I saß|dwell bestürzt|desolate bis|until an|ever das|the Abendopfer|even
9:5	Und|and um|for das|the Abendopfer|even stand|rose ich|I auf|arise von|stringed instrument meinem|my Elend|heaviness und|and zerriß|rent mein|my Kleid|garment und|and meinen|my Rock|robe und|and fiel|bow auf|above meine|my Kniee|knee und|and breitete|spread meine|my Hände|hand aus|spread zu|to dem|the HERRN|GOD meinem|my Gott|God
9:6	und|and sprach|said Mein|my Gott|God ich|I schäme|[schäme] mich|me und|and scheue|[scheue] mich|ashamed meine|my Augen|face aufzuheben|exalt zu|to dir|exalt mein|my Gott|God denn|and unsre|our Missetat|iniquity ist|multiply über|upward unser|our Haupt|head gewachsen|multiply und|and unsre|our Schuld|blame ist|is groß|magnify bis|until in|ever den|the Himmel|heaven
9:7	Von|stringed instrument der|the Zeit|time unsrer|our Väter|fathers an|to sind|are wir|we in|in großer|great Schuld|blame gewesen|been bis|until auf|ever diesen|this Tag|time und|and um|for unsrer|our Missetat|transgression willen|iniquity sind|put wir|we und|and unsre|our Könige|royal und|and Priester|priest gegeben|put in|in die|the Hand|by der|the Könige|royal in|in den|the Ländern|lands ins|into-the Schwert|sword ins|into-the Gefängnis|captivity in|in Raub|prey und|and in|in Scham|shame des|of-the Angesichts|face wie|as es|this heutigestages|time geht|this
9:8	Nun|now aber|dig ist|is einen|a kleinen|little Augenblick|moment Gnade|supplication von|stringed instrument dem|the HERRN|GOD unserm|our Gott|God geschehen|be thou daß|that uns|us noch|still Entronnene|escape übriggelassen|[übriggelassen] sind|leave daß|that er|he uns|pin gebe|put einen|a Nagel|pin an|to seiner|his heiligen|holy Stätte|place daß|eye unser|our Gott|God unsre|our Augen|eye erleuchte|[erleuchte] und|little gebe|put uns|us ein|a wenig|little Leben|reviving da|then wir|we Knechte|servants sind|bondage
9:9	Denn|and wir|we sind|are Knechte|servant und|and unser|our Gott|God hat|has uns|us nicht|not verlassen|forsake ob|whether wir|we Knechte|servants sind|bondage und|and hat|has Barmherzigkeit|mercy zu|above uns|us geneigt|incline vor|face den|the Königen|royal in|in Persien|Persia daß|that sie|they uns|us das|the Leben|reviving gelassen|[gelassen] haben|put und|household erhöht|exalt das|the Haus|household unsers|our Gottes|of-God und|waste aufgerichtet|stood seine|his Verstörung|waste und|and uns|wall gegeben|put einen|a Zaun|wall in|in Juda|Judah und|and Jerusalem|Jerusalem
9:10	Nun|henceforth was|what sollen|shall wir|we sagen|say unser|our Gott|God nach|after diesem|hereby (-in daß|and wir|we deine|your Gebote|commandments verlassen|forsake haben|commandments
9:11	die|the du|command durch|by deine|your Knechte|servant die|the Propheten|prophet geboten|commanded hast|command und|and gesagt|said Das|the Land|land darein|to ihr|you kommt|comes es|it zu|to erben|possess ist|is ein|a unreines|separation Land|land durch|through die|the Unreinigkeit|separation der|the Völker|nation in|in den|the Ländern|lands in|in ihren|their Greueln|abomination womit|how sie|they es|fill an|stringed instrument allen|mouth Enden|mouth voll|filled-with Unreinigkeit|uncleanness gemacht|made haben|fill
9:12	So|then sollt|shall ihr|you nun|henceforth eure|your Töchter|daughter nicht|not geben|put ihren|their Söhnen|old und|and ihre|their Töchter|daughter sollt|shall ihr|bear euren|your Söhnen|old nicht|not nehmen|bear und|peace sucht|seek nicht|not ihren|their Frieden|peace noch|still ihr|you Gutes|good ewiglich|ever auf|on daß|answer ihr|you mächtig|powerful werdet|strong und|and esset|[esset] das|the Gute|goodness im|in-the Lande|land und|old vererbt|[vererbt] es|it auf|possess eure|your Kinder|old ewiglich|ever
9:13	Und|and nach|after dem|the allem|all (manner was|what über|above uns|us gekommen|come ist|is um|for unsrer|our bösen|evil Werke|work großer|great Schuld|blame willen|work hast|spare du|you unser|our Gott|God unsre|our Missetat|iniquity verschont|stringed instrument und|and hast|have uns|us eine|a Errettung|escape gegeben|put wie|as es|it da|hereby (-in steht|is
9:14	Sollten|should wir|we wiederum|return deine|your Gebote|commandments lassen|let fahren|return daß|that wir|we uns|law mit|with den|the Völkern|nation dieser|this Greuel|abomination befreundeten|law Wirst|will du|you nicht|not über|over uns|us zürnen|[zürnen] bis|until daß|ever es|it ganz|all aus|consume sei|be daß|that nichts|nothing Übriges|remnant noch|still keine|no Errettung|escape sei|be
9:15	HERR|GOD Gott|God Israels|Israelites du|you bist|are gerecht|righteous denn|and wir|we sind|are übriggeblieben|leave als|when Errettete|escape wie|as es|it heute|today steht|hereby (-in Siehe|behold wir|we sind|are vor|before dir|face in|in unsrer|our Schuld|blame denn|and um|above deswillen|hereby (-in ist|is nicht|not zu|to bestehen|stood vor|before dir|face
10:1	Und|and da|then Esra|Ezra also|so betete|pray und|and bekannte|praise weinte|weep und|and vor|face dem|the Hause|household Gottes|of-God lag|fall sammelten|gathered sich|gather zu|to ihm|him aus|stringed instrument Israel|Israelites eine|a sehr|very große|many Gemeinde|congregation von|from Männern|men und|and Weibern|wives und|and Kindern|child denn|and das|the Volk|nation weinte|weep sehr|multiply
10:2	Und|answer Sechanja|Shechaniah der|the Sohn|old Jehiels|Jehiel aus|stringed instrument den|the Kindern|old Elam|Elam antwortete|answer und|and sprach|said zu|to Esra|Ezra Wohlan|now wir|we haben|have uns|trespass an|to unserm|our Gott|God vergriffen|trespass daß|that wir|we fremde|stranger Weiber|wives aus|stringed instrument den|the Völkern|nation des|of-the Landes|land genommen|taken haben|dwell Nun|henceforth es|it ist|is noch|still Hoffnung|hope für|for Israel|Israelites über|hereby (-in dem|above
10:3	So|then laßt|let uns|henceforth einen|a Bund|covenant machen|make mit|with unserm|our Gott|God daß|that wir|we alle|all (manner Weiber|wives und|and die|the von|stringed instrument ihnen|them geboren|born sind|beget hinaustun|bring nach|after dem|the Rat|counsel des|of-the Herrn|LORD und|and derer|[derer] die|tremble die|the Gebote|commandments unsers|our Gottes|of-God fürchten|tremble daß|that man|one tue|make nach|after dem|the Gesetz|law
10:4	So|then mache|make dich|you auf|arise denn|and dir|word gebührt|[gebührt] s|above wir|we wollen|will mit|hide dir|you sein|his Sei|be getrost|strong und|and tue|make es|it
10:5	Da|then stand|arise Esra|Ezra auf|arise und|prince nahm|took einen|a Eid|sware von|from den|the Obersten|prince der|the Priester|priest und|and Leviten|Levite und|and des|of-the ganzen|all (manner Israels|Israelites daß|that sie|make nach|after diesem|this Wort|word tun|do sollten|make Und|and sie|they schwuren|sware
10:6	Und|and Esra|Ezra stand|rose auf|arise vor|face dem|the Hause|household Gottes|of-God und|and ging|go in|in die|the Kammer|chamber Johanans|Jehohanan des|of-the Sohnes|old Eljasibs|[Eljasibs] Und|and da|then er|he dahin|in it kam|go aß|ate er|he kein|not Brot|bread und|and trank|drink kein|not Wasser|water denn|and er|he trug|bore Leid|mourning um|above die|the Vergreifung|trespass derer|[derer] die|the gefangen|taken-captive gewesen|been waren|captivity
10:7	Und|and sie|they ließen|voice ausrufen|pass durch|through Juda|Judah und|and Jerusalem|Jerusalem zu|to allen|all (manner die|old gefangen|taken-captive gewesen|been waren|captivity daß|that sie|they sich|himself gen|to Jerusalem|Jerusalem versammelten|gather
10:8	Und|all (manner welcher|which nicht|not käme|might-go in|in drei|three Tagen|time nach|after dem|the Rat|counsel der|the Obersten|prince und|and Ältesten|elders des|of-the Habe|goods sollte|destroy alle|all (manner verbannt|[verbannt] sein|destroy und|and er|he abgesondert|[abgesondert] von|stringed instrument der|the Gemeinde|congregation der|the Gefangenen|captivity
10:9	Da|then versammelten|[versammelten] sich|gather alle|all (manner Männer|men Juda|Judah s|Judah und|and Benjamins|Benjamin gen|to Jerusalem|Jerusalem in|in drei|three Tagen|time das|he ist|ninth am|on-the zwanzigsten|twenty Tage|month des|of-the neunten|ninth Monats|month Und|and alles|all (manner Volk|nation saß|dwell auf|on der|the Straße|street vor|before dem|the Hause|household Gottes|of-God und|and zitterte|tremble um|above der|the Sache|word willen|stringed instrument und|and vom|from-the Regen|rain
10:10	Und|arise Esra|Ezra der|the Priester|priest stand|rose auf|arise und|and sprach|said zu|to ihnen|them Ihr|you habt|have euch|you vergriffen|trespass daß|that ihr|you fremde|stranger Weiber|wives genommen|taken habt|dwell daß|that ihr|Israelites der|the Schuld|blame Israels|Israelites noch|still mehr|more machtet|more
10:11	So|henceforth bekennt|thanksgiving nun|henceforth dem|the HERRN|GOD eurer|your Väter|fathers Gott|God und|and tut|make sein|his Wohlgefallen|favour und|and scheidet|[scheidet] euch|you von|stringed instrument den|the Völkern|nation des|of-the Landes|land und|and von|stringed instrument den|the fremden|stranger Weibern|wives
10:12	Da|all (manner antwortete|answer die|the ganze|all (manner Gemeinde|congregation und|and sprach|said mit|with lauter|great Stimme|voice Es|it geschehe|word wie|prepare du|you uns|above gesagt|said hast|make
10:13	Aber|but des|of-the Volks|nation ist|is viel|many und|time Regenzeit|rain und|and man|without kann|strength nicht|not draußen|without stehen|stood so|then ist|is s|[s] auch|also nicht|not eines|one oder|not zweier|two Tage|time Werk|work denn|and wir|we haben|transgress viel|multiply gemacht|transgress solcher|this Übertretungen|transgress
10:14	Laßt|let uns|I beseech  thee unsre|our Obersten|prince bestellen|stood für|for die|the ganze|all (manner Gemeinde|congregation daß|that alle|all (manner die|the in|in unsern|our Städten|town fremde|stranger Weiber|wives genommen|taken haben|dwell zu|to bestimmten|appointed Zeiten|time kommen|come und|and die|the Ältesten|elders einer|one jeglichen|one Stadt|town und|and ihre|their Richter|judge mit|with ihnen|plead bis|until daß|ever von|stringed instrument uns|us gewendet|[gewendet] werde|return der|the Zorn|anger unseres|[unseres] Gottes|of-God um|ever dieser|this Sache|word willen|sake
10:15	Nur|only Jonathan|Jonathan der|the Sohn|old Asahels|Asahel und|and Jahseja|Jahaziah der|the Sohn|old Tikwas|Tikvah setzten|mounted sich|stood dawider|above und|and Mesullam|Meshullam und|and Sabthai|Shabbethai der|the Levit|Levite halfen|help ihnen|them
10:16	Und|and die|the Kinder|old der|the Gefangenschaft|captivity taten|make also|prepare Und|Ezra der|the Priester|priest Esra|Ezra und|and Männer|men welche|which die|the Häupter|head ihrer|household Vaterhäuser|[Vaterhäuser] waren|were alle|all (manner mit|with Namen|name genannt|called wurden|were ausgesondert|[ausgesondert] und|and setzten|mounted sich|dwell am|on-the ersten|firstborn Tage|time des|of-the zehnten|tenth Monats|month zu|to erforschen|seek diese|these Sache|word
10:17	und|and sie|they richteten|[richteten] es|it aus|consume an|to allen|all (manner Männern|men die|the fremde|stranger Weiber|wives hatten|dwell bis|until zum|ever ersten|firstborn Tage|time des|of-the ersten|first Monats|month
10:18	Und|and es|it wurden|were gefunden|find unter|stringed instrument den|the Kindern|old der|the Priestern|priest die|the fremde|stranger Weiber|wives genommen|taken hatten|dwell nämlich|stringed instrument unter|under den|the Kindern|old Jesuas|Jeshua des|of-the Sohnes|old Jozadaks|Jozadak und|and seinen|his Brüdern|brothers Maaseja|Maaseiah Elieser|Eliezer Jarib|Jarib und|and Gedalja|Gedaliah
10:19	und|and sie|they gaben|put ihre|their Hand|by darauf|put daß|that sie|they die|the Weiber|wives wollten|wanted ausstoßen|bring und|and zu|to ihrem|her Schuldopfer|[Schuldopfer] einen|a Widder|flock für|above ihre|their Schuld|blame geben|give
10:20	unter|stringed instrument den|the Kindern|old Immer|continually Hanani|Hanani und|and Sebadja|Zebadiah
10:21	unter|stringed instrument den|the Kindern|old Harim|Harim Maaseja|Maaseiah Elia|[Elia] Semaja|Shemaiah Jehiel|Jehiel und|and Usia|Uzziah
10:22	unter|stringed instrument den|the Kindern|old Pashur|Pashur Eljoenai|[Eljoenai] Maaseja|Maaseiah Ismael|Ishmael Nathanael|Nethaneel Josabad|Jozabad und|and Eleasa|[Eleasa]
10:23	unter|stringed instrument den|the Leviten|Levite Josabad|Jozabad Simei|Shimei und|and Kelaja|Kelaiah er|he ist|is der|the Kelita|Kelita Pethahja|Pethahiah Juda|Judah und|and Elieser|Eliezer
10:24	unter|stringed instrument den|the sängern|sing Eljasib|[Eljasib] unter|stringed instrument den|the Torhütern|porter Sallum|Shallum Telem|Telem und|and Uri|[Uri]
10:25	Von|stringed instrument Israel|Israelites unter|stringed instrument den|the Kindern|old Pareos|Parosh Ramja|Ramiah Jesia|Jeziah Malchia|Malchiah Mijamin|Mijamin Eleasar|[Eleasar] Malchia|Malchiah und|and Benaja|Benaiah
10:26	unter|stringed instrument den|the Kindern|old Elam|Elam Matthanja|Mattaniah Sacharja|Zachariah Jehiel|Jehiel Abdi|Abdi Jeremoth|Jerimoth und|and Elia|[Elia]
10:27	unter|stringed instrument den|the Kindern|old Satthu|Zattu Eljoenai|[Eljoenai] Eljasib|[Eljasib] Matthanja|Mattaniah Jeremoth|Jerimoth Sabad|Zabad und|and Asisa|[Asisa]
10:28	unter|stringed instrument den|the Kindern|old Bebai|[Bebai] Johanan|Jehohanan Hananja|Hananiah Sabbai|Zaccai und|and Athlai|[Athlai]
10:29	unter|stringed instrument den|the Kindern|old Bani|Bani Mesullam|Meshullam Malluch|Malluch Adaja|Adaiah Jasub|Jashub Seal|Sheal und|and Jeremoth|Ramoth
10:30	unter|stringed instrument den|the Kindern|old Pahath-|[Pahath-] Moab|Pahathmoab Adna|Adna Chelal|Chelal Benaja|Benaiah Maaseja|Maaseiah Matthanja|Mattaniah Bezaleel|Bezaleel Binnui|Binnui und|and Manasse|Manasseh
10:31	unter|stringed instrument den|the Kindern|old Harim|Harim Elieser|Eliezer Jissia|Isshiah Malchia|Malchiah Semaja|Shemaiah Simeon|Simeon
10:32	Benjamin|Benjamin Malluch|Malluch und|and Semarja|[Semarja]
10:33	unter|stringed instrument den|the Kindern|old Hasum|Hashum Matthnai|Mattenai Matthattha|Mattathah Sabad|Zabad Eliphelet|[Eliphelet] Jeremai|Jeremai Manasse|Manasseh und|and Simei|Shimei
10:34	unter|stringed instrument den|the Kindern|old Bani|Bani Maedai|Maadai Amram|Amram Uel|[Uel]
10:35	Benaja|Benaiah Bedja|[Bedja] Cheluhi|[Cheluhi]
10:36	Vanja|Vaniah Meremoth|Meremoth Eljasib|[Eljasib]
10:37	Matthanja|Mattaniah Matthnai|Mattenai Jaesai|[Jaesai]
10:38	Bani|Bani Binnui|Binnui Simei|Shimei
10:39	Selemja|Shelemiah Nathan|Nathan Adaja|Adaiah
10:40	Machnadbai|Machnadebai Sasai|Shashai Sarai|Sarai
10:41	Asareel|Azareel Selemja|Shelemiah Semarja|[Semarja]
10:42	Sallum|Shallum Amarja|[Amarja] und|Joseph Joseph|Joseph
10:43	unter|stringed instrument den|the Kindern|old Nebo|Nebo Jeiel|Jeiel Matthithja|Mattithiah Sabad|Zabad Sebina|Zebina Jaddai|Iddo Joel|Joel und|and Benaja|Benaiah
10:44	Diese|these alle|all (manner hatten|had fremde|stranger Weiber|wives genommen|bear und|stringed instrument waren|is etliche|stringed instrument unter|under denselben|these Weibern|wives die|the Kinder|old getragen|[getragen] hatten|put
