1:1	Dies|this ist|is das|the Wort|word des|of-the HERRN|GOD das|the geschehen|happened ist|be thou zu|to Hosea|Hoshea dem|the Sohn|old Beeris|Beeri zu|to der|the Zeit|time des|of-the Usia|Uzziah Jotham|Jotham Ahas|[Ahas] und|and Hiskia|Hezekiah der|the Könige|royal Juda|Judah s|Judah und|and zur|to-the Zeit|time Jerobeams|Jeroboam des|of-the Sohnes|old Joas|Joash des|of-the Königs|royal in|in Israel|Israelites
1:2	Da|then der|the HERR|GOD anfing|beginning zu|to reden|speak durch|through Hosea|Hoshea sprach|said er|GOD zu|to ihm|Hoshea Gehe|go hin|go und|and nimm|take ein|a Hurenweib|whoredoms und|and Hurenkinder|whoredoms denn|and das|the Land|land läuft|whore vom|stringed instrument HERRN|GOD der|the Hurerei|whore nach|after
1:3	Und|and er|he ging|went hin|go und|and nahm|take Gomer|Gomer die|the Tochter|daughter Diblaims|Diblaim die|the ward|was schwanger|conceive und|and gebar|beget ihm|him einen|a Sohn|old
1:4	Und|and der|the HERR|GOD sprach|said zu|to ihm|him Heiße|call ihn|him Jesreel|Jezreel denn|and es|it ist|is noch|testify um|for eine|a kleine|little Zeit|time so|then will|will ich|I die|the Blutschulden|blood in|in Jesreel|Jezreel heimsuchen|number über|above das|the Haus|household Jehu|Jehu und|and will|will mit|with dem|the Königreich|kingdom des|of-the Hauses|household Israel|Israelites ein|a Ende|end machen|cease
1:5	Zur|to-the selben|he Zeit|time will|will ich|I den|the Bogen|bow Israels|Israelites zerbrechen|break im|in-the Tal|valley Jesreel|Jezreel
1:6	Und|and sie|they ward|conceive abermals|testify schwanger|conceive und|and gebar|beget eine|a Tochter|daughter Und|and er|he sprach|said zu|to ihm|him Heiße|call sie|they Lo-|[Lo-] Ruhama|Loruhamah denn|and ich|I will|will mich|more nicht|not mehr|testify über|over das|the Haus|household Israel|Israelites erbarmen|pity daß|and ich|I ihnen|them vergäbe|bear
1:7	Doch|please will|will ich|I mich|me erbarmen|pity über|over das|the Haus|household Juda|Judah und|and will|will ihnen|them helfen|save durch|through den|the HERRN|GOD ihren|their Gott|God ich|I will|will ihnen|them aber|but nicht|not helfen|save durch|through Bogen|bow Schwert|sword Streit|war Rosse|horse oder|or Reiter|horsemen
1:8	Und|and da|then sie|they hatte|wean Lo-|[Lo-] Ruhama|Loruhamah entwöhnt|wean ward|was sie|they wieder|back schwanger|conceive und|and gebar|beget einen|a Sohn|old
1:9	Und|and er|he sprach|said Heiße|call ihn|him Lo-|[Lo-] Ammi|Loammi denn|and ihr|you seid|are nicht|not mein|my Volk|nation so|then will|will ich|I auch|also nicht|not der|the Eure|your sein|be thou
1:10	[2|[[2] 1]|[1]] Es|it wird|will aber|but die|the Zahl|number der|the Kinder|old in|in Israel|Israelites sein|be thou wie|as der|the Sand|sand am|on-the Meer|sea den|the man|one weder|not messen|measure noch|not zählen|count kann|scribe Und|and es|it soll|shall geschehen|be thou an|to dem|the Ort|place da|then man|one zu|to ihnen|them gesagt|said hat|has “|[“] Ihr|you seid|are nicht|not mein|my Volk|nation ”|[”] wird|will man|one zu|to ihnen|them sagen|say “O|[“O] ihr|you Kinder|old des|of-the lebendigen|live Gottes|of-God ”|[”]
1:11	[2|[[2] 2]|[2]] Denn|for es|it werden|together die|the Kinder|old Juda|Judah und|and die|the Kinder|old Israel|Israelites zuhauf|together kommen|together und|and werden|be sich|himself miteinander|together an|to ein|a Haupt|head halten|put und|and aus|stringed instrument dem|the Lande|land heraufziehen|offer denn|and der|the Tag|time Jesreels|Jezreel wird|will ein|a großer|great Tag|day sein|his
2:1	Sagt|say euren|your Brüdern|brothers sie|they seien|be mein|my Volk|nation und|and zu|to eurer|your Schwester|sister sie|they sei|be in|in Gnaden|pity
2:2	Sprecht|say das|the Urteil|plead über|over eure|your Mutter-|[Mutter-] sie|they sei|he nicht|not mein|my Weib|wife und|and ich|I will|will sie|they nicht|not haben|have -|[-] heißt|is-called sie|they ihre|their Hurerei|whoredoms von|from ihrem|her Angesichte|face wegtun|depart und|and ihre|their Ehebrecherei|adulteries von|stringed instrument ihren|their Brüsten|breast
2:3	auf|on daß|that ich|I sie|they nicht|turn nackt|naked ausziehe|strip und|and darstelle|set wie|as sie|they war|time da|then sie|they geboren|born ward|beget und|and ich|I sie|they nicht|not mache|put wie|as ein|a dürres|dry Land|land daß|that ich|I sie|they nicht|not Durstes|thirst sterben|die lasse|die
2:4	und|and mich|me ihrer|their Kinder|old nicht|not erbarme|pity denn|and sie|walk sind|are Hurenkinder|whoredoms
2:5	denn|and ihre|their Mutter|mother ist|is eine|a Hure|whore und|and die|the sie|they getragen|[getragen] hat|conceive hält|[hält] sich|himself schändlich|withered und|and spricht|it-is-said Ich|I will|will meinen|my Buhlen|[Buhlen] nachlaufen|go die|the mir|me geben|put Brot|bread Wasser|water Wolle|woollen Flachs|linen Öl|oil und|and Trinken|marrow
2:6	Darum|prepare siehe|behold ich|I will|will deinen|your Weg|way mit|with Dornen|pot vermachen|hedge und|and eine|a Wand|wall davorziehen|make daß|that sie|they ihren|their Steig|path nicht|not finden|find soll|find
2:7	und|and wenn|when sie|they ihren|their Buhlen|[Buhlen] nachläuft|pursue daß|that sie|they dich|you nicht|not ergreifen|overtake und|and wenn|when sie|they dich|you sucht|seek sie|they nicht|not finden|find könne|find und|and sagen|say müsse|[müsse] Ich|I will|will wiederum|return zu|to meinem|my vorigen|first Mann|man gehen|go da|then mir|me besser|good war|was denn|and mir|me jetzt|henceforth ist|is
2:8	Denn|for sie|he will|know nicht|not wissen|know daß|and ich|I es|it sei|be der|the ihr|you gibt|gives Korn|corn Most|wine und|and Öl|oil und|and ihr|you viel|many Silber|silver und|and Gold|gold gegeben|given hat|put das|the sie|they haben|have Baal|Baal zu|to Ehren|[Ehren] gebraucht|make
2:9	Darum|prepare will|will ich|I mein|my Korn|corn und|and meinen|my Most|wine wieder|back nehmen|take zu|to seiner|his Zeit|time und|and ihr|you meine|my Wolle|woollen und|and meinen|my Flachs|linen entziehen|deliver damit|thus sie|they ihre|their Blöße|nakedness bedeckt|cover
2:10	Nun|henceforth will|will ich|I ihre|their Schande|lewdness aufdecken|uncover vor|before den|the Augen|eye ihrer|their Buhlen|[Buhlen] und|and niemand|no-one soll|shall sie|they von|stringed instrument meiner|my Hand|by erretten|deliver
2:11	Und|and ich|I will|will ein|a Ende|end machen|cease mit|with allen|all (manner ihren|their Freuden|joy Festen|feast Neumonden|month Sabbaten|sabbath und|and allen|all (manner ihren|their Feiertagen|congregation
2:12	Ich|I will|will ihre|their Weinstöcke|vine und|and Feigenbäume|fig wüst|formless machen|desolate weil|because sie|they sagt|say “|[“] Das|walk ist|is mein|my Lohn|wages den|the mir|me meine|my Buhlen|[Buhlen] gegeben|put ”|[”] Ich|I will|will einen|a Wald|forest daraus|from-which machen|put daß|that es|it die|the wilden|field Tiere|live fressen|will-devour sollen|shall
2:13	Also|so will|will ich|I heimsuchen|number über|above sie|they die|the Tage|time der|the Baalim|Baal denen|them sie|they Räuchopfer|[Räuchopfer] tut|incense und|and schmückt|adorn sich|himself mit|with Stirnspangen|earring und|and Halsbändern|jewel und|and läuft|go ihren|their Buhlen|[Buhlen] nach|go und|and vergißt|forget mein|my spricht|saith der|the HERR|GOD
2:14	Darum|prepare siehe|behold ich|I will|will sie|they locken|entice und|and will|will sie|they in|in die|the Wüste|wilderness führen|go und|and freundlich|heart mit|above ihr|you reden|speak
2:15	Da|then will|will ich|I ihr|you geben|put ihre|their Weinberge|vineyard aus|stringed instrument demselben|to-him Ort|in it und|and das|the Tal|valley Achor|Achor zum|as-a Tor|door der|the Hoffnung|hope Und|and daselbst|in it wird|will sie|they singen|answer wie|as zur|to-the Zeit|time ihrer|their Jugend|youth da|time sie|they aus|stringed instrument Ägyptenland|Egypt-land zog|offer
2:16	Alsdann|he spricht|saith der|the HERR|GOD wirst|will du|you mich|me heißen|call “mein|[“mein] Mann|man ”|[”] und|and mich|me nicht|not mehr|testify “mein|[“mein] Baal|[Baal] ”|[”] heißen|call
2:17	Denn|for ich|I will|will die|the Namen|name der|the Baalim|Baal von|stringed instrument ihrem|her Munde|mouth wegtun|depart daß|that man|one ihrer|their Namen|name nicht|not mehr|testify gedenken|remember soll|remember
2:18	Und|and ich|I will|will zur|to-the selben|he Zeit|time ihnen|them einen|a Bund|covenant machen|make mit|hide den|the Tieren|live auf|on dem|the Felde|field mit|hide den|the Vögeln|fowl unter|under dem|the Himmel|heaven und|and mit|with dem|the Gewürm|that creepeth auf|on Erden|earth und|and will|will Bogen|bow Schwert|sword und|and Krieg|war vom|stringed instrument Lande|land zerbrechen|break und|and will|will sie|they sicher|[sicher] wohnen|dwell lassen|lie
2:19	Ich|I will|will mich|me mit|with dir|you verloben|[verloben] in|in Ewigkeit|ever ich|I will|will mich|me mit|with dir|you vertrauen|[vertrauen] in|in Gerechtigkeit|righteousness und|and Gericht|judgment in|in Gnade|mercy und|and Barmherzigkeit|mercy
2:20	Ja|yes im|in-the Glauben|believe will|will ich|I mich|me mit|with dir|you verloben|[verloben] und|and du|you wirst|will den|the HERRN|GOD erkennen|know
2:21	Zur|to-the selben|he Zeit|time spricht|saith der|the HERR|GOD will|will ich|I erhören|answer ich|I will|will den|the Himmel|heaven erhören|answer und|and der|the Himmel|walk soll|shall die|the Erde|earth erhören|answer
2:22	und|and die|the Erde|earth soll|shall Korn|corn Most|wine und|and Öl|oil erhören|answer und|and diese|walk sollen|shall Jesreel|Jezreel erhören|answer
2:23	Und|and ich|I will|will sie|they mir|me auf|on Erden|earth zum|as-a Samen|offspring behalten|sow und|and mich|me erbarmen|pity über|over die|the so|then in|in Ungnaden|[Ungnaden] war|pity und|and sagen|say zu|to dem|the das|the nicht|not mein|my Volk|people war|nation Du|you bist|are mein|my Volk|nation und|and es|he wird|will sagen|say Du|you bist|are mein|my Gott|God
3:1	Und|and der|the HERR|GOD sprach|said zu|to mir|me Gehe|go noch|testify einmal|once hin|go und|and buhle|[buhle] um|for ein|a buhlerisches|[buhlerisches] und|and ehebrecherisches|neighbour Weib|wife wie|as denn|for der|the HERR|GOD um|for die|the Kinder|old Israel|Israelites buhlt|[buhlt] und|and sie|walk sich|himself doch|please zu|to fremden|foreigners Göttern|[Göttern] kehren|turn und|and buhlen|[buhlen] um|for eine|a Kanne|[Kanne] Wein|grape
3:2	Und|and ich|I ward|buy mit|with ihr|you eins|[eins] um|for fünfzehn|ten Silberlinge|silver und|and anderthalb|[anderthalb] Scheffel|clay Gerste|barley
3:3	und|and sprach|said zu|to ihr|you Halt|[Halt] dich|dwell als|when die|the Meine|my eine|a lange|many Zeit|time und|and hure|whore nicht|not und|and gehöre|be thou keinem|not andern|another an|to denn|for ich|I will|will mich|me auch|also als|when den|the Deinen|your halten|keep
3:4	Denn|and die|the Kinder|old Israel|Israelites werden|dwell lange|many Zeit|time ohne|without König|royal ohne|without Fürsten|prince ohne|without Opfer|sacrifice ohne|without Altar|image ohne|without Leibrock|[Leibrock] und|and ohne|without Heiligtum|image bleiben|remain
3:5	Darnach|after werden|be sich|himself die|the Kinder|old Israel|Israelites bekehren|return und|and den|the HERRN|GOD ihren|their Gott|God und|and ihren|their König|royal David|David suchen|seek und|and werden|be mit|with Zittern|fear zu|to dem|the HERRN|GOD und|and seiner|his Gnade|goodness kommen|fear in|in der|the letzten|[letzten] Zeit|time
4:1	Höret|hear ihr|you Kinder|old Israel|Israelites des|of-the HERRN|GOD Wort|word denn|and der|the HERR|GOD hat|has Ursache|[Ursache] zu|to schelten|cause die|the im|in-the Lande|land wohnen|dwell denn|and es|it ist|is keine|no Treue|faithfulness keine|no Liebe|mercy keine|no Erkenntnis|knowledge Gottes|of-God im|in-the Lande|land
4:2	sondern|but Gotteslästern|[Gotteslästern] Lügen|lie Morden|slayer Stehlen|steal und|and Ehebrechen|adultery hat|has überhandgenommen|increase und|and eine|a Blutschuld|blood kommt|comes nach|touch der|the andern|blood
4:3	Darum|above wird|will das|the Land|land jämmerlich|[jämmerlich] stehen|standing und|and allen|all (manner Einwohnern|dwell wird|will s|[s] übel|evil gehen|go denn|for es|it werden|be auch|also die|the Tiere|live auf|on dem|the Felde|field und|and die|the Vögel|fowl unter|under dem|the Himmel|heaven und|and die|the Fische|fish im|in-the Meer|sea weggerafft|[weggerafft] werden|be
4:4	Doch|please man|one darf|plead nicht|not schelten|plead noch|still jemand|someone strafen|reprove denn|for dein|your Volk|nation ist|is wie|as die|the so|then den|the Priester|priest schelten|plead
4:5	Darum|therefore sollst|shall du|you bei|with Tage|time fallen|fall und|also der|the Prophet|prophet des|of-the Nachts|night neben|hide dir|you fallen|fall also|so will|will ich|I deine|your Mutter|mother zu|to Grunde|valley richten|cease
4:6	Mein|my Volk|nation ist|is dahin|cease darum|therefore daß|that es|it nicht|stringed instrument lernen|[lernen] will|knowledge Denn|and du|you verwirfst|despise Gottes|of-God Wort|knowledge darum|therefore will|will ich|I dich|you auch|also verwerfen|despise daß|that du|you nicht|not mein|my Priester|priests' sein|his sollst|decketh Du|you vergißt|forget das|the Gesetz|law deines|your Gottes|of-God darum|therefore will|will ich|I auch|also deine|your Kinder|old vergessen|forget
4:7	Je|two mehr|more ihrer|their wird|multitude je|prepare mehr|more sie|they wider|against mich|me sündigen|sin darum|therefore will|will ich|I ihre|their Ehre|glory zu|to Schanden|shame machen|change
4:8	Sie|they fressen|will-devour die|the Sündopfer|sin meines|my Volks|nation und|and sind|are begierig|bear nach|after ihren|their Sünden|iniquity
4:9	Darum|therefore soll|shall es|it dem|the Volk|nation gleich|like wie|as dem|the Priester|priest gehen|be thou denn|for ich|I will|will ihr|you Tun|way heimsuchen|above und|and ihnen|them vergelten|return wie|as sie|they verdienen|doings
4:10	daß|that sie|they werden|be essen|eat und|and nicht|not satt|full werden|satisfy Hurerei|whore treiben|lead und|and sich|himself nicht|not ausbreiten|increase darum|therefore daß|and sie|they den|the HERRN|LORD verlassen|leave haben|forsake und|and ihn|GOD nicht|not achten|keep
4:11	Hurerei|whoredom Wein|wine und|and Most|wine machen|make toll|heart
4:12	Mein|my Volk|nation fragt|ask sein|his Holz|tree und|and sein|his Stab|rod soll|shall ihm|him predigen|tell denn|and der|the Hurerei-|[Hurerei-] Geist|whoredoms verführt|err sie|they daß|that sie|they wider|stringed instrument ihren|Toah Gott|God Hurerei|immorality treiben|whore
4:13	Oben|head auf|above den|the Bergen|mountain opfern|[opfern] sie|sacrifice und|and auf|above den|the Hügeln|hill räuchern|[räuchern] sie|incense unter|Toah den|the Eichen|[Eichen] Linden|poplar und|and Buchen|[Buchen] denn|and die|the haben|have feinen|good Schatten|shadow Darum|above werden|be eure|your Töchter|daughter auch|also zu|to Huren|whore und|and eure|your Bräute|bride zu|to Ehebrechrinnen|[Ehebrechrinnen] werden|adultery
4:14	Und|and ich|I will|will s|[s] auch|also nicht|not wehren|number wenn|when eure|above Töchter|daughter und|above Bräute|bride geschändet|had-been-defiled werden|adultery weil|and ihr|you einen|a andern|walk Gottesdienst|[Gottesdienst] anrichtet|separate mit|hide den|the Huren|whore und|and opfert|sacrifice mit|hide den|the Bübinnen|harlot Denn|for das|the törichte|not Volk|nation will|will geschlagen|fell sein|his
4:15	Willst|will du|you Israel|Israelites ja|yes huren|whore daß|that sich|himself doch|please nur|only Juda|Judah nicht|not auch|also verschulde|[verschulde] Geht|goes nicht|not hin|away gen|to Gilgal|Gilgal und|and kommt|offer nicht|not hinauf|up gen|to Beth-|[Beth-] Aven|Bethaven und|and schwört|sware nicht|not So|then wahr|true der|the HERR|GOD lebt|live
4:16	Denn|and Israel|Israelites läuft|rebellious wie|as eine|a tolle|rebellious Kuh|kine so|then wird|will sie|they auch|henceforth der|the HERR|GOD weiden|feed lassen|let wie|as ein|a Lamm|lamb in|in der|the Irre|breadth
4:17	Denn|for Ephraim|Ephraim hat|has sich|himself zu|to den|the Götzen|idol gesellt|couple so|then laß|let ihn|him hinfahren|leave
4:18	Sie|they haben|depart sich|himself in|in die|the Schwelgerei|wine und|and Hurerei|whore gegeben|depart ihre|their Herren|shield haben|have Lust|delighted dazu|also daß|that sie|they Schande|shame anrichten|give
4:19	Der|the Wind|wind mit|with seinen|his Flügeln|wing wird|will sie|they zusammen|together wegtreiben|enemy sie|they müssen|must über|over ihrem|her Opfer|sacrifice zu|to Schanden|[Schanden] werden|be
5:1	So|then hört|hear nun|now dies|hereby (-in ihr|you Priester|priest und|and merke|know auf|hearken du|you Haus|household Israel|Israelites und|and nimm|take zu|to Ohren|ears du|you Haus|household des|of-the Königs|royal denn|and es|it wird|will eine|a Strafe|judgment über|over euch|you gehen|go die|and ihr|you ein|a Strick|snare zu|to Mizpa|Mizpah und|and ein|a ausgespanntes|spread Netz|net zu|above Thabor|Tabor geworden|become seid|be thou
5:2	Mit|with ihrem|her Schlachten|kill vertiefen|deep sie|they sich|himself in|in ihrem|her Verlaufen|revolters darum|therefore muß|must ich|I sie|they allesamt|all (manner strafen|instruction
5:3	Ich|I kenne|know Ephraim|Ephraim wohl|well und|and Israel|Israelites ist|is vor|stringed instrument mir|me nicht|not verborgen|hide daß|and Ephraim|Ephraim nun|now eine|a Hure|whore und|and Israel|Israelites unrein|[unrein] ist|unclean
5:4	Sie|they denken|put nicht|not daran|doings daß|that sie|they sich|himself kehren|return zu|to ihrem|her Gott|God denn|and sie|they haben|have einen|a Hurengeist|whoredoms in|among ihrem|her Herzen|heart und|and den|the HERRN|GOD kennen|know sie|they nicht|not
5:5	Und|and die|the Hoffart|pride Israels|Israelites zeugt|answer wider|against sie|they ins|into-the Angesicht|face Darum|therefore sollen|shall beide|both Israel|Israelites und|and Ephraim|Ephraim fallen|fall um|for ihrer|their Missetat|iniquity willen|sake auch|also soll|shall Juda|Judah samt|hide ihnen|them fallen|fall
5:6	Alsdann|then werden|be sie|they kommen|go mit|with ihren|their Schafen|flock und|and Rindern|ox den|the HERRN|GOD zu|to suchen|seek aber|but ihn|him nicht|not finden|find denn|for er|he hat|has sich|himself von|stringed instrument ihnen|walk gewandt|deliver
5:7	Sie|they verachten|[verachten] den|the HERRN|GOD und|and zeugen|beget fremde|stranger Kinder|old darum|therefore wird|will sie|they auch|also der|the Neumond|month fressen|will-devour mit|with ihrem|her Erbteil|portion
5:8	Ja|yes blaset|blow Posaunen|trumpet zu|to Gibea|Gibeah ja|yes drommetet|trumpet zu|to Rama|Ramah ja|yes ruft|shout zu|to Beth-|[Beth-] Aven|Bethaven “|[“] Hinter|behind dir|you Benjamin|Benjamin ”|[”]
5:9	Denn|for Ephraim|Ephraim soll|shall zur|to-the Wüste|astonishment werden|be thou zu|to der|the Zeit|time wann|when ich|I sie|they strafen|be-judged werde|reproof Davor|beware habe|have ich|I die|the Stämme|tribe Israels|Israelites treulich|[treulich] gewarnt|know
5:10	Die|the Fürsten|prince Juda|Judah s|Judah sind|be thou gleich|like denen|them so|then die|the Grenze|border verrücken|remove darum|therefore will|will ich|I meinen|my Zorn|wrath über|above sie|they ausschütten|shed wie|as Wasser|water
5:11	Ephraim|Ephraim leidet|[leidet] Gewalt|oppress und|and wird|will geplagt|oppressed daran|by-this geschieht|content ihm|him recht|judgment denn|and er|he hat|has sich|himself gegeben|go auf|on Menschengebot|precept
5:12	Ich|I bin|am dem|the Ephraim|Ephraim wie|as eine|a Motte|moth und|and dem|the Hause|household Juda|Judah wie|as eine|a Made|rottenness
5:13	Und|and da|then Ephraim|Ephraim seine|his Krankheit|sickness und|and Juda|Judah seine|his Wunde|wound fühlte|see zog|go Ephraim|Ephraim hin|away zu|to Assur|Assyria und|and schickte|send den|the König|royal Jareb|Jareb aber|but er|he kann|could euch|you nicht|not helfen|heal noch|not eure|your Wunde|wound heilen|cure
5:14	Denn|and ich|I bin|am dem|the Ephraim|Ephraim wie|as ein|a Löwe|lion und|and dem|the Hause|household Juda|Judah wie|as ein|a junger|young Löwe|lion Ich|I ich|I zerreiße|tear sie|they und|and gehe|go davon|go ich|I führe|bring sie|they weg|bear und|and niemand|no-one kann|can sie|they retten|deliver
5:15	Ich|I will|will wiederum|return an|to meinen|my Ort|place gehen|go bis|ever sie|they ihre|their Schuld|blame erkennen|know und|and mein|my Angesicht|face suchen|seek wenn|when s|[s] ihnen|them übel|enemy geht|goes so|then werden|be sie|they mich|me suchen|seek und|and sagen|say
6:1	Kommt|go wir|we wollen|will wieder|return zum|as-a HERRN|GOD denn|and er|he hat|has uns|us zerrissen|tear er|he wird|will uns|us auch|also heilen|heal er|he hat|has uns|us geschlagen|smite er|he wird|will uns|us auch|also verbinden|saddle
6:2	Er|he macht|power uns|us lebendig|live nach|stringed instrument zwei|two Tagen|time er|he wird|will uns|us am|on-the dritten|third Tag|time aufrichten|arise daß|that wir|we vor|before ihm|face leben|live werden|be
6:3	Dann|then werden|be wir|we acht|eight darauf|on-it haben|know und|and fleißig|[fleißig] sein|pursue daß|that wir|we den|the HERRN|GOD erkennen|know Denn|for er|he wird|will hervorbrechen|spring wie|as die|the schöne|beautiful Morgenröte|morning und|and wird|will zu|to uns|us kommen|come wie|as ein|a Regen|rain wie|as ein|a Spätregen|latter der|the das|the Land|land feuchtet|teach
6:4	Was|what soll|shall ich|I dir|you tun|make Ephraim|Ephraim was|what soll|shall ich|I dir|you tun|make Juda|Judah Denn|for eure|your Liebe|mercy ist|is wie|as eine|a Morgenwolke|morning und|and wie|as ein|a Tau|dew der|the frühmorgens|betimes vergeht|go
6:5	Darum|above schlage|dig ich|I sie|they durch|through die|the Propheten|prophet und|and töte|slay sie|they durch|through meines|my Mundes|mouth Rede|words daß|that mein|my Recht|judgment wie|as das|the Licht|light hervorkomme|bring
6:6	Denn|and ich|I habe|have Lust|delight an|to der|the Liebe|mercy und|and nicht|not am|on-the Opfer|sacrifice und|and an|to der|the Erkenntnis|knowledge Gottes|of-God und|and nicht|wheat am|on-the Brandopfer|ascent
6:7	Aber|but sie|walk übertreten|pass den|the Bund|covenant wie|as Adam|the-man darin|in it verachten|[verachten] sie|they mich|me
6:8	Denn|for Gilead|Gilead ist|is eine|a Stadt|city voll|work Abgötterei|[Abgötterei] und|crooked Blutschulden|blood
6:9	Und|and die|the Priester|wide samt|along-with ihrem|her Haufen|band sind|are wie|as die|the Räuber|[Räuber] so|then da|then lauern|wait auf|on die|the Leute|men und|and würgen|slayer auf|on dem|the Wege|way der|the gen|to Sichem|shoulder geht|goes denn|and sie|they tun|make was|what sie|they wollen|lewdness
6:10	Ich|I sehe|see im|in-the Hause|household Israel|Israelites davor|beware mir|me graut|horrible thing denn|for da|in it hurt|whoredom Ephraim|Ephraim und|and verunreinigt|unclean sich|himself Israel|Israelites
6:11	Aber|but auch|also Juda|Judah wird|will noch|still eine|a Ernte|harvest vor|before sich|himself haben|set wenn|when ich|I meines|my Volks|nation Gefängnis|captivity wenden|[wenden] werde|return
7:1	Wenn|when ich|I Israel|Israelites heilen|[heilen] will|heal so|then findet|is sich|uncover erst|[erst] die|the Sünde|iniquity Ephraims|Ephraim's und|and die|the Bosheit|evil Samarias|Samaria wie|and sie|they Lügen|lie treiben|work und|and Diebe|thief einsteigen|[einsteigen] und|and Räuber|band draußen|without plündern|strip
7:2	dennoch|[dennoch] wollen|will sie|they nicht|lest merken|know daß|that ich|I alle|all (manner ihre|their Bosheit|evil merke|remember Ich|I sehe|compass aber|but ihr|you Wesen|compass wohl|well das|doings sie|they allenthalben|face treiben|be thou
7:3	Sie|they vertrösten|rejoice den|the König|royal durch|through ihre|their Bosheit|evil und|and die|the Fürsten|prince durch|through ihre|their Lügen|lies
7:4	und|and sind|adultery allesamt|all (manner Ehebrecher|adultery gleichwie|according to ein|a Backofen|oven den|stringed instrument der|the Bäcker|baker heizt|burn wenn|stringed instrument er|he hat|has ausgeknetet|knead und|and läßt|cease den|the Teig|dough durchsäuern|leavened und|and aufgehen|awake
7:5	Heute|time ist|is unsers|our Königs|royal Fest|firmly sprechen|says sie|they da|then fangen|[fangen] die|the Fürsten|prince an|to vom|stringed instrument Wein|wine toll|beseech zu|to werden|be so|then zieht|draw er|he die|the Spötter|[Spötter] zu|to sich|by
7:6	Denn|and ihr|you Herz|heart ist|is in|in heißer|[heißer] Andacht|offer wie|as ein|a Backofen|oven wenn|when sie|they opfern|[opfern] und|and die|the Leute|men betrügen|mocking ihr|you Bäcker|baker schläft|sleep die|the ganze|all (manner Nacht|night und|and des|of-the Morgens|morning brennt|burn er|he lichterloh|flame
7:7	Allesamt|all (manner sind|are sie|they so|then heißer|[heißer] Andacht|enflame self wie|as ein|a Backofen|oven also|so daß|that ihre|their Richter|plead aufgefressen|[aufgefressen] werden|be und|and alle|all (manner ihre|their Könige|royal fallen|fall und|and ist|is keiner|none unter|under ihnen|them der|the mich|me anrufe|[anrufe]
7:8	Ephraim|Ephraim mengt|[mengt] sich|mingled unter|under die|the Völker|nation Ephraim|Ephraim ist|be thou wie|as ein|a Kuchen|cake den|the niemand|corruption umwendet|turn
7:9	Fremde|stranger fressen|will-devour seine|his Kraft|strength doch|please will|will er|he s|he nicht|not merken|know er|he hat|has auch|also graue|[graue] Haare|grayheaded gekriegt|sprinkle doch|please will|will er|he s|he nicht|not merken|know
7:10	Und|and die|henceforth Hoffart|pride Israels|Israelites zeugt|answer wider|against sie|they ins|into-the Angesicht|face dennoch|[dennoch] bekehren|return sie|they sich|himself nicht|not zum|as-a HERRN|GOD ihrem|her Gott|God fragen|seek auch|also nicht|not nach|after ihm|him in|in diesem|hereby (-in allem|all (manner
7:11	Denn|for Ephraim|Ephraim ist|be thou wie|as eine|a verlockte|entice Taube|dove die|the nichts|nothing merken|know will|heart Jetzt|was-giving-birth rufen|call sie|they Ägypten|Egypt an|to dann|then laufen|go sie|they zu|to Assur|Assyria
7:12	Aber|but indem|while sie|they hin|away und|and her|here laufen|go will|will ich|I mein|my Netz|net über|above sie|they werfen|spread und|and sie|they herunterholen|descend wie|as die|the Vögel|fowl unter|under dem|the Himmel|heaven ich|I will|will sie|they strafen|chastise wie|as man|one predigt|fame in|in ihrer|their Versammlung|congregation
7:13	Weh|[Weh] ihnen|them daß|and sie|they von|stringed instrument mir|me weichen|flee Sie|they müssen|must verstört|spoil werden|be denn|and sie|they sind|are von|from mir|me abtrünnig|[abtrünnig] geworden|transgress Ich|I wollte|to sie|they wohl|well erlösen|redeem wenn|when sie|walk nicht|not wider|above mich|me Lügen|lie lehrten|speak
7:14	So|then rufen|cry sie|they mich|me auch|also nicht|not an|to von|from Herzen|heart sondern|and Heulen|howl auf|above ihren|their Lagern|bed Sie|they sammeln|sojourn sich|himself um|above Korn|corn und|and Mosts|wine willen|sake und|and sind|are mir|me ungehorsam|depart
7:15	Ich|I lehre|chastise sie|they und|and stärke|strong ihren|their Arm|arm aber|but sie|they denken|count Böses|evil von|above mir|me
7:16	Sie|they bekehren|[bekehren] sich|return aber|but nicht|not recht|above sondern|but sind|be thou wie|as ein|a falscher|deceitful Bogen|bow Darum|therefore werden|be ihre|their Fürsten|prince durchs|through-the Schwert|sword fallen|fall ihr|you Drohen|that soll|shall in|in Ägyptenland|Egypt-land zum|as-a Spott|scorn werden|be
8:1	Rufe|[Rufe] laut|aloud wie|as eine|a Posaune|trumpet Er|he kommt|comes über|above das|the Haus|household des|of-the HERRN|GOD wie|as ein|a Adler|eagle darum|therefore daß|because sie|they meinen|my Bund|covenant übertreten|pass und|and von|above meinem|my Gesetz|law abtrünnig|[abtrünnig] werden|transgress
8:2	Dann|then werden|be sie|they zu|to mir|me schreien|cry Du|you bist|are mein|my Gott|God wir|we Israel|Israelites kennen|know dich|you
8:3	Israel|Israelites verwirft|cast away das|the Gute|good darum|therefore muß|must sie|they der|the Feind|hated verfolgen|pursue
8:4	Sie|walk machen|make Könige|reign aber|but ohne|not mich|stringed instrument sie|they setzen|put Fürsten|reign und|and ich|I darf|[darf] es|it nicht|not wissen|know Aus|from ihrem|her Silber|silver und|and Gold|gold machen|make sie|they Götzen|idol daß|answer sie|they ja|yes bald|quickly ausgerottet|cut-off werden|make
8:5	Dein|your Kalb|calf Samaria|Samaria verwirft|cast away er|he mein|my Zorn|anger ist|is über|over sie|they ergrimmt|kindled Es|it kann|can nicht|not lange|ever anstehen|[anstehen] sie|innocency müssen|must gestraft|rebuked werden|could
8:6	Denn|and das|the Kalb|calf ist|is aus|stringed instrument Israel|Israelites hergekommen|those und|and ein|a Werkmann|carpenter hat|has s|he gemacht|make und|and es|he kann|can ja|yes kein|not Gott|God sein|his darum|and soll|shall das|the Kalb|calf Samarias|Samaria zerpulvert|[zerpulvert] werden|be thou
8:7	Denn|and sie|they säen|sow Wind|wind und|and werden|be Ungewitter|whirlwind einernten|reap ihre|their Saat|corn soll|shall nicht|not aufkommen|[aufkommen] und|and ihr|you Gewächs|Branch kein|corruption Mehl|meal geben|make und|and ob|whether s|[s] geben|give würde|make sollen|shall s|[s] doch|please Fremde|stranger fressen|destroy
8:8	Israel|Israelites wird|will aufgefressen|destroy die|the Heiden|nation gehen|be thou mit|with ihnen|them um|for wie|as mit|with einem|a unwerten|pleasure Gefäß|vessel
8:9	darum|therefore daß|and sie|walk hinauf|offer zum|as-a Assur|Assyria laufen|offer wie|as ein|a Wild|wild in|in der|the Irre|lost Ephraim|Ephraim schenkt|[schenkt] den|the Buhlern|[Buhlern] und|and gibt|gives den|the Heiden|Goiim Tribut|hired
8:10	Dieselben|also Heiden|nation will|will ich|I nun|henceforth über|over sie|they sammeln|gather sie|they sollen|shall der|the Last|burden des|of-the Königs|royal der|the Fürsten|prince bald|little müde|exhausted werden|begin
8:11	Denn|and Ephraim|Ephraim hat|has der|the Altäre|altar viel|many gemacht|multiply zu|to sündigen|sin so|then sollen|shall auch|also die|the Altäre|altar ihm|him zur|to-the Sünde|sin geraten|be thou
8:12	Wenn|when ich|I ihm|him gleich|like viel|many tausend|thousand Gebote|multitude meines|my Gesetzes|law schreibe|write so|then wird|will s|[s] geachtet|count wie|according to eine|a Fremde|foreign Lehre|stranger
8:13	Ob|whether sie|they schon|already viel|many opfern|sacrifice und|and Fleisch|flesh herbringen|offering und|and essen|eat s|[s] so|then hat|has doch|please der|the HERR|GOD kein|not Gefallen|accept an|to ihnen|them sondern|henceforth er|he will|will ihrer|their Missetat|iniquity gedenken|remember und|and ihre|their Sünden|sin heimsuchen|number sie|walk sollen|shall wieder|return nach|after Ägypten|Egypt kommen|return
8:14	Israel|Israelites vergißt|forget seines|his Schöpfers|make und|and baut|build Paläste|temple so|then macht|multiply Juda|Judah viel|multiply feste|fenced Städte|town aber|but ich|I will|will Feuer|fire in|in seine|his Städte|town schicken|send welches|in-the soll|shall seine|his Häuser|[Häuser] verzehren|consume
9:1	Du|you darfst|[darfst] dich|you nicht|not freuen|rejoice Israel|Israelites noch|still rühmen|[rühmen] wie|as die|the Völker|nation denn|and du|you hurst|whore wider|stringed instrument deinen|your Gott|God und|and suchst|are-you-seeking damit|thus Hurenlohn|[Hurenlohn] daß|above alle|all (manner Tennen|threshingfloor voll|filled-with Getreide|corn werden|be
9:2	Darum|therefore sollen|shall dich|you Tenne|threshingfloor und|and Kelter|winepresses nicht|not nähren|feed und|and der|the Most|wine soll|shall dir|you fehlen|lie
9:3	Sie|they sollen|shall nicht|not bleiben|dwell im|in-the Lande|land des|of-the HERRN|GOD sondern|but Ephraim|Ephraim muß|must wieder|return nach|after Ägypten|Egypt und|and muß|must in|in Assyrien|Assyria Unreines|unclean essen|eat
9:4	wo|where sie|they dem|the HERRN|GOD kein|not Trankopfer|wine vom|from-the Wein|wine noch|not etwas|anything zu|to Gefallen|sweet tun|pour können|sweet Ihr|you Opfer|sacrifice soll|shall sein|his wie|as der|the Betrübten|bread Brot|bread an|to welchem|whomever unrein|[unrein] werden|unclean alle|all (manner die|the davon|from-which essen|eat denn|and ihr|you Brot|bread müssen|must sie|they für|for sich|himself selbst|soul essen|eat und|and es|it soll|shall nicht|not in|in des|of-the HERRN|GOD Haus|household gebracht|brought werden|be
9:5	Was|what wollt|want ihr|you alsdann|then an|to den|the Jahrfesten|congregation und|and an|to den|the Feiertagen|time des|of-the HERRN|GOD tun|make
9:6	Siehe|behold sie|they müssen|must weg|go vor|stringed instrument dem|the Verstörer|spoil Ägypten|Egypt wird|will sie|they sammeln|gather und|and Moph|Memphis wird|will sie|they begraben|bury Nesseln|nettles werden|be wachsen|possess da|then jetzt|was-giving-birth ihr|you liebes|pleasant Götzensilber|silver steht|is und|and Dornen|brambles in|in ihren|their Hütten|tents
9:7	Die|the Zeit|time der|the Heimsuchung|visitation ist|is gekommen|come die|the Zeit|time der|the Vergeltung|recompense des|of-the wird|will Israel|Israelites innewerden|know Die|the Propheten|prophet sind|are Narren|[Narren] und|and die|the Rottengeister|wind sind|are wahnsinnig|mad um|above deiner|your großen|multitude Missetat|iniquity und|and um|for der|the großen|many feindseligen|[feindseligen] Abgötterei|hatred willen|sake
9:8	Die|the Wächter|watchman in|in Ephraim|Ephraim hielten|held sich|himself vormals|[vormals] an|hide meinen|my Gott|God aber|but nun|now sind|are sie|they Propheten|prophet die|the Stricke|snare legen|lay auf|above allen|all (manner ihren|their Wegen|way durch|through die|the feindselige|[feindselige] Abgötterei|hatred im|in-the Hause|household ihres|her Gottes|of-God
9:9	Sie|they verderben|destroy s|destroy zu|to tief|deep wie|as zur|to-the Zeit|time Gibeas|Gibeah darum|therefore wird|will er|he ihrer|their Missetat|iniquity gedenken|remember und|and ihre|their Sünden|sin heimsuchen|number
9:10	Ich|I fand|find Israel|Israelites in|in der|the Wüste|wilderness wie|as Trauben|grape und|and sah|see eure|your Väter|fathers wie|as die|the ersten|beginning Feigen|firstripe am|on-the Feigenbaum|fig aber|but hernach|afterwards gingen|went sie|walk zu|to Baal-|[Baal-] Peor|Baalpeor und|and gelobten|[gelobten] sich|consecrate dem|the schändlichen|shame Abgott|[Abgott] und|and wurden|be thou ja|yes so|then greulich|abomination wie|as ihre|their Buhlen|[Buhlen]
9:11	Darum|therefore muß|must die|the Herrlichkeit|glory Ephraims|Ephraim's wie|as ein|a Vogel|fowl wegfliegen|fly daß|stringed instrument sie|they weder|neither gebären|beget noch|still tragen|bear noch|still schwanger|pregnant werden|be sollen|shall
9:12	Und|and ob|and sie|they ihre|their Kinder|old gleich|like erzögen|magnify will|will ich|I sie|they doch|please ohne|without Kinder|sons machen|bereave daß|that keine|no Leute|men mehr|more sein|his sollen|shall Auch|also weh|[weh] ihnen|them wenn|when ich|I von|stringed instrument ihnen|them gewichen|[gewichen] bin|depart
9:13	Ephraim|Ephraim wie|as ich|I es|it ansehe|see ist|is gepflanzt|plant und|and hübsch|habitation wie|as Tyrus|Tyrus muß|must aber|but nun|now seine|his Kinder|old herauslassen|bring dem|the Totschläger|slay
9:14	HERR|GOD gib|put ihnen-|[ihnen-] was|what willst|will du|you ihnen|them aber|but geben|give -|[-] gib|put ihnen|them unfruchtbare|bereave Leiber|womb und|and versiegte|dry Brüste|breast
9:15	Alle|all (manner ihre|their Bosheit|evil geschieht|[geschieht] zu|to Gilgal|Gilgal daselbst|in it bin|am ich|I ihnen|them feind|hate und|and ich|I will|will sie|they auch|also um|for ihres|her bösen|evil Wesens|doings willen|sake aus|stringed instrument meinem|my Hause|household stoßen|divorced und|and ihnen|more nicht|not mehr|more Liebe|my erzeigen|deal denn|for alle|all (manner Ihre|their Fürsten|prince sind|are Abtrünnige|rebellious
9:16	Ephraim|Ephraim ist|is geschlagen|smite ihre|their Wurzel|root ist|is verdorrt|withered daß|that sie|they keine|corruption Frucht|fruit mehr|more bringen|bring können|make Und|also ob|and sie|they gebären|bear würden|beget will|will ich|I doch|please die|the liebe|pleasant Frucht|fruit ihres|her Leibes|lifeblood töten|die
9:17	Mein|my Gott|God wird|will sie|they verwerfen|despise darum|therefore daß|and sie|they ihn|him nicht|not hören|hear wollen|will und|and sie|they müssen|must unter|under den|the Heiden|nation in|in der|the Irre|flee gehen|be thou
10:1	Israel|Israelites ist|is ein|a ausgebreiteter|empty Weinstock|vine der|the seine|his Frucht|fruit trägt|laid Aber|but soviel|multitude Früchte|fruit er|he hatte|had so|then viel|multiply Altäre|altar hatte|had er|he gemacht|multiply wo|where das|the Land|land am|on-the besten|good war|was da|then stifteten|good sie|they die|the schönsten|[schönsten] Bildsäulen|image
10:2	Ihr|you Herz|heart ist|is zertrennt|divide nun|henceforth wird|will sie|they ihre|their Schuld|blame finden|find Ihre|their Altäre|altar sollen|shall zerbrochen|behead und|and ihre|their Bildsäulen|image sollen|shall zerstört|spoil werden|be
10:3	Alsdann|and müssen|must sie|they sagen|say Wir|we haben|have keinen|no König|royal denn|and wir|we fürchteten|fear den|the HERRN|GOD nicht|not was|what kann|can uns|us der|the König|royal nun|now helfen|make
10:4	Sie|they reden|word und|and schwören|swear vergeblich|vain und|and machen|make einen|a Bund|covenant und|and solcher|such Rat|judgment grünt|flourish auf|above allen|all Furchen|furrow im|in-the Felde|field wie|as giftiges|[giftiges] Kraut|gall
10:5	Die|the Einwohner|neighbour zu|to Samaria|Samaria sorgen|sojourn um|for das|the Kalb|heifer zu|to Beth-|[Beth-] Aven|Bethaven denn|and sein|his Volk|nation trauert|[trauert] darum|above und|and seine|his Götzenpfaffen|priest zittern|rejoice seiner|his Herrlichkeit|glory halben|above denn|and sie|they wird|will von|stringed instrument ihnen|them weggeführt|uncover
10:6	Ja|also das|the Kalb|calf wird|will nach|after Assyrien|Assyria gebracht|bring zum|as-a Geschenke|offering dem|the König|royal Jareb|Jareb Also|so muß|must Ephraim|Ephraim mit|with Schanden|shame stehen|take und|and Israel|Israelites schändlich|[schändlich] gehen|go mit|stringed instrument seinen|his Vornehmen|counsel
10:7	Denn|for der|the König|royal zu|to Samaria|Samaria ist|is dahin|cease wie|as ein|a Schaum|wrath auf|above dem|the Wasser|water
10:8	Die|the Höhen|heights zu|to Aven|[Aven] sind|are vertilgt|destroy durch|through die|the sich|himself Israel|Israelites versündigte|sin Disteln|thistle und|and Dornen|thorn wachsen|offer auf|above ihren|their Altären|altar Und|and sie|they werden|be sagen|say Ihr|you Berge|mountain bedeckt|cover uns|us und|and Ihr|you Hügel|hill fallt|fall über|above uns|us
10:9	Israel|Israelites du|you hast|have seit|stringed instrument der|the Zeit|time Gibeas|Gibeah gesündigt|sin dabei|in it sind|are sie|they auch|also geblieben|stood Aber|but es|it soll|shall sie|they ein|a Streit|war nicht|not gleich|like dem|the zu|to Gibea|Gibeah ergreifen|overtake so|then wider|above die|the bösen|iniquity Leute|old geschah|happened
10:10	sondern|but ich|I will|will sie|they züchtigen|chastise nach|after meinem|my Wunsch|the-bounty daß|that alle|all Völker|nation sollen|shall über|above sie|they versammelt|gathered kommen|come wenn|when ich|I sie|they werde|will strafen|be-judged um|for ihre|their zwei|two Sünden|eye
10:11	Ephraim|Ephraim ist|is ein|a Kalb|heifer gewöhnt|teach daß|that man|one es|it gern|for drischt|thresh Ich|I will|will ihm|him über|above seinen|his schönen|goodness Hals|neck fahren|pass ich|I will|will Ephraim|Ephraim retten|ride Juda|Judah soll|shall pflügen|plow und|and Jakob|Jacob eggen|harrow
10:12	Darum|therefore säet|sow euch|you Gerechtigkeit|righteousness und|and erntet|reap Liebe|mouth pflüget|break up ein|a Neues|tillage weil|because es|it Zeit|time ist|is den|the HERRN|GOD zu|to suchen|seek bis|until daß|ever er|he komme|come und|and lasse|bring-forth regnen|teach über|over euch|you Gerechtigkeit|righteousness
10:13	Denn|for ihr|you pflüget|plow Böses|wickedness und|and erntet|reap Übeltat|iniquity und|and esset|[esset] Lügenfrüchte|lies
10:14	Weil|because du|you dich|you denn|for verläßt|[verläßt] auf|on dein|your Wesen|thing und|and auf|on die|the Menge|multitude deiner|your Helden|[Helden] so|then soll|shall sich|himself ein|a Getümmel|noise erheben|arise in|in deinem|your Volk|nation daß|that alle|all (manner deine|your Festen|hold verstört|[verstört] werden|spoil gleichwie|like Salman|Shalman verstörte|spoil das|the Haus|house Arbeels|Betharbel zur|to-the Zeit|time des|of-the Streits|war da|then die|the Mutter|mother samt|above den|the Kindern|old zu|to Trümmern|[Trümmern] ging|dash
10:15	Ebenso|[Ebenso] soll|shall s|[s] euch|make zu|to Beth-|[Beth-] El|Bethel auch|after that  manner gehen|make um|stringed instrument eurer|your großen|evil Bosheit|evil willen|sake daß|that der|the König|royal Israels|Israelites frühmorgens|morning untergehe|cease
11:1	Da|and Israel|Israelites jung|servant war|was hatte|had ich|I ihn|him lieb|loved und|and rief|call ihn|him meinen|my Sohn|old aus|stringed instrument Ägypten|Egypt
11:2	Aber|but wenn|when man|one sie|they jetzt|was-giving-birth ruft|call so|prepare wenden|go sie|they sich|face davon|stringed instrument und|and opfern|sacrifice den|the Baalim|Baal und|and räuchern|incense den|the Bildern|quarries
11:3	Ich|I nahm|take Ephraim|Ephraim bei|above seinen|his Armen|arm und|and leitete|teach to go ihn|him aber|but sie|they merkten|know es|it nicht|not wie|and ich|I ihnen|them half|heal
11:4	Ich|I ließ|had sie|they ein|a menschlich|[menschlich] Joch|sorrows ziehen|draw und|and in|in Seilen|wreathen der|the Liebe|my gehen|go und|and half|be thou ihnen|them das|the Joch|yoke an|above ihrem|her Hals|cheek tragen|exalt und|and gab|incline ihnen|them Futter|fodder
11:5	Sie|they sollen|shall nicht|not wieder|return nach|after Ägyptenland|Egypt-land kommen|return sondern|but Assur|Assyria soll|shall nun|now ihr|you König|royal sein|his denn|and sie|they wollen|will sich|himself nicht|refuse bekehren|return
11:6	Darum|therefore soll|shall das|the Schwert|sword über|over ihre|their Städte|town kommen|pain und|and soll|shall ihre|their Riegel|[Riegel] aufreiben|consume und|and fressen|will-devour um|stringed instrument ihres|her Vornehmens|counsel willen|sake
11:7	Mein|my Volk|nation ist|is müde|hang sich|himself zu|to mir|me zu|to kehren|backsliding und|and wenn|when man|one ihnen|them predigt|call so|then richtet|exalt sich|himself keiner|not auf|exalt
11:8	Was|what soll|shall ich|I aus|from dir|you machen|put Ephraim|Ephraim Soll|shall ich|I dich|you schützen|deliver Israel|Israelites Soll|shall ich|I nicht|not billig|[billig] ein|a Adama|Admah aus|from dir|you machen|put und|and dich|you wie|as Zeboim|Zeboim zurichten|put Aber|but mein|my Herz|heart ist|is andern|another Sinnes|above meine|my Barmherzigkeit|comfort ist|is zu|to brünstig|together
11:9	daß|that ich|I nicht|not tun|do will|make nach|after meinem|my grimmigen|fierce Zorn|anger noch|not mich|me kehren|return Ephraim|Ephraim gar|very zu|to verderben|destroy Denn|and ich|I bin|am Gott|God und|and nicht|not ein|a Mensch|man und|and bin|am der|the Heilige|holy unter|among dir|you ich|I will|will aber|but nicht|not in|in die|the Stadt|town kommen|come
11:10	Alsdann|then wird|will man|one dem|the HERRN|GOD nachfolgen|[nachfolgen] und|and er|he wird|will brüllen|roar wie|as ein|a Löwe|lion und|and wenn|and er|he wird|will brüllen|roar so|then werden|be erschrocken|[erschrocken] kommen|afraid die|the Kinder|old so|then gegen|stringed instrument Abend|sea sind|are
11:11	Und|and die|the in|stringed instrument Ägypten|Egypt werden|be auch|also erschrocken|[erschrocken] kommen|afraid wie|as die|the Vögel|bird und|and die|the im|stringed instrument Lande|land Assur|Assyria wie|as Tauben|dove und|and ich|I will|will sie|they in|above ihre|their Häuser|household setzen|dwell spricht|saith der|the HERR|GOD
11:12	In|in Ephraim|Ephraim ist|is allenthalben|everywhere Lügen|lies wider|against mich|compass und|and im|in-the Hause|household Israel|Israelites falscher|[falscher] Gottesdienst|deceit Aber|but auch|also Juda|Judah hält|dominion nicht|testify fest|firmly an|hide Gott|God und|and an|hide dem|the Heiligen|holy der|the treu|[treu] ist|is
12:1	Ephraim|Ephraim weidet|graze sich|feed am|on-the Winde|wind und|and läuft|pursue dem|the Ostwind|east nach|pursue und|and macht|multiply täglich|all (manner der|the Abgötterei|lie und|and des|of-the Schadens|spoil mehr|more sie|they machen|make mit|hide Assur|Assyria einen|a Bund|covenant und|and bringen|bring Balsam|oil nach|after Ägypten|Egypt
12:2	Darum|therefore wird|will der|the HERR|GOD mit|hide Juda|Judah rechten|cause und|above Jakob|Jacob heimsuchen|number nach|after seinem|his Wesen|way und|and ihm|him vergelten|return nach|after seinem|his Verdienst|doings
12:3	Er|he hat|has in|in Mutterleibe|[Mutterleibe] seinen|his Bruder|brother an|to der|the Ferse|heel gehalten|supplant und|and in|in seiner|his Kraft|strength hat|has er|he mit|with Gott|God gekämpft|power
12:4	Er|he kämpfte|reign mit|with dem|the Engel|angel und|and siegte|could denn|for er|he weinte|weep und|and bat|mercy ihn|him auch|also hat|has er|he ihn|him ja|yes zu|to Beth-|[Beth-] El|Bethel gefunden|find und|and daselbst|in it hat|has er|he mit|hide uns|us geredet|speak
12:5	Aber|but der|the HERR|GOD ist|is der|the Gott|God Zebaoth|host HERR|GOD ist|is sein|his Name|remembrance
12:6	So|then bekehre|return dich|you nun|now zu|to deinem|your Gott|God und|and halte|keep Barmherzigkeit|mercy und|and Recht|judgment und|and hoffe|wait stets|continually auf|on deinen|your Gott|God
12:7	Aber|but Kanaan|Canaan hat|has eine|a falsche|deceit Waage|balances in|in seiner|his Hand|by und|and betrügt|oppress gern|for
12:8	Und|and Ephraim|Ephraim spricht|it-is-said Ich|I bin|am reich|rich ich|I habe|have genug|enough man|one wird|will in|in aller|all (manner meiner|my Arbeit|labour keine|not Missetat|iniquity finden|find die|the Sünde|sin sei|be
12:9	Ich|I aber|but der|the HERR|GOD bin|am dein|your Gott|God aus|stringed instrument Ägyptenland|Egypt-land her|here und|and der|the dich|you noch|testify in|in den|the Hütten|tents wohnen|dwell läßt|let wie|as man|one zur|to-the Festzeit|congregation pflegt|[pflegt]
12:10	und|and rede|speak zu|above den|the Propheten|prophet und|and ich|I bin|am s|[s] der|the so|then viel|multiply Weissagung|vision gibt|multiply und|and durch|by die|the Propheten|prophet sich|himself anzeigt|like
12:11	In|in Gilead|Gilead ist|is Abgötterei|[Abgötterei] darum|therefore werden|be sie|be thou zunichte|[zunichte] und|and in|in Gilgal|Gilgal opfern|[opfern] sie|sacrifice Ochsen|ox darum|also sollen|shall ihre|their Altäre|altar werden|be wie|as die|the Steinhaufen|heap an|above den|the Furchen|furrow im|in-the Felde|field
12:12	Jakob|Jacob mußte|had-to fliehen|flee in|in das|the Land|field Syrien|Aram und|and Israel|Israelites mußte|had-to um|for ein|a Weib|wife dienen|serve und|and um|for ein|a Weib|wife mußte|had-to er|he hüten|keep
12:13	Aber|but hernach|afterwards führte|offer der|the HERR|GOD Israel|Israelites aus|stringed instrument Ägypten|Egypt durch|through einen|a Propheten|prophet und|and ließ|had ihn|him hüten|keep durch|through einen|a Propheten|prophet
12:14	Nun|now aber|but erzürnt|bitter ihn|him Ephraim|Ephraim durch|through seine|his Götzen|household-idols darum|therefore wird|will ihr|you Blut|blood über|above sie|they kommen|forsake und|and ihr|you HERR|LORD wird|will ihnen|them vergelten|return ihre|their Schmach|reproach die|the sie|they ihm|him antun|[antun]
13:1	Da|then Ephraim|Ephraim Schreckliches|trembling redete|speak ward|was er|he in|in Israel|Israelites erhoben|bear darnach|after versündigten|offended sie|they sich|himself durch|through Baal|Baal und|and wurden|were darüber|over-it getötet|die
13:2	Aber|but nun|henceforth machen|more sie|they der|the Sünden|sin viel|many mehr|more und|and aus|stringed instrument ihrem|her Silber|silver Bilder|image wie|as sie|they es|it erdenken|[erdenken] können|understanding nämlich|namely Götzen|idol welche|all (manner doch|please eitel|bitter Schmiedewerk|work sind|are Dennoch|[Dennoch] predigen|call sie|they von|from denselben|walk Wer|who die|the Kälber|calf küssen|kiss will|will der|the soll|shall Menschen|man opfern|sacrifice
13:3	Darum|prepare werden|be sie|they sein|be thou wie|as die|the Morgenwolke|morning und|and wie|as der|the Tau|dew der|the frühmorgens|betimes vergeht|go ja|yes wie|as die|the Spreu|chaff die|the von|stringed instrument der|the Tenne|threshingfloor verweht|[verweht] wird|whirlwind und|and wie|as der|the Rauch|smoke von|stringed instrument dem|the Schornstein|[Schornstein]
13:4	Ich|I bin|am aber|but der|the HERR|GOD dein|your Gott|God aus|stringed instrument Ägyptenland|Egypt-land her|here und|and du|you solltest|should ja|yes keinen|not andern|another Gott|God kennen|know denn|for mich|me und|and keinen|no Heiland|save als|because un allein|save mich|me
13:5	Ich|I nahm|took mich|me ja|yes deiner|know an|to in|in der|the Wüste|wilderness im|in-the dürren|[dürren] Lande|land
13:6	Aber|but weil|because sie|they geweidet|pasture sind|are daß|that sie|they satt|full geworden|satisfy sind|are und|and genug|enough haben|satisfy erhebt|exalt sich|himself ihr|you Herz|heart darum|above vergessen|forget sie|they mein|my
13:7	So|then will|will ich|be thou auch|also werden|be gegen|toward sie|they wie|according to ein|a Löwe|lion und|and wie|as ein|a Parder|leopard auf|above dem|the Wege|way will|will ich|I auf|on sie|they lauern|behold
13:8	Ich|I will|will ihnen|them begegnen|meet wie|as ein|a Bär|bear dem|the seine|his Jungen|young genommen|taken sind|barren und|and will|will ihr|you verstocktes|gold Herz|heart zerreißen|rent und|and will|will sie|they daselbst|in it wie|as ein|a Löwe|lion fressen|will-devour die|the wilden|field Tiere|live sollen|shall sie|they zerreißen|cleave
13:9	Israel|Israelites du|you bringst|take dich|you in|in Unglück|destroy denn|and dein|your Heil|help steht|is allein|only bei|with mir|me
13:10	Wo|where ist|is dein|your König|royal hin|away der|the dir|you helfen|[helfen] möge|save in|in allen|all (manner deinen|your Städten|town und|and deine|your Richter|plead von|from denen|them du|you sagtest|tell Gib|put mir|me Könige|royal und|and Fürsten|prince
13:11	Wohlan|now ich|I gab|put dir|you einen|a König|royal in|in meinem|my Zorn|anger und|and will|will ihn|him dir|you in|in meinem|my Grimm|wrath wegnehmen|take
13:12	Die|the Missetat|iniquity Ephraims|Ephraim's ist|is zusammengebunden|enemy und|and seine|his Sünde|sin ist|is behalten|hide
13:13	Denn|for es|it soll|shall ihm|him wehe|sorrows werden|be wie|as einer|one Gebärerin|beget Er|he ist|is ein|a unverständig|not Kind|old denn|and wenn|when die|the Zeit|time gekommen|come ist|is so|then will|will er|he die|the Mutter|birth nicht|not brechen|stood
13:14	Aber|but ich|I will|will sie|they erlösen|redeem aus|stringed instrument der|the Hölle|by und|and vom|stringed instrument Tod|death erretten|redeem Tod|death ich|I will|will dir|you ein|a Gift|pestilence sein|his Hölle|grave ich|I will|will dir|you eine|a Pestilenz|destruction sein|his Doch|please ist|is der|the Trost|repentance vor|before meinen|my Augen|eye verborgen|hide
13:15	Denn|for wenn|and er|he auch|also zwischen|between Brüdern|brothers Frucht|fruit bringt|fruitful so|then wird|will doch|please ein|a Ostwind|east des|of-the HERRN|GOD aus|offer der|the Wüste|wilderness herauffahren|[herauffahren] daß|that sein|his Brunnen|fountain vertrocknet|[vertrocknet] und|and seine|his Quelle|fountain versiegt|waste und|and er|he wird|will rauben|spoil den|the Schatz|treasure alles|all (manner köstlichen|pleasant Gerätes|vessel
13:16	[14|[[14] 1]|[1]] Samaria|Samaria wird|will wüst|formless werden|be denn|and sie|they sind|are ihrem|her Gott|God ungehorsam|rebel sie|they sollen|shall durchs|through-the Schwert|sword fallen|fall und|and ihre|their jungen|young Kinder|children zerschmettert|dash und|and ihre|their schwangeren|conceive Weiber|wives zerrissen|tore werden|cleave
14:1	Bekehre|[Bekehre] dich|return Israel|Israelites zu|ever dem|the HERR|GOD deinem|your Gott|God denn|and du|you bist|are gefallen|fall um|for deiner|your Missetat|iniquity willen|sake
14:2	Nehmt|take diese|these Worte|word mit|hide euch|you und|and bekehrt|[bekehrt] euch|return zum|as-a HERRN|GOD und|and sprecht|say zu|to ihm|him Vergib|bear uns|us alle|all (manner Sünde|iniquity und|and tue|take uns|us wohl|good so|then wollen|will wir|we opfern|pay die|the Farren|bullock unsrer|our Lippen|lip
14:3	Assur|Assyria soll|shall uns|us nicht|not helfen|save wir|we wollen|will nicht|not mehr|more auf|above Rossen|horse reiten|ride auch|also nicht|not mehr|testify sagen|say zu|to den|the Werken|work unsrer|our Hände|by “Ihr|[“Ihr] seid|are unser|our Gott|God ”|[”] sondern|but laß|let die|the Waisen|fatherless bei|with dir|you Gnade|favor finden|pity
14:4	So|then will|will ich|I ihr|you Abtreten|backsliding wieder|back heilen|heal gerne|offerings will|will ich|I sie|they lieben|[lieben] denn|and mein|my Zorn|anger soll|shall sich|himself von|stringed instrument ihnen|them wenden|return
14:5	Ich|I will|will Israel|Israelites wie|as ein|a Tau|dew sein|his daß|that er|he soll|shall blühen|flourish wie|as eine|a Rose|lily und|and seine|his Wurzeln|root sollen|shall ausschlagen|smite wie|as der|the Libanon|Lebanon
14:6	und|and seine|his Zweige|branch sich|himself ausbreiten|go daß|that er|he sei|be thou schön|glory wie|as ein|a Ölbaum|olive und|and soll|shall so|then guten|good Geruch|savour geben|give wie|as der|the Libanon|Lebanon
14:7	Und|and sie|they sollen|shall wieder|return unter|under einem|a Schatten|shadow sitzen|dwell von|from Korn|corn sollen|shall sie|they sich|himself nähren|live und|and blühen|flourish wie|as der|the Weinstock|vine sein|his Gedächtnis|remembrance soll|shall sein|his wie|as der|the Wein|wine am|on-the Libanon|Lebanon
14:8	Ephraim|Ephraim was|what sollen|shall mir|me weiter|testify die|the Götzen|idol Ich|I will|will ihn|him erhören|answer und|and führen|behold ich|I will|will sein|his wie|as eine|a grünende|green Tanne|fir an|stringed instrument mir|me soll|shall man|one deine|your Frucht|fruit finden|find
14:9	Wer|what ist|is weise|wise der|the dies|this verstehe|understands und|and klug|wisdom der|the dies|this merke|know Denn|and die|the Wege|way des|of-the HERRN|GOD sind|are richtig|right und|and die|the Gerechten|righteous wandeln|[wandeln] darin|go aber|but die|the Übertreter|transgress fallen|fall darin|in-it
