1:1	Wie|as liegt|dwell die|the Stadt|town so|then wüst|formless die|the voll|many Volks|nation war|was Sie|they ist|is wie|as eine|a Witwe|widow die|the Fürstin|many unter|under den|the Heiden|nation und|and die|the eine|a Königin|lady in|in den|the Ländern|province war|was muß|must nun|now dienen|tribute
1:2	Sie|they weint|weep des|of-the Nachts|night daß|that ihr|you die|the Tränen|tear über|over die|the Wangen|CHEEKS laufen|cheek es|it ist|is niemand|comfort unter|under allen|all ihren|their Freunden|FRIENDS der|the sie|they tröstet|comfort alle|all ihre|their Nächsten|neighbour sind|are ihr|you untreu|UNFAITHFUL und|and ihre|their Feinde|enemies geworden|become
1:3	Juda|Judah ist|is gefangen|uncover in|in Elend|affliction und|and schwerem|multitude Dienst|service sie|they wohnt|dwell unter|under den|the Heiden|nation und|and findet|find keine|no Ruhe|rest alle|all ihre|their Verfolger|pursue halten|overtake sie|they übel|pains
1:4	Die|the Straßen|way gen|to Zion|Zion liegen|remain wüst|formless weil|because niemand|no-one auf|on ein|a Fest|congregation kommt|comes alle|all ihre|their Tore|gate stehen|standing öde|desolate ihre|their Priester|priest seufzen|SIGH ihre|their Jungfrauen|virgin sehen|see jämmerlich|afflict und|and sie|they ist|is betrübt|bitterness
1:5	Ihre|their Widersacher|enemy schweben|HOVER empor|head ihren|their Feinden|enemies geht|goes s|IT wohl|prosper denn|for der|the HERR|GOD hat|has sie|they voll|filled-with Jammers|SORROW gemacht|afflict um|multitude ihrer|transgression großen|multitude Sünden|sins willen|transgression und|and ihre|their Kinder|children sind|go gefangen|captivity vor|face dem|the Feinde|enemy hin|away gezogen|go
1:6	Es|it ist|is von|from der|the Tochter|daughter Zion|Zion aller|all Schmuck|glory dahin|bring Ihre|their Fürsten|prince sind|are wie|as die|the Widder|ram die|the keine|no Weide|pasture finden|find und|and matt|strength vor|face dem|the Treiber|pursue her|here gehen|go
1:7	Jerusalem|Jerusalem denkt|remember in|in dieser|this Zeit|time wie|as elend|affliction und|and verlassen|leave sie|they ist|misery und|and wie|as viel|many Gutes|variant sie|they von|from alters|east her|time gehabt|had hat|has weil|because all|all ihr|you Volk|nation darniederliegt|fall unter|by dem|the Feinde|enemy und|and ihr|you niemand|no-one hilft|help ihre|their Feinde|enemy sehen|see ihre|their Lust|delighted an|to ihr|see und|and spotten|play ihrer|their Sabbate|SABBATHS
1:8	Jerusalem|Jerusalem hat|has sich|sin versündigt|sin darum|therefore muß|must sie|they sein|his wie|as ein|a unrein|removed Weib|wife Alle|all die|the sie|they ehrten|honour verschmähen|DESPISE sie|they jetzt|lavish weil|because sie|they ihre|their Blöße|nakedness sehen|see sie|they aber|but seufzt|SIGHS und|and hat|has sich|himself abgewendet|return
1:9	Ihr|you Unflat|uncleanness klebt|CLINGS an|to ihrem|her Saum|hem sie|they hätte|had nicht|not gemeint|remember daß|that es|it ihr|you zuletzt|last so|then gehen|go würde|would Sie|they ist|is ja|yes zu|to greulich|wonder heruntergestoßen|descend und|and hat|has dazu|also niemand|no-one der|the sie|they tröstet|comfort Ach|oh HERR|GOD siehe|see an|to mein|my Elend|affliction denn|for der|the Feind|hated prangt|EXALTS sehr|magnify
1:10	Der|the Feind|enemy hat|has seine|his Hand|by an|to alle|all ihre|their Kleinode|pleasant gelegt|spread denn|for sie|they mußte|had-to zusehen|see daß|that die|the Heiden|nation in|in ihr|you Heiligtum|sanctuary gingen|went von|from denen|them du|you geboten|commanded hast|command sie|congregation sollen|shall nicht|not in|in die|the Gemeinde|congregation kommen|come
1:11	All|all ihr|you Volk|nation seufzt|SIGHS und|and geht|goes nach|seek Brot|bread sie|pleasant geben|put ihre|their Kleinode|pleasant um|for Speise|food daß|that sie|they die|the Seele|soul laben|return Ach|oh HERR|GOD sieh|see doch|see und|and schaue|look wie|as schnöde|VILE ich|I geworden|become bin|vile
1:12	Euch|you sage|say ich|I allen|all die|the ihr|way vorübergeht|pass Schauet|LOOK doch|look und|and sehet|see ob|whether irgend|is ein|a Schmerz|sorrow sei|is wie|as mein|my Schmerz|sorrow der|the mich|me getroffen|BEFALLEN hat|glean denn|for der|the HERR|GOD hat|has mich|me voll|filled-with Jammers|SORROW gemacht|afflict am|on-the Tage|time seines|his grimmigen|fierce Zorns|WRATH
1:13	Er|he hat|has ein|a Feuer|fire aus|from der|the Höhe|high in|in meine|my Gebeine|bone gesandt|send und|and es|it lassen|let walten|rule Er|he hat|has meinen|my Füßen|feet ein|a Netz|net gestellt|spread und|and mich|me zurückgeprellt|return er|he hat|has mich|me zur|to-the Wüste|desolate gemacht|put daß|that ich|I täglich|time trauern|MOURN muß|faint
1:14	Meine|yoke schweren|HEAVY Sünden|transgression sind|bound durch|through seine|his Strafe|by erwacht|bound und|and in|in Haufen|wreathed mir|me auf|on den|the Hals|neck gekommen|offer daß|that mir|me alle|all meine|my Kraft|strength vergeht|fall Der|the Herr|LORD hat|has mich|me also|by zugerichtet|put daß|that ich|could nicht|not aufkommen|arise kann|could
1:15	Der|the Herr|LORD hat|has zertreten|valued alle|all meine|my Starken|mighty die|the ich|I hatte|among er|he hat|congregation über|over mich|call ein|a Fest|congregation ausrufen|proclaimed lassen|call meine|my junge|young Mannschaft|WARRIORS zu|to verderben|break Der|the Herr|LORD hat|winepress der|the Jungfrau|virgin Tochter|daughter Juda|Judah die|the Kelter|winepress getreten|tread
1:16	Darum|therefore weine|WEEP ich|I so|weep und|and meine|eye beiden|two Augen|eye fließen|descend mit|with Wasser|water daß|that der|the Tröster|comfort der|the meine|my Seele|soul sollte|would erquicken|return fern|distance von|from mir|me ist|remove Meine|my Kinder|CHILDREN sind|are dahin|desolate denn|for der|the Feind|hated hat|has die|the Oberhand|UPPER-HAND gekriegt|prevail
1:17	Zion|Zion streckt|spread ihre|their Hände|by aus|spread und|and ist|is doch|please niemand|comfort der|the sie|they tröste|COMFORT denn|for der|the HERR|GOD hat|Jacob rings|ROUND-ABOUT um|circuits Jakob|Jacob her|circuits seinen|his Feinden|enemy geboten|command daß|that Jerusalem|Jerusalem muß|must zwischen|between ihnen|them sein|his wie|as ein|a unrein|separation Weib|wife
1:18	Der|the HERR|GOD ist|is gerecht|righteous denn|for ich|I bin|am seinem|his Munde|mouth ungehorsam|REBELLIOUS gewesen|rebel Höret|hear alle|all Völker|nation schauet|see meinen|my Schmerz|sorrow Meine|my Jungfrauen|virgin und|and Jünglinge|young-men sind|are ins|into-the Gefängnis|captivity gegangen|go
1:19	Ich|I rief|call meine|my Freunde|friend an|call aber|but sie|they haben|have mich|me betrogen|deceived Meine|my Priester|priest und|and Ältesten|elders in|in der|the Stadt|town sind|are verschmachtet|PERISHED denn|for sie|they gehen|seek nach|after Brot|bread damit|thus sie|they ihre|their Seele|soul laben|return
1:20	Ach|oh Herr|GOD siehe|behold doch|see wie|as bange|distressed ist|is mir|enemy daß|that mir|me s|IT im|in-the Leibe|bowels davon|from-which weh|PAIN tut|troubled Mein|my Herz|heart wallt|turn mir|rebel in|in meinem|my Leibe|among weil|because ich|I so|then gar|rebel ungehorsam|REBELLIOUS gewesen|been bin|rebel Draußen|without hat|has mich|me das|the Schwert|sword und|and im|in-the Hause|household hat|has mich|me der|the Tod|death zur|to-the Witwe|widow gemacht|bereave
1:21	Man|one hört|hear s|IT wohl|hear daß|that ich|I seufze|SIGH und|and habe|have doch|please keinen|no Tröster|comfort alle|all meine|my Feinde|enemies hören|hear mein|my Unglück|evil und|and freuen|REJOICE sich|rejoice das|the machst|MAKE du|make So|then laß|let doch|please den|the Tag|time kommen|come den|the du|you ausrufest|call daß|that es|it ihnen|them gehen|go soll|shall wie|according to mir|me
1:22	Laß|let alle|all ihre|their Bosheit|evil vor|before dich|face kommen|come und|and richte|glean sie|they zu|to wie|as du|you mich|glean um|for aller|all meiner|my Missetat|transgression willen|transgression zugerichtet|made hast|glean denn|for meines|my Seufzens|SIGHING ist|is viel|many und|and mein|my Herz|heart ist|is betrübt|bitter
2:1	Wie|as hat|has der|the Herr|LORD die|the Tochter|daughter Zion|Zion mit|with seinem|his Zorn|anger überschüttet|cover with a cloud.ʻûwb Er|he hat|has die|the Herrlichkeit|glory Israels|Israelites vom|from-the Himmel|heaven auf|on die|the Erde|earth geworfen|cast er|he hat|stool.hădôm nicht|not gedacht|remember an|to seinen|his Fußschemel|stool.hădôm am|on-the Tage|time seines|his Zorns|WRATH
2:2	Der|the Herr|LORD hat|has alle|all Wohnungen|habitations Jakobs|Jacob ohne|without Barmherzigkeit|pity vertilgt|destroy er|he hat|has die|the Festen|hold der|the Tochter|daughter Juda|Judah abgebrochen|overthrow in|in seinem|his Grimm|wrath und|and geschleift|touch er|he hat|kingdom entweiht|begin beide|both ihr|you Königreich|kingdom und|and ihre|their Fürsten|prince
2:3	Er|he hat|fierce alle|all Hörner|horn Israels|Israelites in|in seinem|his grimmigen|fierce Zorn|anger zerbrochen|asunder er|he hat|has seine|his rechte|right Hand|hand hinter|behind sich|himself gezogen|return da|face der|the Feind|hated kam|face und|and hat|has in|in Jakob|Jacob ein|flame Feuer|fire angesteckt|burn das|the umher|circuits verzehrt|have-eaten
2:4	Er|he hat|has seinen|his Bogen|bow gespannt|tread wie|as ein|a Feind|hated seine|his rechte|right Hand|hand hat|has er|he geführt|stand wie|as ein|a Widersacher|enemy und|and hat|has erwürgt|slay alles|all was|what lieblich|pleasant anzusehen|to-the-sight war|eye und|and seinen|his Grimm|fury wie|as ein|a Feuer|fire ausgeschüttet|shed in|in der|the Hütte|tent der|the Tochter|daughter Zion|Zion
2:5	Der|the Herr|LORD ist|is gleich|like wie|as ein|a Feind|hated er|he hat|Israelites vertilgt|destroy Israel|Israelites er|he hat|has vertilgt|destroy alle|all ihre|their Paläste|PALACES und|and hat|has die|the Festen|hold verderbt|destroy er|he hat|has der|the Tochter|daughter Juda|Judah viel|many Klagens|heaviness und|and Leides|SORROW gemacht|multiply
2:6	Er|he hat|has sein|his Gezelt|tabernacle zerwühlt|violated wie|as einen|a Garten|garden und|and seine|his Wohnung|congregation verderbt|destroy der|the HERR|GOD hat|has zu|to Zion|Zion Feiertag|congregation und|and Sabbat|sabbath lassen|let vergessen|forget und|and in|in seinem|his grimmigen|indignation Zorn|anger König|royal und|and Priester|priest schänden|DISHONOR lassen|despise
2:7	Der|the Herr|LORD hat|has seinen|his Altar|altar verworfen|cast away und|and sein|his Heiligtum|sanctuary entweiht|abhorred er|he hat|has die|the Mauern|wall ihrer|their Paläste|PALACES in|in des|of-the Feindes|ENEMY'S Hände|by gegeben|shut daß|that sie|they im|in-the Hause|household des|of-the Herrn|GOD geschrieen|voice haben|put wie|as an|time einem|a Feiertag|congregation
2:8	Der|the HERR|GOD hat|has gedacht|count zu|to verderben|destroy die|the Mauer|wall der|the Tochter|daughter Zion|Zion er|he hat|has die|the Richtschnur|line darübergezogen|incline und|and seine|his Hand|by nicht|not abgewendet|return bis|until er|he sie|they vertilgte|destroy die|the Zwinger|wall stehen|together kläglich|MOURNFULLY und|and die|the Mauer|wall liegt|lies jämmerlich|PITIFULLY
2:9	Ihre|their Tore|gate liegen|remain tief|sink in|in der|the Erde|earth er|he hat|has die|the Riegel|bar zerbrochen|BROKEN und|break zunichte|DESTROYED gemacht|made Ihr|you König|royal und|and ihre|their Fürsten|prince sind|are unter|under den|the Heiden|nation wo|where sie|they das|the Gesetz|instructions nicht|law üben|PRACTICE können|find und|and ihre|their Propheten|prophet kein|no Gesicht|vision vom|from-the HERRN|GOD haben|have
2:10	Die|the Ältesten|elders der|the Tochter|daughter Zion|Zion liegen|dwell auf|on der|the Erde|earth und|and sind|are still|silence sie|they werfen|offer Staub|dust auf|on ihre|their Häupter|head und|and haben|have Säcke|sackcloth angezogen|gird die|the Jungfrauen|virgin von|from Jerusalem|Jerusalem hängen|descend ihr|you Häupter|head zur|to-the Erde|earth
2:11	Ich|I habe|have schier|consume meine|my Augen|eye ausgeweint|consume daß|that mir|me mein|my Leib|bowels davon|from-which wehe|PAIN tut|troubled meine|my Leber|liver ist|is auf|on die|the Erde|earth ausgeschüttet|shed über|over den|the Jammer|destruction der|the Tochter|daughter meines|my Volkes|nation da|then die|the Säuglinge|children und|and Unmündigen|suck auf|on den|the Gassen|street in|in der|the Stadt|city verschmachteten|overwhelmed
2:12	da|then sie|they so|then zu|to ihren|their Müttern|MOTHERS sprachen|said Wo|where ist|is Brot|corn und|and Wein|wine da|then sie|they auf|on den|the Gassen|street in|in der|the Stadt|town verschmachteten|overwhelmed wie|as die|the tödlich|MORTALLY Verwundeten|slay und|soul in|in den|the Armen|bosom ihrer|their Mütter|wombs den|the Geist|soul aufgaben|shed
2:13	Ach|oh du|you Tochter|daughter Jerusalem|Jerusalem wem|what soll|shall ich|I dich|you vergleichen|like und|and wofür|WHEREFORE soll|shall ich|I dich|you rechnen|testify Du|you Jungfrau|virgin Tochter|daughter Zion|Zion wem|to-whom soll|shall ich|I dich|you vergleichen|laid damit|thus ich|I dich|you trösten|bring-relief möchte|comfort Denn|for dein|your Schaden|destruction ist|is groß|great wie|as ein|a Meer|sea wer|who kann|can dich|you heilen|heal
2:14	Deine|your Propheten|prophet haben|have dir|you lose|vain und|and törichte|FOOLISH Gesichte|untempered gepredigt|see und|and dir|you deine|your Missetat|iniquity nicht|not geoffenbart|uncover damit|thus sie|they dein|your Gefängnis|captivity abgewandt|turned-away hätten|return sondern|but haben|have dir|you gepredigt|see lose|vain Predigt|burden damit|thus sie|they dich|you zum|as-a Lande|land hinaus|out predigten|PROPHESIED
2:15	Alle|all die|the vorübergehen|pass klatschen|clap mit|with den|the Händen|hand pfeifen|HISS dich|you an|hiss und|and schütteln|shake den|the Kopf|head über|over die|the Tochter|daughter Jerusalem|Jerusalem Ist|is das|the die|the Stadt|town von|from der|the man|one sagt|say sie|they sei|perfect die|the allerschönste|beauty der|the sich|joy das|the ganze|whole Land|land freut|joy
2:16	Alle|all deine|your Feinde|enemies sperren|open ihr|you Maul|mouth auf|on wider|against dich|you pfeifen|HISS dich|you an|hiss blecken|gnash die|the Zähne|teeth und|and sprechen|says He|HA wir|we haben|have sie|they vertilgt|destroy das|the ist|is der|the Tag|time den|the wir|we begehrt|DESIRED haben|wait wir|we haben|have s|IT erlangt|find wir|we haben|have s|IT erlebt|see
2:17	Der|the HERR|GOD hat|has getan|make was|what er|he vorhatte|thought er|he hat|has sein|his Wort|word erfüllt|gained das|the er|command längst|east zuvor|time geboten|commanded hat|command er|he hat|overthrow ohne|without Barmherzigkeit|pity zerstört|overthrow er|he hat|has den|the Feind|hated über|over dich|you erfreut|rejoice und|horn deiner|your Widersacher|enemy Horn|horn erhöht|exalt
2:18	Ihr|you Herz|heart schrie|cry zum|as-a Herrn|LORD O|OH du|you Mauer|wall der|the Tochter|daughter Zion|Zion laß|let Tag|day und|and Nacht|night Tränen|tear herabfließen|descend wie|as einen|a Bach|river höre|put nicht|not auf|rest und|and dein|your Augapfel|daughter lasse|bring-forth nicht|not ab|silence
2:19	Stehe|arise des|of-the Nachts|night auf|arise und|and schreie|sing schütte|shed dein|your Herz|heart aus|shed in|in der|the ersten|head Wache|WATCH gegen|against den|the Herrn|LORD wie|as Wasser|water hebe|bear deine|your Hände|hand gegen|toward ihn|him auf|on um|for der|the Seelen|persons willen|soul deiner|your jungen|young Kinder|children die|overwhelmed vor|before Hunger|famine verschmachten|overwhelmed vorn|head an|to allen|all Gassen|without
2:20	HERR|GOD schaue|see und|and siehe|look doch|please wen|whom du|you so|also verderbt|corrupt hast|glean Sollen|shall denn|for die|the Weiber|wives ihres|her Leibes|lifeblood Frucht|fruit essen|eat die|the Kindlein|children so|then man|one auf|on Händen|hands trägt|span Sollen|shall denn|for Propheten|prophet und|and Priester|priest in|in dem|the Heiligtum|sanctuary des|of-the Herrn|LORD erwürgt|killed werden|slay
2:21	Es|it lagen|lie in|in den|the Gassen|without auf|on der|the Erde|earth Knaben|servant und|and Alte|elders meine|my Jungfrauen|virgin und|and Jünglinge|young-men sind|are durchs|through-the Schwert|sword gefallen|fall Du|you hast|time erwürgt|slay am|on-the Tage|time deines|your Zorns|WRATH du|you hast|kill ohne|without Barmherzigkeit|pity geschlachtet|kill
2:22	Du|you hast|have meine|my Feinde|fear umher|circuits gerufen|call wie|as auf|time einen|a Feiertag|congregation daß|that niemand|no-one am|on-the Tage|time des|of-the Zorns|WRATH des|of-the HERRN|GOD entronnen|escape oder|or übriggeblieben|left ist|remain Die|the ich|I auf|on den|the Händen|hands getragen|span und|and erzogen|RAISED habe|multiply die|the hat|has der|the Feind|hated umgebracht|consume
3:1	Ich|I bin|am ein|man elender|affliction Mann|man der|the die|the Rute|tribe seines|his Grimmes|wrath sehen|see muß|see
3:2	Er|he hat|has mich|me geführt|lead und|and lassen|let gehen|go in|in die|the Finsternis|darkness und|and nicht|not in|in Licht|light
3:3	Er|he hat|return seine|his Hand|by gewendet|TURNED wider|against mich|return und|by handelt|by gar|very anders|turn mit|with mir|me für|for und|and für|time
3:4	Er|he hat|has mir|me Fleisch|flesh und|and Haut|skin alt|old gemacht|consume und|and mein|my Gebein|bone zerschlagen|break
3:5	Er|he hat|has mich|me verbaut|build und|and mich|me mit|with Galle|gall und|and Mühe|travel umgeben|compass
3:6	Er|he hat|has mich|dwell in|in Finsternis|darkness gelegt|dwell wie|as die|the so|then längst|ever tot|DEAD sind|ARE
3:7	Er|he hat|has mich|me vermauert|make daß|that ich|I nicht|not heraus|out kann|bring und|and mich|me in|in harte|HEAVY Fesseln|brass gelegt|honour
3:8	Und|and wenn|when ich|I gleich|cry schreie|CRY und|cried rufe|cry so|then stopft|STOPS er|stop die|the Ohren|ears zu|to vor|before meinem|my Gebet|prayer
3:9	Er|he hat|has meinen|my Weg|way vermauert|make mit|with Werkstücken|hewn und|and meinen|my Steig|path umgekehrt|iniquity
3:10	Er|he hat|has auf|on mich|me gelauert|LURKED wie|as ein|a Bär|bear wie|as ein|a Löwe|lion im|in-the Verborgenen|secretly
3:11	Er|he läßt|let mich|me des|of-the Weges|way fehlen|depart Er|he hat|has mich|me zerstückt|pull in pieces.pâshach und|and zunichte|desolate gemacht|put
3:12	Er|he hat|has seinen|his Bogen|bow gespannt|tread und|and mich|me dem|the Pfeil|arrow zum|as-a Ziel|prison gesteckt|stand
3:13	Er|he hat|has aus|from dem|the Köcher|QUIVER in|in meine|my Nieren|kidneys schießen|SHOOT lassen|let
3:14	Ich|I bin|nation ein|a Spott|laughter allem|all meinem|my Volk|nation und|Neginoth täglich|time ihr|you Liedlein|Neginoth
3:15	Er|he hat|has mich|me mit|with Bitterkeit|bitter gesättigt|satisfy und|and mit|with Wermut|wormwood getränkt|water
3:16	Er|he hat|has meine|my Zähne|teeth zu|to kleinen|SMALL Stücken|gravel zerschlagen|break Er|he wälzt|cover mich|me in|in der|the Asche|ashes
3:17	Meine|my Seele|soul ist|soul aus|from dem|the Frieden|peace vertrieben|cast away ich|I muß|must des|of-the Guten|good vergessen|forget
3:18	Ich|I sprach|said Mein|my Vermögen|ever ist|is dahin|there und|and meine|my Hoffnung|hope auf|on den|the HERRN|GOD
3:19	Gedenke|remember doch|remember wie|as ich|I so|then elend|affliction und|and verlassen|misery mit|with Wermut|wormwood und|and Galle|gall getränkt|DRENCHED bin|am
3:20	Du|you wirst|will ja|remember daran|by-this gedenken|inclined denn|for meine|my Seele|soul sagt|say mir|me es|remember
3:21	Das|heart nehme|return ich|I zu|to Herzen|heart darum|therefore hoffe|HOPE ich|I noch|hope
3:22	Die|the Güte|mercy des|of-the HERRN|GOD ist|is s|mercy daß|that wir|we nicht|not gar|very aus|from sind|consume seine|his Barmherzigkeit|kindness hat|mercy noch|still kein|no Ende|consume
3:23	sondern|but sie|they ist|is alle|all Morgen|morning neu|new und|and deine|your Treue|faithfulness ist|is groß|many
3:24	Der|the HERR|GOD ist|is mein|my Teil|portion spricht|it-is-said meine|my Seele|soul darum|therefore will|will ich|I auf|on ihn|him hoffen|hope
3:25	Denn|for der|the HERR|GOD ist|is freundlich|good dem|the der|the auf|on sie|they harrt|wait und|and der|the Seele|soul die|the nach|after ihm|him fragt|seek
3:26	Es|it ist|is ein|a köstlich|good Ding|good geduldig|PATIENT sein|hope und|and auf|on die|the Hilfe|silent des|of-the HERRN|GOD hoffen|salvation
3:27	Es|it ist|is ein|a köstlich|good Ding|good einem|a Mann|man daß|that er|he das|the Joch|yoke in|in seiner|his Jugend|youth trage|bear
3:28	daß|dwell ein|a Verlassener|FORSAKEN-ONE geduldig|PATIENT sei|silence wenn|when ihn|him etwas|anything überfällt|bare
3:29	und|put seinen|his Mund|mouth in|in den|the Staub|dust stecke|put und|is der|the Hoffnung|HOPE warte|hope
3:30	und|and lasse|bring-forth sich|put auf|on die|the Backen|cheek schlagen|smite und|and viel|satisfy Schmach|reproach anlegen|satisfy
3:31	Denn|for der|the Herr|LORD verstößt|CASTS-AWAY nicht|cast away ewiglich|ever
3:32	sondern|but er|he betrübt|bitter wohl|afflict und|and erbarmt|pity sich|himself wieder|back nach|multitude seiner|his Güte|mercy
3:33	Denn|for er|afflict nicht|not von|from Herzen|heart die|the Menschen|man plagt|afflict und|and betrübt|afflict
3:34	als|when wollte|to er|he die|the Gefangenen|prisoners auf|on Erden|earth gar|very unter|under seine|his Füße|feet zertreten|break
3:35	und|judgment eines|one Mannes|man Recht|judgment vor|face dem|the Allerhöchsten|High beugen|BEND lassen|incline
3:36	und|and eines|one Menschen|man Sache|cause verkehren|PERVERT lassen|pervert gleich|like als|when sähe|see es|it der|the Herr|LORD nicht|see
3:37	Wer|who darf|MAY denn|for sagen|say daß|that solches|this geschehe|HAPPENS ohne|command des|of-the Herrn|LORD Befehl|command
3:38	und|and daß|that nicht|bring Böses|evil und|and Gutes|good komme|come aus|bring dem|the Munde|mouth des|of-the Allerhöchsten|High
3:39	Wie|as murren|COMPLAIN denn|live die|the Leute|men im|in-the Leben|life also|live Ein|a jeglicher|man murre|COMPLAIN wider|against seine|his Sünde|sin
3:40	Und|and laßt|let uns|way erforschen|search und|and prüfen|search unser|our Wesen|way und|and uns|return zum|as-a HERRN|GOD bekehren|return
3:41	Laßt|let uns|us unser|our Herz|heart samt|along-with den|the Händen|hand aufheben|bear zu|to Gott|God im|in-the Himmel|heaven
3:42	Wir|we wir|we haben|have gesündigt|transgress und|and sind|are ungehorsam|REBELLIOUS gewesen|rebel darum|therefore hast|have du|you billig|RIGHTLY nicht|not verschont|forgive
3:43	sondern|but du|you hast|have uns|us mit|with Zorn|anger überschüttet|cover und|and verfolgt|pursue und|slay ohne|without Barmherzigkeit|pity erwürgt|slay
3:44	Du|you hast|have dich|you mit|with einer|one Wolke|cloud verdeckt|cover daß|that kein|no Gebet|prayer hindurch|THROUGH konnte|pass
3:45	Du|you hast|have uns|us zu|to Kot|offscouring und|and Unflat|refuse gemacht|put unter|among den|the Völkern|nation
3:46	Alle|all unsre|our Feinde|enemies sperren|open ihr|you Maul|mouth auf|on wider|against uns|open
3:47	Wir|we werden|be gedrückt|desolation und|and geplagt|destruction mit|with Schrecken|fear und|and Angst|pit
3:48	Meine|my Augen|eye rinnen|descend mit|with Wasserbächen|river über|over den|the Jammer|destruction der|the Tochter|daughter meines|my Volks|nation
3:49	Meine|my Augen|eye fließen|spilt und|and können|can nicht|not ablassen|cease denn|for es|it ist|is kein|no Aufhören|cease da|then
3:50	bis|until der|the HERR|GOD vom|from-the Himmel|heaven herabschaue|look uns|us sehe|see darein|see
3:51	Mein|my Auge|eye frißt|DEVOURS mir|glean das|the Leben|soul weg|glean um|for die|the Töchter|daughter meiner|my Stadt|town
3:52	Meine|my Feinde|enemies haben|have mich|bird gehetzt|hunt wie|as einen|a Vogel|bird ohne|without Ursache|causeless
3:53	sie|they haben|have mein|my Leben|live in|in einer|one Grube|pit fast|NEARLY umgebracht|destroy und|and Steine|stones auf|on mich|me geworfen|praise
3:54	sie|they haben|have mein|my Haupt|head mit|with Wasser|water überschüttet|flow da|then sprach|said ich|I Nun|now bin|am ich|I gar|very dahin|divide
3:55	Ich|name rief|call aber|but deinen|your Namen|name an|call HERR|GOD unten|lower aus|lowest der|the Grube|pit
3:56	und|and du|voice erhörtest|hear meine|my Stimme|voice Verbirg|hide deine|your Ohren|ears nicht|not vor|before meinem|my Seufzen|respite und|and Schreien|cry
3:57	Du|you nahest|DREW-NEAR dich|you zu|to mir|offer wenn|time ich|I dich|you anrufe|call und|and sprichst|SAY Fürchte|fear dich|fear nicht|not
3:58	Du|cause führest|plead Herr|LORD die|the Sache|cause meiner|my Seele|soul und|live erlösest|redeem mein|my Leben|live
3:59	Du|you siehest|see HERR|GOD wie|as mir|me so|plead Unrecht|wrong geschieht|plead hilf|HELP mir|me zu|to meinem|my Recht|judgment
3:60	Du|vengeance siehst|see alle|all ihre|their Rache|vengeance und|and alle|all ihre|their Gedanken|thought wider|against mich|me
3:61	HERR|GOD du|reproach hörest|hear ihr|you Schmähen|reproach und|and alle|all ihre|their Gedanken|thought über|over mich|me
3:62	die|the Lippen|lip meiner|my Widersacher|arise und|and ihr|you dichten|Higgaion wider|against mich|me täglich|time
3:63	Schaue|LOOK doch|look sie|they sitzen|dwell oder|or stehen|standing auf|rising up so|then singen|songs sie|they von|from mir|me ein|a Liedlein|SONG
3:64	Vergilt|REPAY ihnen|return HERR|GOD wie|as sie|work verdient|DESERVED haben|by
3:65	Laß|put ihnen|sorrow das|the Herz|heart erschrecken|put laß|let sie|they deinen|your Fluch|curse fühlen|FEEL
3:66	Verfolge|pursue sie|they mit|with deinem|your Grimm|fury und|and vertilge|destroy sie|they unter|under dem|the Himmel|heaven des|of-the HERRN|GOD
4:1	Wie|as ist|is das|the Gold|gold so|then gar|very verdunkelt|hide und|good das|the feine|FINE Gold|gold so|then häßlich|ugly geworden|change und|and liegen|remain Steine|stones des|of-the Heiligtums|holy vorn|head auf|on allen|all Gassen|without zerstreut|shed
4:2	Die|the edlen|precious Kinder|CHILDREN Zions|Zion dem|the Golde|fine gleich|like geachtet|comparable wie|as sind|are sie|they nun|count den|the irdenen|earthen Töpfen|psalteries gleich|count die|work ein|a Töpfer|form macht|by
4:3	Auch|deliver Schakale|dragon reichen|deliver die|the Brüste|breast ihren|their Jungen|whelp und|and säugen|suck sie|they aber|but die|the Tochter|daughter meines|my Volks|nation muß|must unbarmherzig|MERCILESS sein|his wie|as ein|a Strauß|ostrich in|in der|the Wüste|wilderness
4:4	Dem|the Säugling|suck klebt|cleave seine|his Zunge|tongue am|on-the Gaumen|mouth vor|before Durst|thirst die|the jungen|young Kinder|children heischen|ask Brot|bread und|and ist|is niemand|no-one der|the es|it ihnen|them breche|spread
4:5	Die|the zuvor|former leckere|royal Speisen|delicately aßen|ate verschmachten|desolate jetzt|was-giving-birth auf|on den|the Gassen|without die|the zuvor|former in|in Scharlach|scarlet erzogen|RAISED sind|are die|the müssen|must jetzt|embrace im|in-the Kot|DUNG liegen|embrace
4:6	Die|the Missetat|iniquity der|the Tochter|daughter meines|my Volks|nation ist|is größer|magnify denn|for die|the Sünde|sin Sodoms|Sodom die|the plötzlich|moment umgekehrt|OVERTHROWN ward|turn und|by kam|pain keine|no Hand|by dazu|also
4:7	Ihre|their Fürsten|Nazarite waren|were reiner|pure denn|for der|the Schnee|snow und|and klarer|whiter denn|for Milch|milk ihre|their Gestalt|bone war|was rötlicher|REDDER denn|for Korallen|rubies ihr|you Ansehen|polishing war|was wie|as Saphir|sapphire
4:8	Nun|now aber|but ist|is ihre|their Gestalt|form so|then dunkel|darken vor|before Schwärze|coal daß|that man|know sie|they auf|on den|the Gassen|STREETS nicht|without kennt|know ihre|their Haut|skin hängt|cleaveth an|to den|the Gebeinen|bone und|and sind|are so|then dürr|withered wie|as ein|a Scheit|tree
4:9	Den|the Erwürgten|slay durchs|through-the Schwert|sword geschah|happened besser|good als|when denen|slay so|then da|then Hungers|HUNGER starben|famine die|walk verschmachteten|flow und|and umgebracht|KILLED wurden|pierced vom|from-the Mangel|LACK der|the Früchte|fruit des|of-the Ackers|field
4:10	Es|by haben|child die|the barmherzigsten|pitiful Weiber|wives ihre|their Kinder|child selbst|itself müssen|must kochen|seethe daß|that sie|they zu|to essen|eat hätten|eat im|in-the Jammer|destruction der|the Tochter|daughter meines|my Volks|nation
4:11	Der|the HERR|GOD hat|has seinen|his Grimm|fury vollbracht|consume er|he hat|fierce seinen|his grimmigen|fierce Zorn|anger ausgeschüttet|shed er|he hat|has zu|to Zion|Zion ein|a Feuer|fire angesteckt|kindle das|the auch|also ihre|their Grundfesten|foundation verzehrt|have-eaten hat|has
4:12	Es|it hätten|had s|IT die|the Könige|royal auf|on Erden|earth nicht|not geglaubt|BELIEVED noch|still alle|all Leute|dwell in|in der|the Welt|world daß|that der|the Widersacher|enemy und|and Feind|hated sollte|would zum|as-a Tor|gate Jerusalems|Jerusalem einziehen|ENTER
4:13	Es|it ist|is aber|but geschehen|happened um|for der|the Sünden|sins willen|sin ihrer|their Propheten|prophet und|and um|for der|the Missetaten|INIQUITIES willen|iniquity ihrer|their Priester|priest die|the darin|among der|the Gerechten|righteous Blut|blood vergossen|shed
4:14	Sie|they gingen|went hin|away und|and her|shake auf|on den|the Gassen|without wie|as die|the Blinden|blind und|and waren|were mit|with Blut|blood besudelt|pollute daß|that man|one auch|not ihre|their Kleider|clothing nicht|not anrühren|touch konnte|could
4:15	man|one rief|call sie|they an|to Weicht|depart ihr|you Unreinen|unclean weicht|depart weicht|depart rührt|TOUCH nichts|nothing an|touch Wenn|when sie|they flohen|bud und|and umherirrten|shake so|then sagte|told man|one auch|also unter|under den|the Heiden|nation Sie|they sollten|should nicht|not länger|more dableiben|sojourn
4:16	Des|of-the HERRN|GOD Zorn|face hat|has sie|they zerstreut|divide er|he will|will sie|they nicht|not mehr|more ansehen|look Die|the Priester|priest ehrte|HONORED man|one nicht|bear und|and mit|with den|the Alten|elders übte|SHOWED man|one keine|no Barmherzigkeit|mercy
4:17	Noch|still gafften|consume unsre|our Augen|eye auf|on die|the nichtige|vanity Hilfe|help bis|until sie|they müde|exhausted wurden|watchman da|then wir|we warteten|watching auf|on ein|a Volk|nation das|the uns|us doch|please nicht|not helfen|HELP konnte|save
4:18	Man|step jagte|hunt uns|step daß|that wir|we auf|on unsern|our Gassen|street nicht|not gehen|go durften|go Da|then kam|came auch|offer unser|our Ende|end unsre|our Tage|time sind|are aus|fill unser|our Ende|end ist|is gekommen|come
4:19	Unsre|our Verfolger|pursue waren|were schneller|swift denn|for die|the Adler|eagle unter|under dem|the Himmel|heaven auf|on den|the Bergen|mountain haben|have sie|they uns|us verfolgt|pursue und|and in|in der|the Wüste|wilderness auf|on uns|us gelauert|LURKED
4:20	Der|wind Gesalbte|anointed des|of-the HERRN|GOD der|the unser|our Trost|COMFORT war|was ist|is gefangen|taken-captive worden|take da|then sie|they uns|us verstörten|destruction des|of-the wir|we uns|us trösteten|comfort wir|we wollten|wanted unter|under seinem|his Schatten|shadow leben|live unter|under den|the Heiden|nation
4:21	Ja|yes freue|REJOICE dich|rejoice und|and sei|be fröhlich|rejoice du|you Tochter|daughter Edom|Edom die|the du|you wohnst|dwell im|in-the Lande|land Uz|Uz denn|for der|the Kelch|cup wird|will auch|also über|over dich|you kommen|pass du|you mußt|will auch|also trunken|drunken und|and entblößt|STRIPPED werden|uncover
4:22	Aber|but deine|your Missetat|iniquity hat|has ein|a Ende|consume du|you Tochter|daughter Zion|Zion er|he wird|will dich|you nicht|not mehr|more lassen|let wegführen|uncover Aber|but deine|your Missetat|iniquity du|you Tochter|daughter Edom|Edom wird|will er|he heimsuchen|number und|and deine|your Sünden|sin aufdecken|uncover
5:1	Gedenke|remember HERR|GOD wie|as es|it uns|us geht|goes schaue|look und|and siehe|see an|to unsre|our Schmach|reproach
5:2	Unser|our Erbe|inheritance ist|is den|the Fremden|stranger zuteil|GIVEN geworden|turn und|and unsre|our Häuser|household den|the Ausländern|stranger
5:3	Wir|we sind|are Waisen|fatherless und|and haben|have keinen|no Vater|father unsre|our Mütter|wombs sind|are Witwen|WIDOWS
5:4	Unser|our Wasser|water müssen|must wir|we um|for Geld|silver trinken|drink unser|our Holz|tree muß|must man|one bezahlt|price bringen|bring lassen|let
5:5	Man|one treibt|DRIVES uns|pursue über|over Hals|neck und|and wenn|when wir|we schon|already müde|exhausted sind|weary läßt|let man|one uns|us doch|please keine|no Ruhe|rest
5:6	Wir|we haben|have uns|us müssen|must Ägypten|Egypt und|and Assur|Assyria ergeben|put auf|on daß|that wir|we Brot|bread satt|full zu|to essen|eat haben|satisfy
5:7	Unsre|our Väter|fathers haben|have gesündigt|sin und|and sind|are nicht|not mehr|more vorhanden|around und|and wir|we müssen|carry ihre|their Missetaten|iniquity entgelten|carry
5:8	Knechte|servant herrschen|rule über|over uns|us und|and ist|is niemand|no-one der|the uns|us von|from ihrer|their Hand|by errette|break
5:9	Wir|we müssen|must unser|our Brot|bread mit|with Gefahr|PERIL unsers|our Lebens|soul holen|brought vor|face dem|the Schwert|sword in|in der|the Wüste|wilderness
5:10	Unsre|our Haut|skin ist|is verbrannt|yearn wie|as in|in einem|a Ofen|oven vor|face dem|the greulichen|horrible Hunger|famine
5:11	Sie|they haben|have die|the Weiber|wives zu|to Zion|Zion geschwächt|afflict und|and die|the Jungfrauen|virgin in|in den|the Städten|town Juda|Judah s|Judah
5:12	Die|the Fürsten|prince sind|are von|from ihnen|by gehenkt|hang und|and die|the Person|face der|the Alten|elders hat|has man|one nicht|not geehrt|honour
5:13	Die|the Jünglinge|young-men haben|have Mühlsteine|grind müssen|must tragen|bear und|and die|the Knaben|servant über|over dem|the Holztragen|tree straucheln|fall
5:14	Es|it sitzen|cease die|the Alten|elders nicht|not mehr|cease unter|under dem|the Tor|gate und|and die|the Jünglinge|young-men treiben|lead kein|no Saitenspiel|MUSIC mehr|Neginoth
5:15	Unsers|our Herzens|heart Freude|joy hat|has ein|a Ende|cease unser|our Reigen|dance ist|is in|in Wehklagen|MOURNING verkehrt|turn
5:16	Die|the Krone|crown unsers|our Hauptes|head ist|is abgefallen|fall O|OH weh|PAIN daß|that wir|we so|then gesündigt|sinned haben|sin
5:17	Darum|therefore ist|is auch|also unser|our Herz|heart betrübt|faint und|and unsre|our Augen|eyes sind|eye finster|dark geworden|darken
5:18	um|for des|of-the Berges|mountain Zion|Zion willen|sake daß|that er|he so|then wüst|formless liegt|desolate daß|that die|the Füchse|fox darüber|over-it laufen|go
5:19	Aber|but du|you HERR|GOD der|the du|dwell ewiglich|ever bleibst|dwell und|and dein|your Thron|throne für|generation und|and für|generation
5:20	warum|why willst|will du|you unser|our so|then gar|ever vergessen|forget und|and uns|us lebenslang|FOREVER so|then gar|time verlassen|forsake
5:21	Bringe|bring uns|return HERR|GOD wieder|back zu|to dir|you daß|that wir|we wieder|back heimkommen|return erneuere|renew unsre|our Tage|time wie|as vor|before alters|east
5:22	Denn|for du|you hast|have uns|despise verworfen|despise und|and bist|are allzusehr|very über|over uns|us erzürnt|wroth
